# Mesh Generated with CSM Cube
# www.csm.ai

mtllib mesh.mtl
o mesh
v -0.022051 0.372898 -0.310305
v -0.008030 0.101691 0.268462
v 0.240672 0.687427 0.263925
v 0.283298 0.658334 0.178628
v 0.327561 0.555507 0.103887
v 0.298138 0.655751 -0.212983
v -0.182749 0.578116 0.265290
v -0.300013 0.665026 -0.074488
v -0.307798 0.670830 0.073227
v -0.117548 0.370596 -0.293169
v -0.122352 0.368027 -0.288536
v 0.269701 0.587780 -0.147228
v -0.025746 0.238574 -0.264560
v -0.012175 0.242740 -0.263413
v -0.158333 0.123816 -0.286232
v 0.062534 0.599759 0.310792
v -0.226413 0.544928 0.310755
v -0.203651 0.621397 0.310719
v -0.234290 0.605083 0.310815
v -0.232182 0.655801 0.310452
v -0.185381 0.502838 0.310667
v -0.285352 0.542113 0.310677
v -0.302572 0.502841 0.310726
v -0.327535 0.529165 0.309696
v -0.294541 0.606348 0.310573
v 0.053429 0.502805 0.309213
v 0.159080 0.545455 0.310310
v 0.126393 0.563431 0.310602
v 0.100123 0.602868 0.310933
v 0.126581 0.748947 0.310523
v 0.099141 0.750707 0.310960
v -0.305352 0.641611 0.303872
v -0.328281 0.665311 0.299068
v -0.294561 0.747158 0.288589
v -0.321666 0.498065 0.292286
v 0.166832 0.563447 0.295652
v 0.214270 0.539616 0.295408
v 0.181493 0.519704 0.295970
v 0.191522 0.497452 0.293825
v 0.136526 0.640579 0.293869
v 0.245959 0.607892 0.278536
v -0.307854 0.000609 -0.058379
v -0.351399 0.000091 -0.213010
v -0.347922 0.000528 -0.108256
v -0.351534 0.000231 0.014264
v -0.299330 0.000563 -0.335629
v -0.208730 0.002076 -0.280963
v -0.343337 0.001346 0.047170
v -0.348480 0.000857 0.139352
v -0.304832 0.002270 0.185078
v -0.347622 0.001107 0.252283
v -0.319764 0.001687 0.261220
v -0.012102 0.002130 0.290531
v -0.141790 0.001583 0.286933
v -0.000841 0.000678 0.349778
v 0.063426 0.000000 0.347740
v 0.123784 0.001607 0.340432
v 0.203118 0.001194 0.301363
v 0.242069 0.000911 0.219726
v 0.292634 0.002715 0.269761
v 0.351534 0.000282 0.256784
v -0.237367 0.012235 -0.333699
v -0.069263 0.330696 -0.247238
v -0.035038 0.195062 -0.246994
v -0.163498 0.134018 -0.245978
v -0.114297 0.333932 -0.261021
v -0.038816 0.288688 -0.261461
v -0.153676 0.143083 -0.261884
v -0.308561 0.250633 -0.046349
v -0.309171 0.402708 0.017253
v -0.308747 0.323915 0.040274
v -0.010661 0.132155 0.258867
v -0.166150 0.203802 0.258259
v -0.136056 0.333152 0.258287
v -0.033321 0.282228 0.259406
v -0.058742 0.321230 -0.322253
v -0.085245 0.385948 -0.318238
v 0.010825 0.253236 -0.324453
v -0.097313 0.341354 -0.322713
v 0.022766 0.289132 -0.316690
v -0.159800 0.353614 -0.322139
v -0.141500 0.307621 -0.323901
v -0.154631 0.265319 -0.324742
v -0.199329 0.294489 -0.323645
v 0.025611 0.145333 -0.323542
v -0.199270 0.203223 -0.324246
v -0.204237 0.148436 -0.315356
v -0.138004 0.382620 -0.309167
v 0.055217 0.617710 -0.292025
v 0.102350 0.615666 -0.321385
v 0.082957 0.636102 -0.297949
v 0.128731 0.553355 -0.322578
v -0.056393 0.552210 -0.322734
v -0.132026 0.552866 -0.322162
v -0.031159 0.656666 -0.323162
v -0.157659 0.653764 -0.322604
v -0.131571 0.654847 -0.320265
v -0.146015 0.545150 -0.326011
v -0.163113 0.594765 -0.321122
v -0.238640 0.554545 -0.321504
v -0.233600 0.611824 -0.321935
v -0.321050 0.542645 -0.323932
v -0.216656 0.544596 -0.325121
v -0.318411 0.503128 -0.321676
v -0.073469 0.531226 -0.325883
v -0.002616 0.506996 -0.325289
v -0.178456 0.505745 -0.322914
v -0.069849 0.545842 -0.326265
v 0.140973 0.545101 -0.328526
v 0.141375 0.505477 -0.328512
v -0.203025 0.618821 -0.317262
v -0.235823 0.654438 -0.321723
v 0.243121 0.546487 -0.293255
v 0.155999 0.622507 -0.312267
v 0.188135 0.614072 -0.305055
v 0.235577 0.552629 -0.291102
v 0.255147 0.551227 -0.286433
v 0.264749 0.609129 -0.284316
v 0.321322 0.548525 -0.263464
v 0.320675 0.610743 -0.263801
v 0.325083 0.506759 -0.261633
v 0.297782 0.619047 -0.264395
v 0.040263 0.494412 -0.316097
v 0.134119 0.487820 -0.314060
v -0.272181 0.483699 -0.299783
v 0.238027 0.488140 -0.271717
v -0.025007 0.484951 -0.301817
v 0.082651 0.487317 -0.306790
v -0.208840 0.298470 -0.311411
v -0.207986 0.222488 -0.312534
v 0.009716 0.429894 -0.309606
v -0.126573 0.430308 -0.306977
v -0.264911 0.375137 -0.305950
v -0.287917 0.441819 -0.300688
v 0.089584 0.368426 -0.316882
v 0.043474 0.295537 -0.316844
v 0.126045 0.304293 -0.322388
v 0.122405 0.218693 -0.325386
v 0.054146 0.176396 -0.322830
v 0.117950 0.144476 -0.327079
v 0.132825 0.431452 -0.318930
v -0.320188 0.304905 -0.303030
v -0.276030 0.223852 -0.308463
v 0.154474 0.206911 -0.313521
v 0.166853 0.425459 -0.305543
v 0.230646 0.145543 -0.283044
v 0.248175 0.181751 -0.276244
v 0.204148 0.279789 -0.288304
v 0.329775 0.306380 -0.241400
v 0.224077 0.410288 -0.279302
v 0.265067 0.466177 -0.260389
v 0.235121 0.115285 -0.295889
v 0.114358 0.117581 -0.344447
v 0.185076 0.067555 -0.320733
v 0.309603 0.069009 -0.274496
v 0.109938 0.062390 -0.349778
v 0.002277 0.067906 -0.346353
v -0.024525 0.123422 -0.341848
v -0.074006 0.067812 -0.347806
v -0.130194 0.122416 -0.338463
v -0.130771 0.066572 -0.337138
v -0.165001 0.083335 -0.341991
v -0.226832 0.122137 -0.335199
v -0.299684 0.068701 -0.333078
v -0.338524 0.063155 -0.325993
v 0.236730 0.036385 -0.299661
v 0.216417 0.004546 -0.302435
v -0.337417 0.202470 -0.056126
v -0.337027 0.371046 0.052525
v -0.337709 0.403441 -0.042023
v -0.337390 0.186785 0.007327
v -0.338367 0.171354 0.048796
v -0.344700 0.068587 -0.057483
v -0.342423 0.113956 0.039354
v -0.346089 0.000561 -0.050748
v -0.345039 0.069128 -0.111894
v -0.346369 0.067198 -0.226954
v -0.346730 0.115488 -0.154681
v -0.345400 0.120379 -0.062884
v -0.346790 0.118792 -0.254185
v -0.346281 0.001018 -0.283333
v -0.344017 0.066685 0.108064
v -0.344518 0.064974 0.226214
v -0.346772 0.063230 0.309794
v -0.332607 0.144863 0.052595
v -0.333429 0.146645 -0.155361
v -0.325250 0.410047 -0.005514
v -0.327716 0.383449 -0.057165
v -0.332664 0.118666 -0.327468
v -0.330929 0.219160 -0.061501
v -0.324217 0.144376 -0.307056
v -0.102990 0.140478 0.260742
v -0.023434 0.140527 0.260934
v -0.148642 0.295626 0.260143
v -0.114630 0.331853 0.260516
v -0.337435 0.119407 0.169016
v -0.336827 0.100784 0.133522
v -0.335915 0.007185 0.153519
v -0.334281 0.090339 0.042774
v -0.329991 0.136033 0.134866
v -0.326391 0.138715 0.301413
v -0.321953 0.144540 0.154842
v 0.314175 0.618260 0.020839
v 0.315557 0.557687 0.058601
v 0.314874 0.596534 0.127954
v 0.330590 0.541233 -0.039864
v 0.315811 0.564944 -0.106652
v 0.315143 0.615304 -0.101804
v 0.330248 0.542415 -0.225469
v 0.329895 0.579768 -0.250209
v 0.330419 0.542238 0.130973
v 0.330702 0.540524 0.240885
v 0.330721 0.505826 0.238823
v 0.314881 0.613824 -0.223202
v 0.328882 0.571489 0.130718
v 0.315885 0.564705 0.221542
v 0.310531 0.623411 0.140159
v 0.303393 0.628045 0.165496
v 0.318240 0.555187 0.146593
v 0.305841 0.657908 0.184580
v 0.329851 0.654435 -0.253054
v 0.327391 0.652726 0.247442
v 0.327014 0.648038 0.231499
v 0.332781 0.640806 -0.091843
v 0.305829 0.664770 0.246806
v 0.294181 0.713273 0.232799
v 0.298740 0.747326 0.235000
v 0.287513 0.619555 -0.191293
v 0.302290 0.747538 -0.019196
v 0.324534 0.748460 -0.044143
v 0.328815 0.751367 -0.030728
v 0.331012 0.757334 -0.222538
v 0.103901 0.002582 0.324801
v 0.110135 0.092568 0.329555
v -0.245228 0.087137 0.324051
v -0.308584 0.088313 0.316322
v 0.142642 0.001778 0.311460
v 0.178436 0.091219 0.300881
v 0.338168 0.010520 0.248927
v 0.068912 0.002394 0.323090
v -0.071006 0.489435 0.256496
v 0.124762 0.488322 0.303913
v -0.142119 0.488788 0.256082
v 0.212067 0.489659 0.225667
v 0.310833 0.489637 0.236955
v -0.004980 0.487957 0.298054
v 0.283994 0.495741 0.136648
v 0.311528 0.487947 -0.091965
v 0.311907 0.493373 -0.140395
v 0.247169 0.490126 -0.250913
v 0.189449 0.492677 -0.259307
v 0.191620 0.489117 -0.286198
v 0.071002 0.489598 -0.260039
v 0.134082 0.489524 -0.305969
v 0.012139 0.490279 -0.295255
v -0.077281 0.487690 -0.292232
v -0.225378 0.488907 -0.260577
v -0.228772 0.486706 -0.292582
v -0.313138 0.483585 -0.140868
v -0.312102 0.489811 -0.052007
v -0.283260 0.488602 0.023162
v -0.312760 0.484241 0.026689
v -0.277653 0.481604 0.068770
v -0.313726 0.482473 0.134693
v -0.313206 0.490426 0.267527
v 0.140988 0.537034 0.281604
v 0.058992 0.496307 0.283901
v 0.149213 0.497052 0.282568
v -0.109396 0.537497 0.280350
v 0.236050 0.533426 0.251178
v 0.231990 0.497572 0.254193
v 0.289751 0.498071 0.240163
v -0.290295 0.535276 0.259221
v -0.054425 0.650796 0.275652
v -0.029117 0.745057 0.263050
v 0.329773 0.746710 -0.044565
v 0.294602 0.746476 -0.002516
v 0.304076 0.746025 -0.189576
v 0.286092 0.745996 -0.177945
v 0.311489 0.746224 -0.213576
v 0.285594 0.746386 0.042617
v 0.324520 0.746260 0.232326
v 0.307851 0.745844 0.229561
v 0.286277 0.745996 -0.031410
v 0.186417 0.747697 0.299743
v 0.252146 0.746812 0.237575
v 0.147691 0.746829 0.275682
v 0.128252 0.746719 0.315714
v -0.074787 0.747141 0.321408
v 0.084473 0.747164 0.290175
v -0.150931 0.746386 0.281805
v -0.254586 0.747023 0.294877
v -0.205500 0.746340 0.280361
v 0.290970 0.748529 -0.009526
v 0.249988 0.532144 -0.030540
v 0.303983 0.531445 0.097319
v 0.249535 0.531572 0.144705
v 0.296821 0.532457 0.232909
v 0.135790 0.537420 0.249561
v 0.040587 0.540331 0.233726
v 0.040336 0.536022 0.281555
v 0.125143 0.537727 -0.287688
v 0.030547 0.542986 0.250277
v 0.132649 0.535351 -0.251068
v -0.041065 0.542765 0.242486
v -0.134789 0.538970 0.231117
v -0.189449 0.541503 0.257973
v -0.244801 0.539049 0.278877
v 0.338922 0.098101 0.239902
v 0.040008 0.102027 0.281354
v 0.039375 0.102434 0.327192
v 0.022251 0.103291 0.316290
v 0.322764 0.089506 -0.177356
v -0.334610 0.074636 -0.125048
v -0.334766 0.074716 -0.223564
v -0.332711 0.008049 -0.046206
v -0.331611 0.005335 -0.224054
v -0.080176 0.602426 0.226913
v 0.033467 0.602619 0.258835
v -0.229769 0.604048 0.266677
v -0.281357 0.601591 0.255196
v 0.131817 0.595887 0.228657
v 0.184223 0.608589 0.249714
v 0.221180 0.012093 -0.289803
v 0.238928 0.005248 -0.249957
v 0.133841 0.000436 -0.285353
v 0.289646 0.006471 -0.210098
v 0.323248 0.003591 -0.123061
v 0.340297 0.006362 -0.108432
v 0.254138 0.007315 0.265748
v 0.181987 0.005518 0.252887
v 0.161996 0.013989 0.300678
v 0.095001 0.004396 -0.292366
v 0.088003 0.013847 -0.338765
v -0.034895 0.005901 -0.286685
v -0.152913 0.013437 -0.313863
v -0.181262 0.016943 -0.331356
v -0.295260 0.009566 -0.323071
v -0.297463 0.000539 -0.288431
v -0.328493 0.007367 -0.309342
v -0.318196 0.000789 -0.215822
v -0.090144 0.018454 -0.337021
v -0.314696 0.005866 -0.118766
v -0.309580 0.008220 -0.043452
v -0.133715 0.027121 -0.327929
v -0.294627 0.610457 0.155130
v -0.283333 0.555084 0.065995
v -0.325726 0.094384 -0.276082
v -0.307746 0.102094 -0.052006
v -0.263614 0.094643 -0.309357
v -0.246746 0.108943 -0.327529
v -0.335148 0.752215 0.117799
v -0.337212 0.766937 0.021164
v -0.335003 0.753324 -0.063839
v -0.337159 0.766591 -0.070272
v -0.334224 0.753605 -0.242985
v -0.333970 0.752584 0.284023
v -0.335670 0.767398 -0.233934
v -0.329937 0.746468 0.209643
v -0.328122 0.746100 -0.148336
v -0.328847 0.746547 0.036672
v -0.296031 0.745951 0.294100
v -0.305556 0.682479 0.283792
v -0.295202 0.662313 0.298146
v -0.299940 0.746303 -0.188407
v -0.247005 0.004695 0.288926
v -0.062576 0.005219 0.299743
v -0.129295 0.005831 0.331728
v -0.246774 0.005384 0.324289
v -0.335924 0.005305 0.262342
v -0.333419 0.009773 0.315237
v -0.016618 0.013463 0.328814
v 0.064372 0.009040 0.328907
v -0.314582 0.003056 0.109904
v -0.149189 0.698124 -0.286499
v -0.173737 0.616744 -0.288887
v -0.126431 0.654334 -0.286898
v -0.060110 0.662768 -0.286861
v -0.122348 0.620854 -0.295212
v -0.160131 0.292885 -0.246671
v -0.161932 0.122649 -0.296490
v -0.152947 0.299673 -0.315806
v -0.115691 0.335942 -0.251686
v 0.326084 0.610932 0.102447
v -0.064447 0.739778 0.267510
v -0.062747 0.661982 0.269291
v -0.211851 0.743689 0.274002
v -0.174888 0.748598 0.263000
v -0.058565 0.757808 0.262715
v -0.249218 0.750048 0.258021
v -0.169126 0.786950 0.267749
v -0.133759 0.760356 0.266791
v -0.054990 0.704708 0.257913
v -0.018517 0.754221 0.259954
v 0.031923 0.643012 0.253297
v 0.055850 0.644593 0.272644
v 0.081803 0.644727 0.284335
v 0.106368 0.643378 0.229657
v -0.015686 0.642705 0.257460
v -0.058292 0.642609 0.258518
v -0.161363 0.643357 0.265467
v 0.061185 0.655933 0.289349
v -0.126598 0.143230 -0.319920
v -0.019657 0.143036 -0.324469
v 0.113260 0.603427 -0.227772
v 0.248637 0.603818 -0.175917
v -0.268331 0.602160 -0.247072
v 0.248543 0.602480 -0.063486
v 0.249430 0.599705 0.073629
v -0.158724 0.649087 -0.273063
v -0.141617 0.744385 -0.274147
v -0.064228 0.738849 -0.275426
v -0.064468 0.645930 -0.275393
v -0.146941 0.751760 -0.271147
v -0.197475 0.779613 -0.275162
v -0.212713 0.748246 -0.268267
v -0.057870 0.750800 -0.269077
v -0.181240 0.658542 -0.279543
v -0.246857 0.651600 -0.263919
v -0.040655 0.743861 -0.262585
v -0.276520 0.752148 -0.241580
v -0.269535 0.704095 -0.242130
v -0.262671 0.648149 -0.245326
v -0.006546 0.329197 0.282391
v -0.026450 0.186733 0.284340
v 0.021748 0.245075 0.285172
v 0.023832 0.150325 0.281371
v 0.015719 0.106064 0.303688
v 0.023917 0.642772 -0.234403
v 0.162283 0.644113 -0.233926
v 0.022222 0.643948 -0.256160
v 0.213329 0.646443 -0.246949
v -0.150252 0.644870 -0.235059
v -0.114193 0.647557 -0.276449
v 0.246742 0.747092 -0.096838
v 0.271813 0.745866 -0.080693
v 0.273835 0.746291 -0.179799
v 0.246592 0.747782 0.031200
v 0.276258 0.745224 0.059981
v 0.245748 0.746279 -0.191536
v 0.221815 0.744114 -0.245018
v 0.093360 0.663078 0.268216
v 0.093736 0.744520 0.305894
v 0.094232 0.610371 0.307270
v 0.093494 0.748471 0.282028
v 0.299189 0.671867 -0.235739
v -0.274375 0.647940 -0.132291
v -0.269216 0.647211 -0.013980
v -0.245981 0.645663 -0.083759
v -0.248159 0.645107 0.129477
v -0.293113 0.652061 -0.240860
v -0.298989 0.652136 -0.205148
v 0.256991 0.556609 0.029905
v 0.127507 0.737040 -0.267213
v 0.127741 0.610449 -0.312155
v 0.252241 0.576243 -0.131331
v 0.259650 0.564232 -0.065338
v 0.247170 0.552036 -0.034582
v 0.248798 0.536309 -0.211789
v -0.138254 0.553389 0.260715
v -0.182646 0.552455 0.253929
v 0.247156 0.645883 -0.188692
v 0.250049 0.629741 -0.190981
v 0.141996 0.743360 -0.274871
v 0.180650 0.679942 -0.269462
v 0.254532 0.706168 -0.235414
v -0.307071 0.102515 0.051030
v -0.339165 0.103054 0.050226
v -0.039052 0.136702 0.301643
v -0.038544 0.105449 0.322539
v -0.251986 0.649310 0.296488
v -0.247572 0.643382 0.268604
v -0.309517 0.058179 -0.010974
v -0.308767 0.000915 0.049394
v -0.308315 0.093981 0.042353
v -0.040061 0.279312 0.260361
v -0.030324 0.188965 0.261073
v -0.036203 0.211323 0.283864
v -0.038135 0.147954 0.282534
v -0.053285 0.309737 0.260529
v 0.120249 0.737984 -0.257675
v 0.092694 0.731718 -0.267266
v 0.133654 0.778345 -0.299348
v 0.123946 0.644795 -0.258424
v 0.080107 0.746296 -0.291651
v 0.166801 0.743900 -0.246409
v 0.196623 0.756904 -0.232830
v -0.204136 0.194762 -0.274497
v -0.200729 0.142020 -0.296515
v -0.203387 0.309767 -0.304153
v -0.216019 0.129289 -0.319017
v -0.193239 0.329015 -0.303253
v -0.193278 0.205182 -0.262495
v -0.189246 0.137855 -0.265633
v -0.295078 0.746398 0.233929
v -0.283955 0.645577 0.245312
v -0.303485 0.640351 0.263783
v -0.326510 0.621070 0.265983
v -0.325132 0.654843 0.265415
v -0.336995 0.653887 0.279737
v -0.319857 0.695172 0.294669
v -0.306222 0.746568 0.280503
v -0.185545 0.594058 0.226847
v -0.268185 0.599854 0.274692
v -0.253884 0.603602 0.271392
v -0.203246 0.592884 0.277274
v -0.262780 0.597817 0.283145
v 0.334355 0.755382 -0.050011
v 0.334473 0.752844 0.140950
v 0.329876 0.746744 -0.232119
v 0.329207 0.746660 0.083131
v -0.025503 0.314035 0.288746
v -0.017233 0.138596 0.293427
v -0.002019 0.330991 0.287517
v -0.039382 0.372662 0.289054
v -0.054513 0.330324 0.290216
v -0.077865 0.376487 0.283242
v -0.168869 0.252879 -0.299624
v -0.034913 0.275906 -0.323384
v -0.039632 0.287795 -0.293771
v -0.033267 0.143421 -0.291366
v -0.037358 0.142833 -0.261533
v 0.272998 0.629194 -0.121157
v 0.273202 0.610110 0.039432
v 0.273896 0.609159 -0.084595
v 0.269472 0.599332 0.098148
v 0.270634 0.603747 -0.212162
v -0.163281 0.144068 0.266301
v 0.281079 0.428149 0.250975
v 0.294801 0.298265 0.245566
v 0.189134 0.311013 0.285060
v 0.215900 0.233578 0.276254
v 0.226477 0.150026 0.272339
v 0.118126 0.244246 0.315311
v 0.125830 0.370406 0.312170
v 0.213622 0.487380 0.268225
v -0.161669 0.294008 0.289135
v -0.171127 0.210746 0.310267
v -0.189277 0.288671 0.311484
v -0.148728 0.313804 0.312298
v -0.006301 0.320849 0.310778
v 0.009296 0.274145 0.311063
v 0.044712 0.186397 0.311364
v 0.025369 0.270455 0.306574
v 0.015439 0.354019 0.303360
v 0.054419 0.472528 0.299002
v -0.018223 0.367780 0.304283
v -0.039989 0.469648 0.297264
v -0.106008 0.461529 0.298245
v -0.231901 0.426365 0.296742
v -0.183594 0.488230 0.294936
v -0.293866 0.487474 0.288575
v -0.108132 0.487536 0.295554
v -0.317526 0.315733 0.293169
v -0.322003 0.222097 0.295122
v -0.231265 0.148891 0.304089
v -0.140401 0.484541 0.276661
v -0.191840 0.116392 0.322234
v -0.171701 0.094108 0.310576
v 0.055132 0.488839 0.286752
v -0.046398 0.489403 0.278730
v -0.125640 0.603212 0.264741
v 0.017426 0.630987 0.265638
v -0.133289 0.631373 0.263813
v -0.239772 0.629278 0.266783
v 0.073971 0.603013 0.279756
v 0.111168 0.600406 0.260435
v -0.253555 0.596846 0.285016
v -0.252472 0.642381 0.265388
v 0.181139 0.534603 -0.279994
v 0.195913 0.552326 -0.264347
v 0.046215 0.538114 -0.275015
v 0.021522 0.576122 -0.270440
v 0.001568 0.556116 -0.274335
v -0.010174 0.595280 -0.271299
v 0.258040 0.623445 -0.254116
v 0.319079 0.656565 -0.265443
v 0.276169 0.744908 -0.245347
v 0.304565 0.744619 -0.236999
v 0.247836 0.745524 -0.234893
v 0.232746 0.490504 -0.258607
v 0.094142 0.699127 -0.267220
v -0.012764 0.113087 -0.288935
v -0.307970 0.621578 0.094917
v -0.308297 0.621341 0.156348
v 0.126983 0.608525 0.310792
v -0.194791 0.139351 -0.296292
v -0.162163 0.286658 -0.288871
v -0.334147 0.090679 0.082830
v -0.306224 0.089147 0.153138
v -0.308899 0.098226 0.242938
v 0.091685 0.746726 0.315656
v 0.093132 0.619015 0.315646
v 0.094113 0.740252 0.261824
v 0.089861 0.757516 0.272513
v 0.287130 0.667471 0.251584
v 0.290251 0.745940 0.245068
v 0.309137 0.746501 0.205450
v -0.062659 0.617972 0.288851
v -0.131709 0.619368 0.289152
v -0.247268 0.626975 -0.176515
v -0.245323 0.639373 -0.233270
v -0.249451 0.625596 0.088801
v -0.246630 0.630731 0.222438
v -0.313121 0.767090 -0.077568
v -0.321848 0.766194 -0.230541
v -0.310327 0.765849 0.014092
v -0.307045 0.765281 0.194443
v -0.311009 0.766359 -0.291847
v -0.257399 0.765164 -0.282431
v -0.086843 0.764055 -0.299128
v -0.025055 0.780175 -0.301685
v 0.081150 0.768701 -0.318633
v 0.134950 0.764700 -0.330618
v 0.122442 0.753214 -0.303653
v 0.032733 0.240465 -0.280892
v 0.036565 0.215051 -0.310811
v 0.011194 0.315899 -0.296106
v 0.039082 0.144531 -0.268420
v 0.019964 0.294468 -0.309576
v 0.035342 0.101244 -0.281544
v -0.046112 0.375567 -0.293486
v -0.266229 0.742627 -0.251519
v -0.270838 0.613040 -0.250251
v -0.286274 0.611198 -0.249759
v -0.262415 0.756887 -0.261133
v -0.297374 0.787636 -0.259316
v -0.310656 0.764933 -0.243436
v 0.130301 0.614570 -0.321478
v 0.141750 0.746137 -0.299752
v 0.145829 0.704263 -0.277812
v 0.144321 0.746163 -0.278146
v 0.092740 0.644665 -0.263760
v 0.081928 0.761082 -0.291883
v -0.245450 0.619518 -0.287120
v -0.297114 0.653122 -0.320688
v -0.322830 0.612207 -0.321728
v -0.319748 0.652611 -0.321652
v -0.305787 0.678227 -0.282460
v 0.164574 0.553439 -0.271508
v 0.247153 0.548315 -0.210616
v 0.248990 0.550963 -0.125675
v 0.174098 0.536312 -0.235513
v -0.153503 0.261517 0.317781
v -0.142665 0.309935 0.318034
v 0.004212 0.766999 0.331208
v 0.018754 0.747299 0.330990
v -0.063450 0.765830 0.324981
v 0.070659 0.766745 0.335659
v 0.134836 0.747684 0.341318
v 0.130858 0.769448 0.341076
v -0.133270 0.747218 0.320152
v -0.321797 0.749421 0.296395
v -0.333283 0.767645 0.293195
v 0.182002 0.585823 -0.261371
v 0.259898 0.586921 -0.243190
v -0.205451 0.259070 0.303257
v -0.197818 0.185665 0.259077
v -0.197520 0.161341 0.259786
v -0.199199 0.100391 0.275699
v -0.202851 0.204200 0.308691
v -0.199238 0.292684 0.283701
v -0.191482 0.318323 0.303104
v -0.331842 0.620374 -0.204383
v -0.303418 0.619194 -0.269655
v 0.089853 0.616694 -0.293873
v 0.302799 0.521867 0.080861
v 0.301191 0.497493 0.028703
v 0.198349 0.555054 0.274358
v 0.131694 0.569408 0.284293
v 0.176433 0.502844 0.277258
v 0.159993 0.611150 0.260665
v 0.188257 0.615159 0.262857
v 0.175502 0.658734 0.272782
v 0.232513 0.771384 0.277027
v 0.328783 0.751857 0.238226
v 0.324544 0.769681 0.239281
v 0.175092 0.770413 0.307751
v 0.138153 0.826172 0.239426
v 0.099575 0.833811 0.254879
v 0.203750 0.828988 0.191141
v 0.187895 0.872933 0.131491
v 0.126742 0.884030 0.152674
v 0.153300 0.902561 0.111547
v 0.251095 0.823678 0.182006
v 0.064910 0.898140 0.182825
v 0.054446 0.907755 0.176096
v 0.090664 0.952433 0.072814
v 0.022288 0.961329 0.107545
v 0.031239 0.998150 0.026104
v 0.008604 0.904054 0.177479
v -0.068080 0.909600 0.163243
v 0.002604 0.824768 0.257394
v -0.058332 0.877150 0.195799
v -0.177236 0.823047 0.243257
v 0.058276 0.813596 0.273375
v -0.086109 0.792581 0.288640
v -0.225213 0.767857 0.313609
v 0.332328 0.768971 0.186411
v 0.108711 0.942888 0.010672
v 0.288896 0.798904 0.071061
v 0.282107 0.804608 -0.201034
v 0.275404 0.808899 -0.084003
v 0.334628 0.768095 -0.229778
v 0.334811 0.767104 -0.012918
v 0.229557 0.844699 -0.015324
v 0.235576 0.839058 -0.158069
v 0.190640 0.871855 -0.001953
v 0.182711 0.876873 -0.128496
v 0.155670 0.903051 -0.111009
v 0.090124 0.953578 -0.069641
v 0.182547 0.815195 -0.232283
v 0.127980 0.902762 -0.131665
v 0.011475 0.967931 -0.101261
v 0.122181 0.875172 -0.173989
v 0.104872 0.831012 -0.259883
v 0.056783 0.894531 -0.191132
v 0.186299 0.766517 -0.307634
v 0.260533 0.765582 -0.269936
v -0.027708 0.997914 0.040005
v -0.043680 0.998104 -0.000535
v -0.116790 0.940629 0.084986
v -0.134012 0.915454 0.133066
v -0.163899 0.902472 0.115321
v -0.057619 0.957237 0.102249
v -0.075222 0.974511 -0.033099
v -0.163445 0.904920 -0.033502
v -0.149897 0.912928 -0.132911
v -0.167601 0.896189 -0.129824
v -0.186728 0.879504 -0.160140
v -0.254411 0.825325 -0.074983
v -0.255614 0.823601 -0.160496
v -0.171604 0.893063 0.012478
v -0.169728 0.893396 0.120468
v -0.252966 0.826421 0.110774
v -0.248190 0.828388 0.196113
v -0.301222 0.792128 0.021124
v -0.337188 0.767016 0.111739
v -0.276538 0.808332 -0.247482
v -0.336575 0.766094 0.200341
v -0.258037 0.821074 0.226919
v -0.326152 0.767970 -0.302603
v -0.231311 0.833854 -0.214826
v -0.188604 0.862279 0.189653
v -0.145511 0.896157 0.157061
v -0.009236 1.000000 -0.044858
v -0.107914 0.914256 -0.152984
v 0.027322 0.997822 -0.025289
v -0.127856 0.866169 -0.194203
v -0.161361 0.821411 -0.245546
v -0.062339 0.839002 -0.242814
v -0.000783 0.911079 -0.173888
v -0.072719 0.766338 -0.329051
v -0.019118 0.817594 -0.270533
v -0.030576 0.694331 -0.297418
v -0.028417 0.737836 -0.270576
v -0.038336 0.589502 -0.263809
v -0.187184 0.323189 0.286619
v -0.160556 0.180539 0.292219
v -0.325176 0.224438 -0.050164
v -0.308145 0.398141 -0.044510
v -0.318790 0.406022 -0.047248
v -0.327570 0.150575 -0.062068
v -0.219278 0.745669 0.283439
v -0.257423 0.771834 0.268015
v -0.280686 0.771741 0.246596
v -0.213409 0.761858 0.292104
v -0.262446 0.650440 0.262061
v -0.047840 0.768411 0.288758
v 0.208690 0.744411 -0.276949
v 0.183531 0.746457 -0.271931
v 0.156319 0.748837 -0.310466
v 0.093653 0.752986 -0.294097
v -0.046487 0.745720 -0.300233
v 0.194030 0.767978 -0.259306
v 0.241459 0.745774 -0.249331
v 0.279115 0.750489 -0.238648
v 0.299802 0.747191 -0.234951
v 0.328925 0.763565 -0.216127
v -0.319768 0.747766 -0.124101
v -0.318729 0.747634 0.032118
v -0.309433 0.751108 -0.108833
v -0.319283 0.747853 0.206818
v -0.294697 0.748482 -0.118312
v -0.325330 0.749914 -0.264994
v -0.296461 0.746939 -0.251273
v -0.309804 0.752368 -0.300752
v 0.290112 0.766776 0.180570
v 0.299249 0.748046 0.202890
v 0.287302 0.747596 0.098744
v 0.248792 0.754614 0.241210
v 0.243036 0.586891 0.226496
v -0.142123 0.593698 0.257789
v -0.101504 0.562616 0.283107
v -0.187540 0.586130 0.241809
v -0.065394 0.549878 0.280163
v -0.064496 0.618793 -0.294486
v -0.058984 0.647471 -0.321573
v 0.026966 0.652054 0.311812
v 0.029314 0.610374 0.310792
v 0.018164 0.284505 0.256083
v 0.038859 0.097187 0.259127
v -0.039835 0.371976 0.250154
v 0.049521 0.746744 -0.335472
v -0.045460 0.746570 -0.327513
v -0.208183 0.753687 -0.318428
v 0.076117 0.766337 -0.338669
v 0.135474 0.751450 -0.340694
v -0.210634 0.767341 -0.317461
v 0.138741 0.766614 -0.339532
v -0.322655 0.747832 -0.301523
v -0.277089 0.744858 -0.301056
v -0.200778 0.656194 -0.294278
v 0.264660 0.680192 -0.210867
v 0.251761 0.764648 -0.232059
v -0.328287 0.756531 -0.006060
v -0.325627 0.750419 0.072404
v -0.327354 0.752245 0.276051
v -0.326932 0.761325 -0.264221
v -0.327236 0.761575 0.271858
v -0.325105 0.764724 -0.151422
v -0.306045 0.781856 0.273731
v -0.307482 0.758716 0.295415
v -0.149670 0.630712 -0.235070
v -0.040717 0.628971 -0.237423
v -0.038270 0.643728 -0.236389
v -0.034143 0.749553 0.294991
v -0.036456 0.752152 0.311285
v -0.214044 0.753397 0.310850
v -0.022024 0.759022 0.323387
v -0.186466 0.235136 -0.285966
v -0.192002 0.089179 -0.264306
v -0.201092 0.287413 -0.264620
v -0.147016 0.363510 -0.261008
v -0.179400 0.345412 -0.263178
v -0.062483 0.383246 -0.304999
v -0.327489 0.609092 -0.050834
v -0.295525 0.612868 0.015413
v -0.309689 0.612502 -0.046366
v -0.286925 0.628952 -0.071282
v 0.013736 0.660766 -0.321135
v -0.007194 0.618546 -0.282153
v 0.022546 0.698443 -0.291584
v 0.038224 0.612967 -0.322009
v 0.266109 0.595942 -0.165185
v 0.067483 0.772433 -0.308029
v 0.059554 0.749789 -0.297752
v -0.028427 0.747455 -0.298347
v -0.046800 0.770531 -0.290228
v 0.257085 0.689384 0.207684
v 0.277170 0.747423 0.184123
v 0.262130 0.645213 0.196233
v 0.274685 0.745772 -0.034493
v 0.274334 0.647770 -0.181918
v 0.271116 0.646022 0.006916
v 0.271181 0.746067 0.008725
v 0.274882 0.647069 0.055345
v 0.275316 0.746685 0.121169
v 0.252128 0.649704 -0.223738
v -0.023870 0.198576 0.259369
v -0.008467 0.141287 0.286007
v -0.065548 0.326964 0.257458
v -0.011158 0.655908 0.280409
v -0.065417 0.546033 0.253129
v -0.035870 0.593807 0.249296
v -0.034311 0.540600 0.253949
v 0.003274 0.550542 0.273536
v 0.035666 0.580203 0.254195
v 0.041808 0.549284 0.258795
v -0.000347 0.603763 -0.227694
v 0.102036 0.585058 -0.231925
v 0.197689 0.586211 -0.228906
v 0.241240 0.602194 -0.219001
v 0.038891 0.587656 -0.241944
v -0.017061 0.587263 -0.230537
v -0.262663 0.113555 0.321293
v -0.030955 0.615186 -0.322173
v -0.244421 0.745400 0.272946
v 0.140877 0.653618 0.293340
v 0.135224 0.747146 0.301821
v -0.185123 0.320146 -0.315071
v -0.198262 0.286177 -0.297282
v -0.199436 0.289040 -0.315879
v -0.203347 0.143703 -0.311414
v 0.006518 0.602387 0.228673
v -0.015472 0.595702 0.263164
v -0.135818 0.593644 0.225656
v 0.051143 0.598680 0.245174
v 0.093791 0.574676 0.281113
v 0.204564 0.583826 0.264552
v 0.134457 0.585348 0.274556
v -0.319702 0.388376 0.038940
v -0.327727 0.248692 0.044383
v 0.019384 0.160167 -0.299577
v 0.249390 0.641208 0.226376
v 0.143756 0.631196 0.230093
v -0.102057 0.642683 0.228897
v -0.057421 0.631389 0.228856
v 0.237619 0.601330 0.234511
v 0.213892 0.603999 0.250027
v 0.270626 0.623662 0.222591
v 0.271120 0.600660 0.220901
v 0.332424 0.662353 0.132634
v 0.334731 0.652860 0.109238
v 0.326505 0.615513 0.224884
v -0.033699 0.782029 0.281277
v -0.036896 0.645223 0.259443
v -0.196583 0.570379 -0.250264
v -0.236308 0.587162 -0.259268
v -0.239867 0.560821 -0.237511
v -0.160534 0.135995 0.302962
v -0.153563 0.134203 0.259063
v 0.334172 0.553700 0.112478
v 0.325480 0.618948 0.018944
v -0.269527 0.631008 0.196498
v -0.264442 0.644383 0.222036
v -0.074083 0.341107 -0.287513
v -0.035873 0.291591 -0.247597
v -0.034540 0.292327 -0.286961
v -0.193212 0.284737 0.261847
v -0.194799 0.148637 0.263874
v -0.198285 0.107044 0.260409
v -0.203041 0.255838 0.259030
v -0.155284 0.367258 0.256647
v -0.134908 0.134904 -0.263516
v -0.134919 0.091705 -0.262614
v -0.128453 0.112489 -0.319228
v -0.179929 0.348174 0.259818
v 0.009950 0.660109 0.312683
v 0.022639 0.702382 0.284688
v 0.040700 0.654753 0.315868
v -0.026973 0.617037 0.320561
v -0.046069 0.688601 0.300579
v -0.034117 0.134219 -0.257769
v -0.006398 0.105138 -0.252620
v -0.319044 0.689729 0.184252
v -0.280261 0.646770 0.168213
v -0.295009 0.649010 0.232256
v -0.282002 0.648925 0.062934
v -0.296777 0.664436 0.064779
v -0.281466 0.641820 -0.053272
v -0.296680 0.651997 -0.108100
v -0.286097 0.602881 0.142827
v -0.285495 0.555043 0.200643
v -0.283816 0.566288 0.262307
v -0.283656 0.623409 0.245394
v -0.275539 0.545686 0.279153
v -0.288959 0.624489 0.065673
v -0.075694 0.334094 -0.260672
v -0.146558 0.301876 -0.261152
v -0.156642 0.208564 -0.261816
v -0.156795 0.204411 -0.324029
v -0.154071 0.143774 -0.321352
v 0.120606 0.649860 0.260630
v 0.129322 0.627636 0.273300
v 0.081854 0.576907 0.294902
v 0.298976 0.612783 -0.062457
v 0.294658 0.613258 -0.019902
v 0.314712 0.607042 -0.065808
v -0.167703 0.149439 -0.296164
v -0.174149 0.285740 -0.316198
v -0.002077 0.614464 0.284925
v 0.004466 0.612451 0.272899
v -0.039939 0.604366 0.310818
v -0.312395 0.748943 -0.144852
v -0.125766 0.538538 -0.273081
v -0.132445 0.548059 -0.234074
v -0.234663 0.641966 -0.311319
v 0.284632 0.746692 -0.251664
v 0.179837 0.745657 -0.302395
v 0.127007 0.744822 -0.320333
v 0.334351 0.754328 -0.238880
v 0.233972 0.536076 -0.249810
v 0.194756 0.496804 -0.274827
v 0.158223 0.501779 -0.296311
v -0.162728 0.747613 -0.301927
v -0.074914 0.756254 -0.317647
v -0.019017 0.762510 -0.330275
v 0.268508 0.641457 0.198523
v 0.299114 0.693525 0.200171
v -0.046676 0.743998 0.270229
v -0.247002 0.745885 -0.284741
v -0.249563 0.754772 -0.257320
v -0.289851 0.610508 -0.221936
v 0.254290 0.580606 -0.040923
v 0.258396 0.597122 0.023377
v 0.256608 0.573224 0.066457
v 0.270762 0.587202 0.085697
v 0.314917 0.606633 0.104958
v -0.216537 0.688302 -0.286338
v -0.221423 0.692971 -0.300382
v -0.154188 0.609719 -0.316110
v -0.134818 0.610784 -0.289585
v -0.062913 0.594004 -0.275216
v -0.071971 0.592300 -0.251628
v -0.130009 0.594144 -0.273393
v -0.125611 0.585879 -0.242882
v -0.023047 0.582111 -0.256153
v 0.272354 0.584570 0.189061
v 0.192111 0.618525 -0.274846
v 0.018958 0.614793 -0.278971
v 0.135616 0.582925 -0.232125
v 0.304786 0.520494 -0.142494
v -0.196255 0.570168 0.282217
v -0.202891 0.546495 0.310733
v -0.335448 0.006235 0.042410
v -0.311127 0.006695 0.043863
v 0.295898 0.648550 0.095251
v 0.298127 0.621888 0.092876
v 0.286893 0.650865 0.028945
v -0.278015 0.544563 -0.108108
v -0.277107 0.544138 0.063400
v -0.281864 0.611172 0.094500
v -0.291638 0.538908 0.140167
v -0.277981 0.539218 0.186604
v -0.283413 0.538085 -0.001817
v -0.297435 0.530314 0.173374
v -0.298304 0.502338 0.095848
v -0.298069 0.496786 0.245039
v -0.297170 0.494780 0.165777
v -0.325899 0.658934 0.176734
v -0.294765 0.637561 0.199185
v -0.241215 0.587770 -0.233156
v -0.226881 0.569340 -0.241233
v -0.154823 0.603527 -0.231823
v -0.164303 0.206753 -0.289336
v -0.163080 0.154362 -0.287666
v -0.187503 0.170675 -0.284744
v -0.181014 0.334842 -0.292007
v 0.189516 0.547860 0.238650
v 0.270299 0.549429 0.174697
v 0.141336 0.549299 0.273426
v 0.118910 0.546849 0.252688
v 0.212227 0.547254 0.261511
v 0.269614 0.546342 0.236226
v -0.178430 0.746981 -0.285652
v -0.162010 0.768415 -0.294855
v -0.265694 0.748609 -0.284380
v -0.291234 0.619461 0.299733
v -0.239100 0.617697 0.315523
v -0.320834 0.648324 0.318694
v -0.160072 0.101862 0.318218
v -0.091678 0.124444 0.324184
v -0.043924 0.108819 -0.299144
v -0.067164 0.109238 -0.322631
v 0.271343 0.592112 -0.155854
v 0.269360 0.584893 -0.141967
v 0.286857 0.535246 -0.215810
v 0.272877 0.547425 -0.238311
v -0.328223 0.150933 0.053064
v -0.308660 0.148439 0.042958
v -0.319040 0.144783 0.284585
v -0.327999 0.148085 0.253153
v 0.330602 0.754909 0.176507
v 0.328318 0.763942 0.050853
v 0.326408 0.748726 0.179806
v 0.324225 0.748013 -0.215517
v -0.035299 0.134239 0.259758
v -0.281922 0.138182 0.290804
v -0.013052 0.690538 -0.281820
v 0.274981 0.005736 0.212687
v 0.321569 0.002760 0.161204
v 0.323388 0.000568 0.002797
v 0.321425 0.000293 -0.129855
v 0.297896 0.001419 -0.256527
v 0.201499 0.002670 -0.314782
v 0.121608 0.003136 -0.342538
v 0.055753 0.008630 -0.344143
v 0.011896 0.001649 -0.281249
v -0.017217 0.007647 -0.344406
v -0.074480 0.010693 -0.345842
v -0.119077 0.002324 -0.277386
v -0.150736 0.011198 -0.339338
v 0.316008 0.004131 -0.273118
v 0.341162 0.002816 -0.258385
v -0.320894 0.144602 -0.284397
v 0.244400 0.756968 0.058907
v 0.244644 0.749729 0.161088
v 0.248190 0.758596 -0.122040
v 0.249624 0.761546 0.141062
v 0.262572 0.759097 0.197356
v 0.264382 0.777899 0.223396
v 0.299973 0.773819 0.190604
v 0.262102 0.758898 -0.195858
v 0.292947 0.776022 0.003481
v 0.290652 0.768182 0.062046
v 0.279850 0.761142 -0.029574
v 0.276967 0.760261 0.099750
v 0.250217 0.760664 0.020608
v 0.143902 0.760551 -0.282089
v 0.017696 0.661521 -0.276829
v -0.193082 0.104875 0.284370
v -0.193950 0.171666 0.282447
v -0.327011 0.610235 0.041722
v 0.034595 0.539605 -0.236897
v 0.285033 0.649946 0.004838
v 0.329773 0.655453 0.010766
v 0.273514 0.610136 0.027954
v -0.333894 0.093324 -0.046522
v -0.230430 0.673723 -0.285423
v 0.204216 0.604391 0.294482
v 0.167980 0.651900 0.295216
v 0.154172 0.668695 0.292697
v -0.103136 0.382047 -0.259797
v -0.053760 0.375740 -0.288050
v -0.036325 0.375097 -0.262327
v -0.029135 0.352602 -0.314624
v -0.177422 0.342565 -0.279171
v -0.049428 0.321335 -0.315102
v -0.028786 0.303899 -0.297849
v -0.073852 0.346637 -0.291810
v -0.024172 0.210746 -0.295007
v 0.013353 0.141072 -0.298093
v -0.085824 0.376002 -0.290716
v -0.280671 0.744849 0.175465
v -0.285341 0.747149 0.088379
v -0.296675 0.744252 -0.061697
v -0.284402 0.748883 -0.081067
v -0.279540 0.757730 -0.187833
v -0.279437 0.757296 0.042735
v -0.293542 0.774785 -0.238663
v -0.279408 0.757559 0.164841
v -0.293359 0.779972 -0.018641
v -0.286091 0.768970 -0.083571
v -0.294472 0.775407 0.222173
v -0.289653 0.782713 -0.156387
v -0.290140 0.782957 -0.065412
v 0.207676 0.620651 0.276509
v -0.173083 0.619512 -0.310443
v -0.301722 0.619852 -0.204124
v -0.137997 0.656589 -0.312326
v -0.167259 0.648220 -0.287586
v -0.127170 0.381962 0.259400
v -0.145390 0.373102 0.292471
v -0.130016 0.385328 0.302724
v -0.143604 0.358044 0.311247
v -0.080142 0.381708 0.301514
v 0.284370 0.647726 -0.174644
v 0.312789 0.672460 -0.175222
v 0.255057 0.619895 0.269208
v 0.034886 0.149545 0.299424
v 0.117854 0.150539 0.314744
v 0.019887 0.151313 0.313312
v 0.026721 0.152599 0.291923
v 0.317106 0.145553 0.232344
v 0.176130 0.688704 -0.272589
v 0.202194 0.690367 -0.267141
v 0.216552 0.745333 -0.258631
v 0.149059 0.665047 -0.274921
v -0.027591 0.649956 -0.295549
v -0.028126 0.611634 -0.310326
v 0.297931 0.620481 -0.051277
v -0.330491 0.620093 0.037113
v -0.295639 0.675839 0.294711
v -0.298673 0.666844 0.271074
v 0.140631 0.749887 0.324678
v 0.004806 0.764445 0.317555
v 0.337379 0.547291 -0.249773
v 0.327569 0.553264 -0.172681
v 0.333041 0.552203 -0.248973
v 0.232724 0.627841 0.232943
v 0.267770 0.747108 -0.205437
v -0.168069 0.249287 0.283811
v -0.189347 0.236426 0.280026
v -0.168555 0.205023 0.289382
v -0.134541 0.587862 -0.258322
v 0.152071 0.607883 0.310192
v 0.158101 0.610313 -0.266773
v 0.169258 0.655224 -0.301065
v 0.291668 0.614125 -0.113794
v 0.324051 0.612856 -0.127077
v 0.018508 0.606571 -0.316311
v -0.055084 0.373038 0.288729
v 0.031818 0.205577 0.259288
v 0.033662 0.206357 0.292420
v 0.036758 0.143914 0.284468
v 0.018183 0.267193 0.292479
v 0.045941 0.092196 0.281256
v 0.025065 0.130303 0.311636
v 0.317711 0.656339 -0.111130
v 0.286748 0.675018 -0.084697
v 0.331797 0.665344 -0.070740
v -0.012864 0.345137 -0.288334
v 0.015503 0.308916 -0.272849
v 0.014740 0.285070 -0.288528
v 0.034410 0.243453 -0.259161
v 0.023565 0.157683 -0.289774
v 0.036458 0.106680 -0.262338
v -0.003373 0.098932 -0.296482
v 0.014982 0.108429 -0.293439
v -0.148763 0.354730 -0.291995
v 0.274932 0.567302 -0.207669
v 0.158770 0.608806 -0.304878
v 0.158914 0.656694 -0.266094
v 0.253493 0.661236 -0.286103
v 0.231105 0.662655 -0.284450
v 0.234031 0.617461 -0.286090
v 0.252397 0.612597 -0.286568
v 0.212540 0.655216 -0.265619
v 0.226208 0.680032 -0.253558
v -0.200335 0.287902 0.294043
v 0.239420 0.674786 -0.257325
v 0.233271 0.610103 -0.255802
v -0.052763 0.501740 0.310735
v -0.030454 0.202251 -0.281003
v -0.031263 0.111276 -0.285324
v -0.147036 0.671429 -0.283351
v 0.317450 0.694371 0.001308
v -0.201986 0.763187 -0.314875
v -0.197606 0.749466 -0.313346
v -0.220609 0.762660 -0.300534
v -0.320607 0.690697 -0.061612
v 0.081823 0.618479 0.285019
v 0.037224 0.618368 0.315408
v 0.061028 0.617833 0.289354
v 0.128299 0.614532 0.322961
v 0.129729 0.618804 0.314237
v 0.329596 0.149991 0.226571
v 0.273535 0.098122 -0.249170
v 0.130506 0.096948 -0.327211
v -0.162655 0.107739 0.282501
v -0.160763 0.091268 0.260401
v -0.160522 0.245566 0.260463
v 0.048706 0.656369 -0.309553
v 0.057220 0.646543 -0.287401
v -0.136527 0.556635 -0.258704
v 0.250368 0.747444 0.225029
v 0.211074 0.746176 0.249893
v 0.148794 0.745955 0.271133
v -0.043132 0.310945 0.280232
v -0.332364 0.615009 0.160380
v -0.293837 0.656007 -0.074419
v -0.223563 0.691205 0.296555
v -0.251303 0.610453 -0.276479
v -0.066471 0.612481 -0.292368
v -0.045061 0.746386 -0.268638
v 0.231940 0.609496 -0.285401
v 0.177844 0.616511 -0.300096
v -0.133740 0.098418 0.260682
v -0.159160 0.688522 0.302516
v -0.175189 0.655038 0.280652
v -0.169698 0.651813 0.322463
v -0.149884 0.678921 0.282905
v -0.137952 0.612564 -0.321298
v 0.312581 0.622474 0.191292
v 0.319479 0.666097 0.182275
v -0.126029 0.135694 -0.308496
v -0.032783 0.134922 -0.297297
v -0.079439 0.134647 -0.246141
v -0.162550 0.131561 -0.260331
v -0.261647 0.101100 0.286677
v -0.326160 0.094083 0.286677
v -0.337738 0.110109 0.312018
v -0.247600 0.663180 -0.284969
v -0.229834 0.688242 -0.285495
v -0.066076 0.662255 0.280081
v -0.056964 0.746901 0.295927
v -0.018155 0.656763 0.297182
v -0.016341 0.747225 0.290051
v 0.295395 0.645955 -0.023523
v 0.235547 0.630291 0.278455
v 0.209686 0.657002 0.255003
v 0.309792 0.098487 0.171587
v 0.311568 0.097698 -0.027686
v 0.306648 0.089245 0.200130
v 0.272035 0.098368 0.235970
v -0.325625 0.140424 -0.139459
v 0.278879 0.487608 -0.081418
v 0.278435 0.489144 0.042361
v 0.288954 0.610877 0.210505
v 0.307760 0.669244 0.217172
v -0.338009 0.650824 -0.283116
v -0.320881 0.694224 -0.293288
v -0.335935 0.611379 -0.277555
v -0.284111 0.599280 -0.315937
v -0.069673 0.101056 0.295653
v -0.036293 0.091548 0.269286
v -0.131416 0.100377 0.315967
v -0.199629 0.144134 0.285379
v -0.137876 0.663751 0.280395
v -0.141742 0.607390 0.310442
v -0.306675 0.666301 0.099779
v -0.279562 0.484431 -0.126269
v -0.274591 0.487867 -0.182652
v -0.279655 0.494257 0.029651
v -0.277199 0.494119 -0.190096
v 0.185153 0.585141 0.240364
v -0.241042 0.620226 -0.312787
v -0.288944 0.622693 -0.301935
v -0.271792 0.618661 -0.301092
v -0.187737 0.538417 -0.271488
v -0.175287 0.535993 -0.233777
v -0.018933 0.536982 -0.249757
v -0.051451 0.687377 -0.302312
v -0.056267 0.745790 -0.301157
v -0.297158 0.658377 0.206755
v -0.337956 0.657460 0.196772
v -0.332664 0.612266 0.203913
v -0.327072 0.635465 -0.095265
v -0.302253 0.614603 -0.099929
v -0.260104 0.630165 0.242465
v -0.245517 0.626374 0.022703
v -0.274418 0.626316 -0.111363
v -0.266482 0.626591 0.056185
v -0.270936 0.629933 -0.227483
v 0.098617 0.631081 0.260450
v 0.052823 0.631014 0.270249
v 0.155538 0.630369 0.256074
v -0.303831 0.617803 -0.157537
v -0.278462 0.631899 0.048635
v -0.158022 0.628051 -0.269880
v -0.047413 0.629991 -0.257858
v 0.091166 0.628483 -0.257104
v 0.188890 0.631568 -0.235295
v 0.171878 0.627919 -0.258151
v 0.203308 0.631811 -0.259512
v 0.252628 0.626982 -0.060623
v 0.270582 0.626735 0.042943
v 0.252760 0.624361 0.051292
v 0.252612 0.625673 0.233656
v -0.268135 0.645474 0.095368
v -0.285818 0.615199 0.190153
v 0.308048 0.653211 -0.062659
v 0.308235 0.672201 -0.087170
v -0.316286 0.634984 -0.117719
v -0.299528 0.649044 -0.117637
v -0.162150 0.091565 -0.279825
v 0.309791 0.694485 0.119913
v 0.286020 0.676025 0.128498
v -0.327863 0.661014 -0.064730
v -0.085576 0.494356 0.257159
v -0.274368 0.492480 0.256118
v 0.104219 0.495399 0.257177
v 0.126092 0.488259 0.256979
v 0.223625 0.746846 0.260902
v 0.289572 0.746371 0.013703
v 0.292644 0.779195 0.037371
v 0.291900 0.752052 -0.076648
v 0.291197 0.768976 -0.174308
v 0.299195 0.747182 -0.190828
v 0.304672 0.772114 -0.228490
v 0.051432 0.613395 0.282399
v -0.170644 0.631752 0.280248
v -0.321987 0.611221 -0.165426
v 0.134228 0.098686 -0.282961
v 0.094616 0.091866 -0.293830
v 0.215315 0.618265 -0.266839
v -0.027566 0.609677 0.306238
v 0.100417 0.764296 0.306490
v 0.048388 0.768568 0.302054
v 0.143950 0.764934 0.282720
v 0.020652 0.750349 0.324760
v 0.155076 0.766475 0.273660
v 0.202212 0.754443 0.230463
v 0.192089 0.764563 0.262505
v 0.203824 0.756105 0.289096
v 0.158066 0.749401 0.279018
v 0.158611 0.750420 0.294505
v 0.149833 0.763456 0.314708
v 0.228970 0.490504 0.273216
v -0.060006 0.616072 0.317542
v 0.285266 0.650319 0.105116
v 0.322918 0.628137 0.111378
v -0.169352 0.652935 0.310504
v -0.168820 0.547486 0.310420
v -0.201372 0.137191 0.309714
v -0.196946 0.100688 0.319877
v -0.200640 0.146188 0.291258
v -0.323875 0.648051 0.093246
v -0.137930 0.665626 0.303222
v -0.129207 0.655639 0.289185
v -0.134528 0.617787 0.317172
v -0.134287 0.565229 0.318908
v -0.093767 0.609785 0.303927
v 0.249636 0.551007 0.153383
v 0.248132 0.553465 0.103138
v 0.241740 0.534193 0.197834
v 0.271858 0.587888 -0.202377
v 0.273235 0.582203 -0.157424
v 0.269406 0.553235 -0.141222
v -0.014024 0.120052 0.315489
v 0.099090 0.120643 0.330498
v 0.114516 0.138027 0.317143
v 0.140212 0.102088 0.316866
v 0.216454 0.132400 0.279588
v 0.341865 0.116322 0.243604
v 0.246622 0.099115 0.274520
v 0.181719 0.144999 0.274174
v 0.111926 0.148216 0.299636
v 0.316135 0.656359 0.031567
v 0.295672 0.619482 0.030649
v 0.337989 0.654707 0.008645
v 0.328726 0.554200 0.014161
v -0.327295 0.670863 -0.155420
v 0.327960 0.620314 -0.102657
v 0.304786 0.675920 -0.191390
v -0.309890 0.667549 -0.047317
v -0.340068 0.655919 -0.044740
v -0.292280 0.544461 0.188324
v -0.306990 0.522897 0.167881
v -0.299850 0.527749 0.085494
v -0.310711 0.501878 0.073136
v -0.309478 0.501624 0.233865
v -0.041885 0.553581 -0.266480
v -0.057658 0.540512 -0.281798
v -0.159636 0.200067 0.275142
v -0.154451 0.149321 0.286032
v -0.156179 0.200314 0.316876
v -0.153431 0.143252 0.315042
v 0.041709 0.662570 0.278123
v 0.136799 0.582330 -0.272173
v -0.302240 0.654432 0.075234
v 0.313331 0.667223 -0.230050
v -0.263141 0.603687 -0.253666
v -0.174564 0.122682 0.292350
v -0.171410 0.126394 0.311384
v -0.331976 0.661316 0.159780
v 0.267093 0.650704 -0.269773
v 0.314970 0.597723 -0.013250
v 0.328157 0.640621 -0.018763
v -0.320667 0.646567 -0.127413
v -0.320201 0.687799 -0.148348
v -0.177323 0.556669 -0.240193
v -0.187795 0.572657 -0.234521
v -0.170057 0.599053 -0.277723
v -0.300543 0.656749 -0.146430
v -0.231165 0.653977 0.277837
v -0.199158 0.654662 0.281564
v -0.214205 0.748209 0.297432
v 0.007082 0.090651 0.321796
v -0.210820 0.743300 -0.278855
v -0.190244 0.746997 -0.271068
v 0.248547 0.557020 0.277544
v -0.130478 0.586617 -0.227216
v -0.025524 0.307148 0.310925
v -0.330339 0.134539 -0.053906
v -0.333639 0.102183 -0.058504
v -0.187800 0.092826 -0.295454
v -0.198528 0.105260 -0.292181
v 0.245779 0.694635 -0.264051
v 0.237667 0.675721 -0.241251
v 0.269351 0.665801 -0.248875
v -0.264723 0.759462 0.262398
v -0.262430 0.747141 0.286020
v -0.227624 0.759624 0.296640
v -0.262705 0.636611 0.275940
v -0.266500 0.613624 0.294998
v -0.267282 0.729075 0.293539
v -0.288228 0.601616 0.260644
v -0.191686 0.602719 0.225714
v -0.091732 0.596628 0.226942
v -0.286607 0.601975 0.225446
v 0.240420 0.605957 0.244802
v 0.328123 0.555354 0.142965
v 0.328260 0.554695 0.225365
v 0.336401 0.558389 0.239713
v -0.198899 0.654365 -0.306254
v -0.208243 0.652907 -0.320395
v 0.145126 0.618805 -0.279877
v 0.144191 0.628684 -0.271407
v 0.151108 0.645440 -0.260716
v 0.187797 0.670715 -0.303270
v -0.076059 0.378526 0.309100
v -0.081660 0.357298 0.286381
v 0.042317 0.549717 -0.256799
v 0.068345 0.582607 -0.264507
v 0.113482 0.567672 -0.269731
v 0.315035 0.610491 0.182826
v 0.313553 0.607535 0.215514
v -0.239692 0.626046 -0.267102
v -0.259582 0.630243 -0.245472
v -0.198889 0.612339 -0.278752
v 0.279631 0.608547 0.130665
v 0.296234 0.618435 0.174328
v 0.281464 0.548670 0.129064
v 0.279161 0.543838 0.035871
v 0.279835 0.632907 0.245603
v 0.283759 0.612505 0.104727
v 0.281772 0.652995 0.138307
v 0.296073 0.505665 0.263158
v 0.276191 0.561173 0.263890
v 0.311423 0.667934 0.113164
v -0.325052 0.621181 0.233625
v -0.296794 0.621633 0.254323
v -0.010849 0.746074 -0.279486
v -0.021362 0.744037 -0.266394
v -0.007599 0.778688 -0.298193
v -0.009023 0.649813 -0.276163
v -0.039439 0.644821 -0.257379
v 0.124019 0.533505 0.292225
v 0.134422 0.530127 0.310956
v 0.124310 0.586046 0.251671
v -0.220467 0.681777 0.280276
v -0.266400 0.619713 0.299678
v -0.104213 0.348941 -0.287560
v -0.145544 0.314002 -0.296373
v -0.175348 0.741284 0.265764
v -0.269212 0.745427 0.241682
v -0.239872 0.540551 0.260427
v -0.262381 0.607135 0.287366
v -0.335784 0.613289 -0.178780
v -0.227222 0.540442 -0.233070
v 0.126784 0.751509 0.296145
v 0.118592 0.743179 0.277095
v 0.112609 0.730283 0.263416
v 0.126897 0.727625 0.264481
v -0.234109 0.606098 0.279967
v 0.241975 0.508198 -0.261679
v -0.288814 0.101939 0.310513
v -0.292252 0.088513 0.313817
v 0.264418 0.770022 -0.232604
v 0.346772 0.000422 0.177214
v -0.058761 0.618570 0.295015
v -0.047749 0.659015 0.292703
v -0.299444 0.665707 -0.186247
v 0.042281 0.500342 0.293181
v 0.242104 0.659260 0.251719
v 0.235233 0.612230 0.260325
v 0.279358 0.560393 0.242031
v 0.269297 0.515361 0.274999
v -0.297977 0.655471 0.100567
v -0.298621 0.659395 0.049566
v -0.322518 0.689138 0.054220
v 0.145287 0.647192 0.276962
v 0.144578 0.644160 0.269723
v -0.031397 0.155500 -0.306855
v -0.082881 0.381949 0.261750
v -0.086592 0.381290 0.294839
v 0.129706 0.103527 0.270467
v 0.206769 0.089611 0.250761
v -0.310971 0.094551 -0.044412
v -0.317780 0.091311 0.013731
v -0.194404 0.619095 -0.290668
v 0.173330 0.547364 0.278955
v -0.304292 0.101005 -0.272714
v -0.269393 0.089758 -0.322051
v -0.286356 0.075937 -0.323264
v -0.039403 0.090155 -0.331666
v -0.066444 0.092395 -0.256688
v -0.079677 0.092792 -0.295755
v 0.252240 0.087804 -0.253089
v 0.203685 0.084209 -0.299745
v 0.338619 0.087586 -0.159488
v 0.310793 0.097090 -0.152299
v 0.311955 0.091672 0.031370
v 0.338824 0.088977 0.009448
v 0.239914 0.089403 0.276242
v 0.125570 0.096391 0.273000
v 0.070854 0.088931 0.331541
v -0.056142 0.089279 0.330440
v -0.127931 0.091618 0.306481
v -0.212544 0.084939 0.329734
v -0.193382 0.088352 0.275048
v 0.132207 0.582969 -0.247873
v 0.134315 0.553924 -0.253749
v 0.126651 0.604045 -0.268317
v 0.178791 0.496825 0.241193
v 0.247567 0.585759 -0.208676
v -0.267990 0.087795 0.286095
v 0.226044 0.507348 0.278555
v 0.261939 0.599351 -0.084551
v 0.274527 0.549086 -0.046123
v 0.300481 0.540782 0.126049
v 0.293428 0.533264 0.032057
v 0.295422 0.533609 -0.071295
v 0.277594 0.549338 -0.129572
v 0.273632 0.556842 0.049959
v -0.060508 0.655635 -0.290358
v -0.035047 0.652934 -0.316746
v 0.068190 0.540953 0.311064
v 0.063308 0.541472 0.292784
v -0.037045 0.615497 0.274727
v 0.089435 0.603423 0.287612
v -0.044715 0.572094 0.259669
v -0.062599 0.594706 0.260226
v 0.002976 0.658403 0.292079
v -0.270146 0.579627 0.303498
v -0.263455 0.549854 0.293191
v 0.270493 0.490005 -0.201481
v -0.242629 0.604608 -0.268881
v 0.153381 0.497382 -0.313066
v -0.317162 0.655142 -0.167655
v -0.028410 0.754201 0.290941
v 0.008876 0.750888 0.292575
v 0.285766 0.649249 0.092507
v -0.334716 0.086440 0.312184
v 0.089363 0.747988 -0.323131
v 0.222167 0.508047 0.261742
v 0.216753 0.544531 0.269746
v -0.013132 0.197960 -0.280062
v 0.248707 0.554909 0.255428
v 0.286699 0.494926 -0.140447
v 0.282930 0.496432 -0.188571
v 0.290587 0.513486 -0.204275
v 0.284477 0.533910 -0.084307
v 0.285589 0.497383 -0.083299
v 0.303969 0.505321 -0.039689
v 0.128221 0.543852 -0.243819
v 0.138822 0.538433 -0.255330
v -0.296635 0.659647 -0.229316
v -0.296741 0.651987 -0.182694
v -0.329280 0.656007 -0.112368
v -0.332161 0.616998 -0.128592
v -0.141355 0.374591 0.297738
v 0.155554 0.548864 0.289682
v -0.010793 0.620087 0.284820
v -0.028147 0.649827 0.305712
v -0.039895 0.652296 0.311289
v 0.337108 0.504405 -0.173671
v 0.315887 0.473988 -0.016214
v 0.317676 0.449916 0.072713
v 0.318093 0.450557 -0.085137
v 0.316582 0.471565 -0.089840
v 0.318566 0.442271 -0.243049
v 0.324828 0.395534 -0.151488
v 0.325111 0.393960 0.028991
v 0.326200 0.370749 -0.242948
v 0.329399 0.345352 -0.030829
v 0.331388 0.300069 -0.163535
v 0.323003 0.426105 0.202586
v 0.327906 0.365237 0.140713
v 0.315406 0.489499 -0.058416
v 0.329587 0.301214 0.192119
v 0.332980 0.215762 -0.006444
v 0.332847 0.215308 -0.186501
v 0.334207 0.153015 -0.140228
v 0.333596 0.153267 0.014022
v 0.333221 0.204704 0.165815
v 0.315475 0.489335 0.036495
v 0.326835 0.349755 0.234712
v 0.317867 0.473838 0.097957
v 0.330645 0.228114 0.233800
v 0.333186 0.146036 0.239632
v 0.314475 0.484651 -0.239769
v 0.331917 0.146203 -0.244530
v 0.330399 0.193713 -0.243459
v 0.331882 0.146956 0.099404
v 0.318842 0.449300 0.234417
v 0.315923 0.487273 0.114510
v 0.332621 0.146476 -0.144422
v 0.316225 0.396014 0.244599
v 0.324773 0.494134 -0.098658
v 0.346739 0.118472 0.140801
v 0.329943 0.498714 0.079754
v 0.348010 0.119305 -0.113457
v 0.346192 0.067517 0.169850
v 0.349216 0.117826 0.249221
v 0.348808 0.056540 0.253542
v 0.346831 0.000432 -0.083525
v 0.346472 0.065407 -0.106493
v 0.346270 0.070339 -0.244426
v 0.346266 0.000432 -0.245721
v 0.344142 0.117830 -0.255459
v 0.341257 0.065115 -0.258206
v 0.337529 0.507208 -0.016529
v 0.328746 0.496826 0.015257
v 0.337151 0.506066 0.244378
v 0.337909 0.508007 0.142638
v 0.331960 0.506268 0.256905
v 0.326518 0.635007 -0.223415
v 0.313716 0.627888 -0.209504
v 0.305288 0.697039 -0.237650
v 0.334543 0.655101 -0.251662
v 0.335940 0.505835 -0.248147
v 0.338440 0.550001 0.011051
v 0.339136 0.550315 0.158997
v 0.329013 0.647163 0.259432
v 0.336345 0.673228 0.238139
v 0.318766 0.654229 0.216678
v 0.285072 0.746975 0.185908
v 0.288749 0.669532 -0.006516
v 0.286155 0.746391 -0.114084
v 0.297593 0.637205 -0.109883
v 0.326753 0.614623 0.138328
v -0.082720 0.489659 -0.262338
v 0.050435 0.493488 -0.259332
v -0.203296 0.492109 -0.260310
v -0.268869 0.492544 -0.260744
v 0.262930 0.604973 -0.277961
v 0.311762 0.604955 -0.253936
v 0.316321 0.483997 -0.204538
v 0.327771 0.476237 -0.182064
v 0.315439 0.487466 -0.167275
v -0.170607 0.145378 -0.315563
v 0.314157 0.749071 0.185928
v 0.030957 0.105972 -0.288929
v -0.211341 0.556998 0.286202
v -0.303902 0.746283 -0.247208
v -0.299403 0.700110 -0.235631
v -0.296715 0.719784 -0.231366
v -0.296625 0.743654 -0.198241
v -0.299730 0.745880 -0.085365
v -0.298825 0.658777 -0.046931
v -0.299556 0.745898 -0.000358
v -0.297817 0.746368 0.142590
v -0.297135 0.653340 0.146226
v -0.297189 0.746483 0.231052
v -0.304356 0.745984 -0.287718
v -0.311350 0.660008 0.229815
v -0.291316 0.657129 -0.301259
v -0.308101 0.648826 -0.042740
v -0.307846 0.649015 0.037589
v -0.308251 0.621798 -0.042598
v -0.308168 0.621921 0.039824
v -0.319361 0.634544 0.206952
v 0.320137 0.084786 -0.259482
v 0.337387 0.093101 -0.232138
v -0.032228 0.166462 0.302559
v -0.026445 0.142327 0.310936
v -0.025279 0.202644 0.289910
v -0.163632 0.358118 0.286309
v -0.167397 0.362047 0.303971
v -0.307684 0.648963 0.156393
v 0.322807 0.003808 0.010501
v 0.290632 0.000773 -0.192352
v -0.040339 0.500692 0.294211
v -0.055005 0.478445 0.301204
v 0.200627 0.506024 0.276751
v 0.152774 0.497502 0.297694
v 0.162888 0.512682 0.310833
v 0.068935 0.499467 0.309888
v 0.086077 0.501200 0.293178
v -0.024479 0.748491 -0.328054
v 0.138920 0.750517 -0.330723
v 0.129881 0.657498 0.273224
v 0.302782 0.535363 0.160363
v 0.298391 0.530915 0.160047
v 0.314004 0.499750 0.181270
v 0.287566 0.612271 -0.172012
v 0.270530 0.602260 -0.145332
v 0.283408 0.651480 -0.087093
v 0.296450 0.620102 -0.160478
v 0.285436 0.661212 -0.173655
v 0.275977 0.613894 -0.251216
v 0.016854 0.750626 0.309871
v -0.296439 0.744654 -0.236648
v -0.240990 0.543073 -0.261215
v -0.166218 0.358331 -0.291511
v 0.252981 0.613385 0.259810
v 0.270928 0.602886 0.264517
v 0.307153 0.609262 0.249171
v 0.279840 0.600954 0.237227
v -0.209016 0.602834 -0.272711
v 0.148118 0.604773 -0.258003
v -0.027488 0.604586 -0.258504
v 0.221048 0.602776 -0.251540
v 0.264105 0.627762 -0.229554
v -0.062749 0.604224 -0.270938
v -0.075557 0.627299 -0.270188
v -0.251302 0.650895 -0.237394
v -0.323155 0.609627 -0.282259
v -0.296902 0.670735 -0.281839
v -0.327099 0.645608 -0.297852
v -0.296177 0.647594 -0.252764
v -0.296224 0.745356 -0.288563
v 0.295300 0.746704 0.093792
v 0.052252 0.588986 -0.271229
v -0.336518 0.101263 0.233627
v -0.336172 0.089037 0.227697
v -0.317704 0.670868 -0.063839
v 0.301566 0.612230 0.033523
v 0.303989 0.635964 0.027554
v -0.183039 0.197180 0.286984
v -0.164197 0.173542 0.281168
v -0.008443 0.765700 0.287922
v -0.276079 0.495630 0.253069
v -0.275923 0.487832 0.153154
v -0.039409 0.101391 0.258914
v -0.034360 0.661323 0.295671
v -0.028150 0.657408 0.274219
v 0.267835 0.584474 0.108540
v 0.253165 0.578021 0.104484
v 0.269363 0.557884 0.114789
v -0.060863 0.341047 0.310822
v -0.051299 0.367136 0.282488
v 0.256720 0.723284 -0.237552
v 0.223984 0.552306 0.279729
v 0.217095 0.606494 0.269270
v -0.182824 0.338789 0.260838
v 0.298236 0.671342 -0.187380
v 0.295889 0.642760 -0.198183
v -0.321135 0.686895 -0.192596
v 0.284995 0.748850 0.146201
v 0.290726 0.751366 0.135583
v 0.127920 0.651024 0.297043
v 0.254125 0.729888 -0.234468
v -0.012392 0.205768 -0.285793
v -0.014514 0.228911 -0.286246
v 0.252901 0.725471 -0.236575
v 0.254477 0.710036 -0.221448
v 0.270935 0.586520 -0.149952
v 0.273802 0.600352 -0.157750
v 0.271166 0.586531 -0.145424
v -0.296737 0.653860 -0.043987
v -0.296631 0.745277 0.105564
v -0.296711 0.713877 0.218480
v -0.024506 0.015560 -0.337072
v -0.084633 0.070747 -0.339960
v -0.133801 0.089300 -0.329766
v -0.169733 0.068700 -0.335084
v 0.115319 0.086270 -0.334778
v -0.303856 0.093096 -0.289820
v -0.305128 0.095341 -0.141084
v -0.332729 0.093400 -0.137827
v -0.331135 0.090820 -0.309521
v -0.022892 0.745974 -0.301159
v -0.181912 0.744513 -0.286997
v -0.064520 0.745189 -0.286202
v 0.103003 0.745570 -0.320220
v -0.227932 0.746365 -0.311235
v 0.248126 0.643939 0.044735
v 0.274701 0.647158 -0.049872
v 0.274192 0.645336 0.123536
v 0.276376 0.647025 0.187561
v 0.134640 0.643357 0.258508
v 0.094645 0.643668 0.258771
v 0.265060 0.741470 0.199815
v 0.265915 0.657719 0.230930
v 0.267237 0.748430 0.232120
v 0.284401 0.762196 0.199341
v -0.127692 0.337719 0.302028
v -0.111645 0.350776 0.284635
v 0.051840 0.614787 -0.300664
v 0.314534 0.606323 -0.178041
v -0.083615 0.609631 0.280964
v -0.069993 0.578760 0.275656
v 0.212658 0.643452 0.264647
v -0.124877 0.374429 0.289453
v -0.122200 0.356069 0.287139
v -0.038975 0.693153 -0.264761
v -0.327791 0.605238 -0.286644
v -0.300305 0.652693 0.316360
v -0.299755 0.532261 0.237768
v -0.063302 0.654290 0.288042
v 0.300128 0.747632 0.075208
v 0.128843 0.551497 -0.315985
v -0.121975 0.533935 -0.316086
v 0.084624 0.504508 -0.316083
v -0.063633 0.605859 -0.316138
v 0.171258 0.533310 -0.316514
v 0.195986 0.544019 -0.299617
v -0.222814 0.609259 -0.315487
v 0.179577 0.516849 -0.296444
v -0.322557 0.518509 -0.316066
v 0.120606 0.603541 -0.316207
v 0.021392 0.655890 -0.317868
v 0.216461 0.523617 -0.300633
v 0.230666 0.510729 -0.279400
v 0.047539 0.660365 -0.291564
v 0.127006 0.745826 -0.313078
v 0.246190 0.551223 -0.283286
v -0.295795 0.620071 -0.315704
v -0.288752 0.650995 -0.300069
v -0.324606 0.673750 -0.295051
v -0.270508 0.674596 -0.284133
v -0.274338 0.614466 -0.297760
v 0.235605 0.653565 -0.283540
v 0.291891 0.540914 -0.268203
v 0.114892 0.747854 -0.315328
v -0.262274 0.628416 -0.278545
v 0.284058 0.668876 -0.252490
v 0.265569 0.636678 -0.235351
v -0.324957 0.427063 0.088533
v -0.326295 0.376875 0.049892
v -0.325058 0.417145 0.242936
v -0.319856 0.448868 0.186596
v -0.325267 0.374850 0.234629
v -0.317206 0.448446 0.291264
v -0.319479 0.446167 0.085950
v -0.327563 0.363027 0.148717
v -0.321097 0.490402 0.101271
v -0.318640 0.487357 -0.033668
v -0.337139 0.510406 0.082290
v -0.335592 0.509407 0.216409
v -0.337010 0.546155 0.171151
v -0.337594 0.548139 0.082640
v -0.332354 0.553277 0.162262
v -0.327567 0.363259 0.241888
v -0.329507 0.618178 0.094143
v -0.338740 0.651513 0.047689
v -0.331619 0.555134 0.038257
v -0.338960 0.549418 -0.048874
v -0.336723 0.546408 0.197125
v -0.337141 0.543209 0.302301
v -0.330623 0.582424 -0.039291
v -0.329094 0.306890 0.159047
v -0.322716 0.690616 0.089227
v -0.317518 0.479558 0.293611
v -0.333150 0.551631 0.214916
v -0.336522 0.594839 0.281206
v -0.337480 0.652778 0.303780
v -0.328290 0.306346 0.281837
v -0.333309 0.612868 0.277321
v -0.330048 0.284603 0.055306
v -0.338323 0.510149 -0.098853
v -0.331067 0.219531 0.283243
v -0.320263 0.445906 -0.079689
v -0.321782 0.378527 0.295777
v -0.331628 0.617223 -0.041462
v -0.331928 0.215867 0.125825
v -0.333937 0.144355 0.227272
v -0.347554 0.114347 0.321776
v -0.346386 0.117690 0.227875
v -0.345315 0.119103 0.101570
v -0.326723 0.410575 -0.123480
v -0.330292 0.315704 -0.153563
v -0.330185 0.307250 -0.059046
v -0.332259 0.221107 -0.242378
v -0.329493 0.304735 -0.262557
v -0.333746 0.146036 -0.264196
v -0.345013 0.118952 -0.310673
v -0.332961 0.146783 -0.057106
v -0.325152 0.229199 -0.304373
v -0.320730 0.447599 -0.265464
v -0.327678 0.382530 -0.268606
v -0.319008 0.382334 -0.300750
v -0.319884 0.486088 -0.291917
v -0.319587 0.488114 -0.176289
v -0.338701 0.506324 -0.302449
v -0.339050 0.547708 -0.302146
v -0.338919 0.547956 -0.174205
v -0.336406 0.556129 -0.239575
v -0.338907 0.651436 -0.165605
v -0.338939 0.655349 -0.141184
v -0.333422 0.556745 -0.136834
v -0.332338 0.612081 -0.086106
v -0.338041 0.652189 -0.303975
v -0.328556 0.619413 -0.272021
v -0.337043 0.655716 -0.183547
v -0.337689 0.551646 -0.282632
v -0.338469 0.548648 -0.079451
v -0.339450 0.653664 -0.079541
v -0.322331 0.306921 -0.048507
v -0.321464 0.312438 -0.079434
v -0.319396 0.384352 -0.153214
v -0.326943 0.206141 -0.100303
v -0.320970 0.304331 -0.257085
v -0.315772 0.441638 -0.071952
v -0.319655 0.405534 0.112444
v -0.317487 0.436442 0.169798
v -0.321351 0.320450 0.254977
v -0.323790 0.305978 0.042021
v -0.328163 0.230578 0.142475
v -0.328008 0.201216 0.242053
v -0.328265 0.149367 -0.209917
v -0.321976 0.144767 -0.235892
v -0.316370 0.424751 0.287686
v -0.333353 0.129344 -0.261682
v -0.332577 0.101796 -0.315969
v -0.334894 0.101066 -0.251434
v -0.323523 0.134959 -0.303865
v -0.334238 0.121543 -0.140544
v -0.325973 0.208183 -0.255753
v -0.318396 0.388409 -0.268786
v -0.314282 0.489169 -0.256810
v -0.306838 0.430521 -0.292713
v -0.313821 0.322035 -0.292651
v -0.323306 0.147062 0.300064
v -0.309026 0.147188 -0.046314
v -0.317731 0.214382 -0.294777
v -0.318450 0.152288 -0.299805
v -0.021501 0.340300 -0.316251
v 0.012070 0.143824 -0.316032
v -0.004952 0.347873 -0.306039
v 0.064302 0.270432 -0.311521
v 0.125191 0.319467 -0.313988
v 0.122430 0.218529 -0.319486
v 0.161460 0.320693 -0.300907
v 0.033353 0.146607 -0.309785
v 0.117946 0.151100 -0.318720
v 0.227509 0.151306 -0.276853
v 0.216655 0.252388 -0.277585
v 0.134875 0.437711 -0.312031
v -0.023940 0.166279 -0.316300
v 0.030374 0.235074 -0.308720
v -0.031252 0.304739 -0.310800
v 0.110935 0.143668 -0.307952
v -0.060663 0.363460 -0.316768
v -0.090088 0.342361 -0.309696
v -0.132926 0.342490 -0.316569
v -0.127077 0.373334 -0.315139
v 0.009737 0.438843 -0.303786
v 0.323881 0.244138 -0.237809
v 0.228865 0.388160 -0.270186
v 0.315967 0.419940 -0.239396
v 0.235086 0.143041 -0.266010
v 0.242205 0.132296 -0.277711
v 0.237298 0.099220 -0.287606
v 0.115775 0.125947 -0.328690
v 0.018576 0.107361 -0.324767
v 0.322699 0.326897 -0.236182
v -0.118970 0.433037 -0.301530
v -0.127843 0.380589 -0.303716
v -0.231796 0.389363 -0.300736
v -0.307599 0.487854 -0.291397
v -0.265741 0.231163 -0.301698
v -0.205462 0.147957 -0.306905
v 0.016340 0.129149 -0.319622
v 0.326893 0.210678 -0.078691
v 0.329454 0.155900 -0.051108
v 0.328971 0.175281 -0.001007
v 0.326327 0.145505 0.025134
v 0.329223 0.160892 0.137780
v 0.325287 0.298075 -0.023991
v 0.323623 0.342610 -0.088977
v 0.323000 0.362325 0.016195
v 0.322477 0.347858 0.176804
v 0.323324 0.342350 -0.178294
v 0.327284 0.203639 -0.175941
v 0.329605 0.150144 -0.236118
v 0.318257 0.435623 0.004170
v 0.325235 0.288707 0.180901
v 0.321769 0.315970 0.234634
v 0.314550 0.464086 0.232894
v 0.326681 0.145249 0.100742
v 0.334118 0.129798 0.071094
v 0.326281 0.211551 0.185834
v 0.326461 0.146144 -0.135477
v 0.339529 0.117315 0.163561
v 0.339999 0.108215 0.010456
v 0.338999 0.098084 0.036460
v 0.339237 0.097684 -0.083877
v 0.315362 0.448613 0.047282
v 0.312665 0.490486 0.136397
v 0.311850 0.491364 0.013476
v 0.315305 0.448529 -0.124836
v 0.337024 0.126405 -0.102191
v 0.308739 0.491099 -0.234698
v 0.339998 0.118695 -0.147544
v 0.339122 0.094243 -0.159165
v 0.323407 0.155319 0.238395
v 0.339100 0.113954 -0.239570
v 0.335699 0.083589 -0.251090
v 0.337508 0.007791 -0.249614
v 0.339248 0.064772 -0.142650
v 0.339655 0.007285 0.033617
v 0.338119 0.087536 0.153682
v 0.338816 0.005714 0.098664
v 0.338911 0.088563 0.245864
v 0.176395 0.009560 -0.309763
v 0.107009 0.074784 -0.337918
v 0.329368 0.102145 -0.257527
v 0.329401 0.139670 0.235624
v -0.078383 0.392674 0.309029
v -0.037171 0.289774 0.315024
v 0.027094 0.303827 0.313509
v -0.093599 0.343692 0.316581
v 0.042183 0.211339 0.316283
v -0.038896 0.139042 0.320662
v -0.041463 0.461667 0.301816
v 0.047389 0.469145 0.304858
v -0.023385 0.487251 0.302570
v -0.059006 0.504475 0.320622
v 0.131416 0.503435 0.323701
v -0.212048 0.449746 0.301429
v -0.149168 0.380310 0.309626
v 0.032789 0.146622 0.317929
v -0.042397 0.114373 0.340226
v 0.036343 0.113020 0.339446
v -0.055128 0.063524 0.343854
v -0.239646 0.114684 0.337094
v -0.090155 0.001002 0.348691
v -0.236084 0.064394 0.341906
v -0.085622 0.487238 0.302540
v 0.119431 0.110924 0.340177
v 0.212562 0.109903 0.297650
v 0.291353 0.070986 0.270902
v 0.202331 0.143801 0.286828
v 0.324775 0.212665 0.243513
v 0.249025 0.333459 0.267517
v 0.286635 0.444669 0.253931
v 0.316513 0.484321 0.239314
v 0.231853 0.505464 0.293719
v 0.333739 0.551985 0.256094
v 0.256181 0.548703 0.285110
v 0.210759 0.504168 0.301131
v 0.302367 0.553738 0.262940
v 0.303765 0.617439 0.261960
v 0.232168 0.493336 0.314811
v 0.212465 0.553062 0.294372
v 0.307159 0.661277 0.266031
v 0.200972 0.746681 0.259097
v 0.163527 0.686528 0.270524
v 0.146653 0.668481 0.271806
v -0.217566 0.000413 0.345708
v -0.345204 0.000403 0.326682
v -0.333632 0.061769 0.325640
v 0.117782 0.147890 0.321439
v 0.129599 0.452213 0.313055
v -0.315184 0.146300 0.307357
v -0.223437 0.150324 0.308773
v -0.256783 0.222569 0.306331
v -0.319774 0.274268 0.300438
v -0.207747 0.238212 0.308895
v -0.198779 0.200031 0.314975
v -0.208506 0.298320 0.308145
v -0.332071 0.148127 0.293065
v -0.273627 0.320619 0.303034
v -0.196002 0.144671 0.315725
v -0.057992 0.544433 0.321475
v -0.139472 0.544722 0.321198
v -0.064148 0.549483 0.318776
v -0.152728 0.483229 0.302049
v -0.244777 0.484860 0.301410
v -0.244597 0.504652 0.320491
v -0.334673 0.505642 0.315933
v -0.323612 0.548345 0.318214
v -0.300021 0.548675 0.319100
v -0.300621 0.609625 0.320098
v -0.201373 0.604375 0.321941
v -0.210737 0.653021 0.317224
v -0.239630 0.652875 0.315512
v -0.005559 0.551620 0.319694
v 0.132428 0.492797 0.312154
v -0.139569 0.653066 0.322207
v -0.199354 0.288424 0.313967
v 0.217129 0.426295 0.277579
v 0.122740 0.327923 0.319125
v 0.200226 0.269545 0.287040
v -0.167912 0.545544 0.320819
v -0.284282 0.542995 0.321314
v -0.150080 0.503878 0.320199
v -0.197019 0.548069 0.319375
v -0.174613 0.615839 0.309675
v 0.174074 0.547850 0.311786
v 0.130036 0.552179 0.322280
v 0.199214 0.486138 0.284958
v -0.057476 0.652715 0.321318
v -0.028827 0.652498 0.321574
v 0.180205 0.675303 0.300160
v 0.183338 0.619236 0.303179
v 0.258703 0.631399 0.241202
v 0.221599 0.615017 0.290125
v 0.030059 0.987792 -0.018479
v 0.019439 0.984068 0.036688
v -0.008421 0.951245 0.096004
v -0.007817 0.986736 -0.046839
v 0.041544 0.923166 0.128670
v 0.122836 0.909443 0.086899
v 0.111995 0.894159 0.120639
v 0.055287 0.892041 0.159715
v 0.198092 0.826214 0.164987
v 0.161492 0.808339 0.220712
v 0.098282 0.820062 0.247212
v 0.124891 0.782188 0.299212
v 0.212702 0.787288 0.222702
v 0.097651 0.932566 0.001835
v -0.008700 0.825216 0.233971
v -0.119446 0.844841 0.197308
v -0.070610 0.808348 0.252199
v -0.133827 0.767248 0.292562
v -0.136618 0.883311 0.135898
v -0.081384 0.903762 0.142509
v -0.058400 0.766370 0.306556
v 0.095404 0.765552 0.324917
v 0.119232 0.779115 0.326089
v 0.142587 0.879002 0.113995
v -0.216839 0.766272 0.303669
v -0.223236 0.782607 0.285013
v -0.307340 0.779768 0.223409
v -0.325114 0.764498 0.116148
v 0.228635 0.821123 0.150076
v 0.273339 0.784756 0.204283
v 0.241932 0.766179 0.255293
v 0.267952 0.798173 0.159290
v 0.242493 0.815762 0.061729
v 0.299554 0.774410 0.087831
v 0.301103 0.776769 0.124068
v 0.330469 0.759218 0.182650
v 0.296790 0.770988 0.238971
v -0.059101 0.881046 0.156257
v 0.288478 0.781739 -0.006751
v 0.294371 0.781713 -0.106324
v 0.296659 0.778902 -0.178346
v 0.267452 0.802300 -0.101396
v 0.282967 0.787160 -0.195200
v 0.141231 0.885139 -0.103210
v 0.097531 0.927609 -0.081946
v 0.145109 0.882043 0.055419
v -0.120374 0.914380 0.116681
v 0.318961 0.771553 0.215513
v 0.232752 0.821852 -0.130541
v 0.238810 0.817468 -0.055867
v 0.185741 0.852012 0.031964
v 0.125783 0.906767 -0.087787
v 0.320276 0.766883 -0.024299
v 0.293279 0.777426 0.016300
v 0.328353 0.763932 -0.126137
v -0.041615 0.497973 -0.292558
v 0.075889 0.497799 -0.293526
v -0.007502 0.497600 -0.307068
v -0.168300 0.497888 -0.309012
v -0.002537 0.496515 -0.263025
v -0.143467 0.497261 -0.294754
v -0.309891 0.497455 -0.297121
v -0.225017 0.493368 -0.288267
v -0.320337 0.496652 -0.247775
v -0.326529 0.501716 -0.245273
v 0.016950 0.500564 -0.313776
v -0.097720 0.493111 -0.260688
v -0.311299 0.498666 -0.128433
v -0.306170 0.498983 -0.042430
v -0.276659 0.494364 -0.093578
v -0.294272 0.494118 0.056367
v -0.280595 0.498150 0.280783
v -0.209034 0.494550 0.256530
v -0.097363 0.495936 0.282091
v -0.319239 0.497227 0.054197
v -0.324468 0.500476 0.089662
v -0.297955 0.495802 0.296407
v -0.195774 0.497099 0.301906
v 0.271089 0.495202 0.202647
v 0.303763 0.497729 0.176134
v 0.324148 0.497688 0.229770
v 0.277017 0.495889 -0.078900
v 0.330682 0.503948 -0.007787
v 0.320570 0.497366 -0.075226
v 0.322577 0.497166 -0.172924
v 0.299518 0.499315 -0.182863
v 0.311862 0.499721 -0.253876
v 0.288273 0.499764 -0.239463
v 0.285730 0.514109 -0.268100
v 0.247201 0.480291 -0.261167
v 0.330686 0.515292 -0.247113
v -0.306964 0.499145 -0.311654
v 0.229280 0.498549 -0.253033
v 0.206800 0.497315 -0.234034
v 0.320830 0.497274 0.050890
v 0.296641 0.498771 -0.082382
v 0.172971 0.686579 0.263985
v 0.190459 0.643309 0.249774
v 0.247822 0.655568 0.236755
v 0.250758 0.745769 0.233907
v 0.135719 0.750540 0.261055
v 0.335740 0.668598 -0.193319
v 0.321304 0.668401 -0.166834
v 0.326071 0.611680 -0.194150
v 0.328643 0.553481 -0.089049
v 0.324402 0.634655 -0.059624
v 0.329969 0.553865 -0.019651
v 0.326322 0.617525 -0.022705
v 0.337589 0.639336 -0.010692
v 0.324236 0.653956 -0.023444
v 0.237023 0.760299 -0.271775
v 0.280585 0.756587 -0.255353
v 0.187340 0.766058 -0.287067
v 0.179352 0.753942 -0.300733
v 0.098388 0.818444 -0.251254
v 0.183110 0.810735 -0.211469
v 0.057455 0.868133 -0.189934
v -0.006693 0.816337 -0.244818
v -0.000284 0.861255 -0.196080
v -0.051534 0.785974 -0.277858
v -0.070456 0.881621 -0.160484
v -0.119913 0.825400 -0.219791
v -0.217925 0.828696 -0.188113
v -0.078778 0.776404 -0.286339
v -0.279113 0.780880 -0.252292
v -0.135962 0.884276 -0.115821
v -0.177348 0.861450 -0.092435
v -0.140994 0.879610 0.012109
v -0.213120 0.837469 0.121494
v -0.233332 0.816208 0.200004
v -0.294941 0.777191 0.084064
v -0.124448 0.910838 -0.115369
v -0.026301 0.787950 -0.278517
v -0.230406 0.822490 -0.028632
v -0.264595 0.778695 0.258095
v 0.050831 0.902735 -0.156405
v 0.081242 0.777754 -0.301473
v -0.263959 0.802240 -0.168108
v -0.129276 0.905283 0.018009
v -0.084467 0.950518 0.038083
v -0.034184 0.987772 0.033850
v -0.110296 0.925202 -0.057756
v 0.154552 0.862437 -0.140819
v -0.069369 0.951369 -0.080489
v -0.019313 0.913003 -0.143854
v -0.038861 0.985668 -0.033528
v -0.311596 0.749628 0.071914
v -0.305577 0.748700 0.198205
v -0.293908 0.770753 0.206289
v -0.295556 0.748695 0.245592
v -0.295619 0.737514 0.263344
v -0.308983 0.754408 0.105392
v -0.311230 0.767016 0.098870
v -0.299654 0.772732 -0.129112
v -0.308836 0.760007 -0.083596
v -0.304519 0.766363 -0.182633
v -0.019955 0.559899 0.278714
v -0.075174 0.522572 0.293088
v 0.051415 0.555809 0.276583
v -0.067305 0.497422 0.296855
v -0.230922 0.503082 0.293003
v -0.178718 0.527699 0.291514
v -0.157414 0.549192 0.275976
v -0.241898 0.560883 0.293683
v -0.292805 0.503384 0.280713
v -0.272526 0.587103 0.282400
v -0.092773 0.578677 0.282928
v -0.155486 0.603501 0.275933
v -0.137379 0.613044 0.284585
v -0.197272 0.657547 0.280476
v -0.192489 0.622957 0.295665
v -0.243281 0.680470 0.280451
v -0.234084 0.666808 0.274119
v -0.064928 0.745728 0.280862
v -0.243937 0.746599 0.280571
v -0.173645 0.603355 0.282368
v 0.325257 0.513100 0.248614
v 0.297364 0.534936 0.263025
v 0.296293 0.606130 0.262586
v 0.307867 0.551209 0.250156
v -0.327439 0.609639 0.278137
v -0.293354 0.605444 0.229581
v -0.326424 0.574771 0.309587
v -0.327836 0.505076 0.284047
v -0.327568 0.549644 0.020710
v -0.327190 0.607453 0.078686
v -0.327646 0.548885 -0.139210
v -0.327299 0.608956 0.163282
v -0.327743 0.505483 -0.050557
v -0.327597 0.607985 -0.094103
v -0.327329 0.614691 -0.144302
v -0.327780 0.547977 -0.308464
v -0.323130 0.635419 -0.315899
v -0.327760 0.502940 -0.299692
v -0.325254 0.656101 0.042534
v -0.322077 0.498226 -0.115689
v -0.327605 0.553150 0.185757
v -0.327213 0.610050 0.199838
v -0.009745 0.183536 -0.285176
v -0.011752 0.167520 -0.273131
v -0.006341 0.156289 -0.289004
v 0.349216 0.117826 0.249221
v 0.349216 0.117826 0.249221
v 0.348808 0.056540 0.253542
v 0.344142 0.117830 -0.255459
v 0.341257 0.065115 -0.258206
v 0.327569 0.553264 -0.172681
v 0.333041 0.552203 -0.248973
v 0.333041 0.552203 -0.248973
v 0.333041 0.552203 -0.248973
v 0.332424 0.662353 0.132634
v 0.332424 0.662353 0.132634
v 0.332424 0.662353 0.132634
v 0.334731 0.652860 0.109238
v 0.334731 0.652860 0.109238
v 0.330645 0.228114 0.233800
v 0.333186 0.146036 0.239632
v 0.333186 0.146036 0.239632
v 0.323388 0.000568 0.002797
v 0.321425 0.000293 -0.129855
v 0.321425 0.000293 -0.129855
v 0.321425 0.000293 -0.129855
v 0.327391 0.652726 0.247442
v 0.327391 0.652726 0.247442
v 0.327391 0.652726 0.247442
v 0.327391 0.652726 0.247442
v 0.327014 0.648038 0.231499
v 0.327014 0.648038 0.231499
v 0.315887 0.473988 -0.016214
v 0.315406 0.489499 -0.058416
v 0.315475 0.489335 0.036495
v 0.305829 0.664770 0.246806
v 0.305829 0.664770 0.246806
v 0.333739 0.551985 0.256094
v 0.333739 0.551985 0.256094
v 0.333739 0.551985 0.256094
v 0.256181 0.548703 0.285110
v 0.302367 0.553738 0.262940
v 0.338619 0.087586 -0.159488
v 0.338824 0.088977 0.009448
v 0.312665 0.490486 0.136397
v 0.311850 0.491364 0.013476
v 0.320675 0.610743 -0.263801
v 0.320675 0.610743 -0.263801
v 0.297782 0.619047 -0.264395
v 0.297782 0.619047 -0.264395
v 0.314881 0.613824 -0.223202
v 0.314881 0.613824 -0.223202
v 0.314881 0.613824 -0.223202
v 0.314881 0.613824 -0.223202
v 0.314881 0.613824 -0.223202
v 0.287513 0.619555 -0.191293
v 0.287513 0.619555 -0.191293
v 0.287513 0.619555 -0.191293
v 0.287513 0.619555 -0.191293
v 0.287513 0.619555 -0.191293
v 0.287513 0.619555 -0.191293
v 0.288273 0.499764 -0.239463
v 0.288273 0.499764 -0.239463
v 0.288273 0.499764 -0.239463
v 0.288273 0.499764 -0.239463
v 0.288273 0.499764 -0.239463
v 0.288273 0.499764 -0.239463
v 0.285730 0.514109 -0.268100
v 0.285730 0.514109 -0.268100
v 0.285730 0.514109 -0.268100
v 0.285730 0.514109 -0.268100
v 0.285730 0.514109 -0.268100
v 0.308048 0.653211 -0.062659
v 0.308048 0.653211 -0.062659
v 0.308048 0.653211 -0.062659
v 0.308235 0.672201 -0.087170
v 0.308235 0.672201 -0.087170
v 0.308235 0.672201 -0.087170
v 0.306648 0.089245 0.200130
v 0.306648 0.089245 0.200130
v 0.306648 0.089245 0.200130
v 0.272035 0.098368 0.235970
v 0.272035 0.098368 0.235970
v 0.272035 0.098368 0.235970
v 0.262930 0.604973 -0.277961
v 0.262930 0.604973 -0.277961
v 0.311762 0.604955 -0.253936
v 0.276169 0.744908 -0.245347
v 0.276169 0.744908 -0.245347
v 0.304565 0.744619 -0.236999
v 0.304565 0.744619 -0.236999
v 0.268508 0.641457 0.198523
v 0.268508 0.641457 0.198523
v 0.268508 0.641457 0.198523
v 0.299114 0.693525 0.200171
v 0.299114 0.693525 0.200171
v 0.299114 0.693525 0.200171
v 0.232513 0.771384 0.277027
v 0.324544 0.769681 0.239281
v 0.324544 0.769681 0.239281
v 0.324544 0.769681 0.239281
v 0.286857 0.535246 -0.215810
v 0.286857 0.535246 -0.215810
v 0.286857 0.535246 -0.215810
v 0.286857 0.535246 -0.215810
v 0.272877 0.547425 -0.238311
v 0.272877 0.547425 -0.238311
v 0.272877 0.547425 -0.238311
v 0.272877 0.547425 -0.238311
v 0.272877 0.547425 -0.238311
v 0.272877 0.547425 -0.238311
v 0.272877 0.547425 -0.238311
v 0.270935 0.586520 -0.149952
v 0.270935 0.586520 -0.149952
v 0.270935 0.586520 -0.149952
v 0.270935 0.586520 -0.149952
v 0.273802 0.600352 -0.157750
v 0.273802 0.600352 -0.157750
v 0.273802 0.600352 -0.157750
v 0.273802 0.600352 -0.157750
v 0.247836 0.745524 -0.234893
v 0.247836 0.745524 -0.234893
v 0.247836 0.745524 -0.234893
v 0.247836 0.745524 -0.234893
v 0.247836 0.745524 -0.234893
v 0.247836 0.745524 -0.234893
v 0.247836 0.745524 -0.234893
v 0.247836 0.745524 -0.234893
v 0.259650 0.564232 -0.065338
v 0.259650 0.564232 -0.065338
v 0.259650 0.564232 -0.065338
v 0.259650 0.564232 -0.065338
v 0.259650 0.564232 -0.065338
v 0.247170 0.552036 -0.034582
v 0.247170 0.552036 -0.034582
v 0.247170 0.552036 -0.034582
v 0.247170 0.552036 -0.034582
v 0.247170 0.552036 -0.034582
v 0.254290 0.580606 -0.040923
v 0.256608 0.573224 0.066457
v 0.256608 0.573224 0.066457
v 0.256608 0.573224 0.066457
v 0.248637 0.603818 -0.175917
v 0.248637 0.603818 -0.175917
v 0.248637 0.603818 -0.175917
v 0.248637 0.603818 -0.175917
v 0.248543 0.602480 -0.063486
v 0.212227 0.547254 0.261511
v 0.269614 0.546342 0.236226
v 0.269614 0.546342 0.236226
v 0.269614 0.546342 0.236226
v 0.175092 0.770413 0.307751
v 0.134119 0.487820 -0.314060
v 0.134119 0.487820 -0.314060
v 0.238027 0.488140 -0.271717
v 0.181493 0.519704 0.295970
v 0.181493 0.519704 0.295970
v 0.181493 0.519704 0.295970
v 0.181493 0.519704 0.295970
v 0.181493 0.519704 0.295970
v 0.191522 0.497452 0.293825
v 0.191522 0.497452 0.293825
v 0.141336 0.549299 0.273426
v 0.141336 0.549299 0.273426
v 0.141336 0.549299 0.273426
v 0.141336 0.549299 0.273426
v 0.141336 0.549299 0.273426
v 0.182711 0.876873 -0.128496
v 0.091166 0.628483 -0.257104
v 0.171878 0.627919 -0.258151
v 0.242205 0.132296 -0.277711
v 0.115775 0.125947 -0.328690
v 0.118910 0.546849 0.252688
v 0.118910 0.546849 0.252688
v 0.118910 0.546849 0.252688
v 0.104219 0.495399 0.257177
v 0.104219 0.495399 0.257177
v 0.126092 0.488259 0.256979
v 0.126092 0.488259 0.256979
v 0.126092 0.488259 0.256979
v 0.145829 0.704263 -0.277812
v 0.145829 0.704263 -0.277812
v 0.145829 0.704263 -0.277812
v 0.144321 0.746163 -0.278146
v 0.144321 0.746163 -0.278146
v 0.128221 0.543852 -0.243819
v 0.128221 0.543852 -0.243819
v 0.128221 0.543852 -0.243819
v 0.128221 0.543852 -0.243819
v 0.128221 0.543852 -0.243819
v 0.138822 0.538433 -0.255330
v 0.138822 0.538433 -0.255330
v 0.138822 0.538433 -0.255330
v 0.138822 0.538433 -0.255330
v 0.138822 0.538433 -0.255330
v 0.138822 0.538433 -0.255330
v 0.138822 0.538433 -0.255330
v 0.138822 0.538433 -0.255330
v 0.174074 0.547850 0.311786
v 0.130036 0.552179 0.322280
v 0.134315 0.553924 -0.253749
v 0.134315 0.553924 -0.253749
v 0.134315 0.553924 -0.253749
v 0.126651 0.604045 -0.268317
v 0.126651 0.604045 -0.268317
v 0.126651 0.604045 -0.268317
v 0.126651 0.604045 -0.268317
v 0.126651 0.604045 -0.268317
v 0.126651 0.604045 -0.268317
v 0.126651 0.604045 -0.268317
v 0.126651 0.604045 -0.268317
v 0.082651 0.487317 -0.306790
v 0.049521 0.746744 -0.335472
v 0.135474 0.751450 -0.340694
v 0.135474 0.751450 -0.340694
v 0.039375 0.102434 0.327192
v 0.039375 0.102434 0.327192
v 0.039375 0.102434 0.327192
v 0.022251 0.103291 0.316290
v 0.022251 0.103291 0.316290
v 0.022251 0.103291 0.316290
v -0.024525 0.123422 -0.341848
v 0.004212 0.766999 0.331208
v 0.070659 0.766745 0.335659
v 0.011194 0.315899 -0.296106
v 0.011194 0.315899 -0.296106
v 0.019964 0.294468 -0.309576
v 0.019964 0.294468 -0.309576
v 0.019964 0.294468 -0.309576
v 0.015503 0.308916 -0.272849
v 0.015503 0.308916 -0.272849
v 0.034410 0.243453 -0.259161
v -0.000841 0.000678 0.349778
v 0.063426 0.000000 0.347740
v -0.045460 0.746570 -0.327513
v 0.018164 0.284505 0.256083
v -0.039835 0.371976 0.250154
v -0.039835 0.371976 0.250154
v -0.039835 0.371976 0.250154
v -0.063450 0.765830 0.324981
v -0.038896 0.139042 0.320662
v -0.038896 0.139042 0.320662
v -0.038896 0.139042 0.320662
v 0.032789 0.146622 0.317929
v -0.021501 0.340300 -0.316251
v -0.021501 0.340300 -0.316251
v -0.023940 0.166279 -0.316300
v -0.023940 0.166279 -0.316300
v -0.031252 0.304739 -0.310800
v -0.031252 0.304739 -0.310800
v -0.031252 0.304739 -0.310800
v -0.046112 0.375567 -0.293486
v -0.046112 0.375567 -0.293486
v -0.025746 0.238574 -0.264560
v -0.025746 0.238574 -0.264560
v -0.025746 0.238574 -0.264560
v -0.025746 0.238574 -0.264560
v -0.012175 0.242740 -0.263413
v -0.012175 0.242740 -0.263413
v -0.012175 0.242740 -0.263413
v -0.018155 0.656763 0.297182
v -0.018155 0.656763 0.297182
v -0.018155 0.656763 0.297182
v -0.018155 0.656763 0.297182
v -0.018155 0.656763 0.297182
v -0.016341 0.747225 0.290051
v -0.016341 0.747225 0.290051
v -0.016341 0.747225 0.290051
v -0.028427 0.747455 -0.298347
v -0.028427 0.747455 -0.298347
v -0.028427 0.747455 -0.298347
v -0.028427 0.747455 -0.298347
v -0.046800 0.770531 -0.290228
v -0.046800 0.770531 -0.290228
v -0.046800 0.770531 -0.290228
v -0.046800 0.770531 -0.290228
v -0.046800 0.770531 -0.290228
v -0.046800 0.770531 -0.290228
v -0.010793 0.620087 0.284820
v -0.010793 0.620087 0.284820
v -0.010793 0.620087 0.284820
v -0.010793 0.620087 0.284820
v -0.010793 0.620087 0.284820
v -0.010793 0.620087 0.284820
v -0.010793 0.620087 0.284820
v -0.028147 0.649827 0.305712
v -0.028147 0.649827 0.305712
v -0.028147 0.649827 0.305712
v -0.028147 0.649827 0.305712
v -0.058761 0.618570 0.295015
v -0.058761 0.618570 0.295015
v -0.058761 0.618570 0.295015
v -0.058761 0.618570 0.295015
v -0.058761 0.618570 0.295015
v -0.047749 0.659015 0.292703
v -0.047749 0.659015 0.292703
v -0.047749 0.659015 0.292703
v -0.047749 0.659015 0.292703
v -0.047749 0.659015 0.292703
v -0.040339 0.500692 0.294211
v -0.040339 0.500692 0.294211
v -0.055005 0.478445 0.301204
v -0.055005 0.478445 0.301204
v -0.057476 0.652715 0.321318
v -0.057476 0.652715 0.321318
v -0.028827 0.652498 0.321574
v -0.028827 0.652498 0.321574
v -0.028827 0.652498 0.321574
v -0.043924 0.108819 -0.299144
v -0.043924 0.108819 -0.299144
v -0.067164 0.109238 -0.322631
v -0.067164 0.109238 -0.322631
v -0.027488 0.604586 -0.258504
v -0.062749 0.604224 -0.270938
v -0.044715 0.572094 0.259669
v -0.044715 0.572094 0.259669
v -0.062599 0.594706 0.260226
v -0.062599 0.594706 0.260226
v -0.062599 0.594706 0.260226
v -0.062599 0.594706 0.260226
v -0.062599 0.594706 0.260226
v -0.062599 0.594706 0.260226
v -0.064228 0.738849 -0.275426
v -0.057870 0.750800 -0.269077
v -0.064468 0.645930 -0.275393
v -0.064468 0.645930 -0.275393
v -0.062659 0.617972 0.288851
v -0.062659 0.617972 0.288851
v -0.062659 0.617972 0.288851
v -0.131709 0.619368 0.289152
v -0.131709 0.619368 0.289152
v -0.130016 0.385328 0.302724
v -0.130016 0.385328 0.302724
v -0.130016 0.385328 0.302724
v -0.130016 0.385328 0.302724
v -0.080142 0.381708 0.301514
v -0.080142 0.381708 0.301514
v -0.080142 0.381708 0.301514
v -0.080142 0.381708 0.301514
v -0.064496 0.618793 -0.294486
v -0.064496 0.618793 -0.294486
v -0.064496 0.618793 -0.294486
v -0.058984 0.647471 -0.321573
v -0.058984 0.647471 -0.321573
v -0.058984 0.647471 -0.321573
v -0.134818 0.610784 -0.289585
v -0.134818 0.610784 -0.289585
v -0.134818 0.610784 -0.289585
v -0.130009 0.594144 -0.273393
v -0.130009 0.594144 -0.273393
v -0.130009 0.594144 -0.273393
v -0.188604 0.862279 0.189653
v -0.166150 0.203802 0.258259
v -0.136056 0.333152 0.258287
v -0.136056 0.333152 0.258287
v -0.136056 0.333152 0.258287
v -0.071006 0.489435 0.256496
v -0.142119 0.488788 0.256082
v -0.279113 0.780880 -0.252292
v -0.279113 0.780880 -0.252292
v -0.163632 0.358118 0.286309
v -0.163632 0.358118 0.286309
v -0.163632 0.358118 0.286309
v -0.163632 0.358118 0.286309
v -0.167397 0.362047 0.303971
v -0.167397 0.362047 0.303971
v -0.167397 0.362047 0.303971
v -0.280595 0.498150 0.280783
v -0.280595 0.498150 0.280783
v -0.097363 0.495936 0.282091
v -0.161669 0.294008 0.289135
v -0.161669 0.294008 0.289135
v -0.161669 0.294008 0.289135
v -0.161669 0.294008 0.289135
v -0.161669 0.294008 0.289135
v -0.189277 0.288671 0.311484
v -0.189277 0.288671 0.311484
v -0.189277 0.288671 0.311484
v -0.189277 0.288671 0.311484
v -0.171127 0.210746 0.310267
v -0.171127 0.210746 0.310267
v -0.171127 0.210746 0.310267
v -0.199270 0.203223 -0.324246
v -0.204237 0.148436 -0.315356
v -0.204237 0.148436 -0.315356
v -0.204237 0.148436 -0.315356
v -0.187795 0.572657 -0.234521
v -0.187795 0.572657 -0.234521
v -0.187795 0.572657 -0.234521
v -0.187795 0.572657 -0.234521
v -0.187795 0.572657 -0.234521
v -0.170057 0.599053 -0.277723
v -0.170057 0.599053 -0.277723
v -0.170057 0.599053 -0.277723
v -0.170057 0.599053 -0.277723
v -0.170057 0.599053 -0.277723
v -0.187737 0.538417 -0.271488
v -0.187737 0.538417 -0.271488
v -0.187737 0.538417 -0.271488
v -0.175287 0.535993 -0.233777
v -0.175287 0.535993 -0.233777
v -0.175287 0.535993 -0.233777
v -0.185123 0.320146 -0.315071
v -0.185123 0.320146 -0.315071
v -0.199436 0.289040 -0.315879
v -0.197818 0.185665 0.259077
v -0.197818 0.185665 0.259077
v -0.197520 0.161341 0.259786
v -0.196255 0.570168 0.282217
v -0.196255 0.570168 0.282217
v -0.196255 0.570168 0.282217
v -0.202891 0.546495 0.310733
v -0.202891 0.546495 0.310733
v -0.202891 0.546495 0.310733
v -0.208840 0.298470 -0.311411
v -0.208840 0.298470 -0.311411
v -0.207986 0.222488 -0.312534
v -0.231165 0.653977 0.277837
v -0.231165 0.653977 0.277837
v -0.199158 0.654662 0.281564
v -0.199158 0.654662 0.281564
v -0.199158 0.654662 0.281564
v -0.243281 0.680470 0.280451
v -0.243281 0.680470 0.280451
v -0.243937 0.746599 0.280571
v -0.243937 0.746599 0.280571
v -0.247268 0.626975 -0.176515
v -0.247268 0.626975 -0.176515
v -0.245323 0.639373 -0.233270
v -0.245323 0.639373 -0.233270
v -0.245323 0.639373 -0.233270
v -0.245323 0.639373 -0.233270
v -0.245323 0.639373 -0.233270
v -0.253555 0.596846 0.285016
v -0.253555 0.596846 0.285016
v -0.253555 0.596846 0.285016
v -0.253555 0.596846 0.285016
v -0.253555 0.596846 0.285016
v -0.253555 0.596846 0.285016
v -0.252472 0.642381 0.265388
v -0.252472 0.642381 0.265388
v -0.252472 0.642381 0.265388
v -0.252472 0.642381 0.265388
v -0.247002 0.745885 -0.284741
v -0.247002 0.745885 -0.284741
v -0.247002 0.745885 -0.284741
v -0.247002 0.745885 -0.284741
v -0.247002 0.745885 -0.284741
v -0.249563 0.754772 -0.257320
v -0.249563 0.754772 -0.257320
v -0.185381 0.502838 0.310667
v -0.302572 0.502841 0.310726
v -0.302572 0.502841 0.310726
v -0.266500 0.613624 0.294998
v -0.266500 0.613624 0.294998
v -0.266500 0.613624 0.294998
v -0.267282 0.729075 0.293539
v -0.266482 0.626591 0.056185
v -0.268135 0.645474 0.095368
v -0.268135 0.645474 0.095368
v -0.268135 0.645474 0.095368
v -0.269527 0.631008 0.196498
v -0.269527 0.631008 0.196498
v -0.269527 0.631008 0.196498
v -0.264442 0.644383 0.222036
v -0.264442 0.644383 0.222036
v -0.264442 0.644383 0.222036
v -0.264442 0.644383 0.222036
v -0.264442 0.644383 0.222036
v -0.276079 0.495630 0.253069
v -0.276079 0.495630 0.253069
v -0.275923 0.487832 0.153154
v -0.275923 0.487832 0.153154
v -0.275923 0.487832 0.153154
v -0.293359 0.779972 -0.018641
v -0.290140 0.782957 -0.065412
v -0.306170 0.498983 -0.042430
v -0.306170 0.498983 -0.042430
v -0.294272 0.494118 0.056367
v -0.239100 0.617697 0.315523
v -0.239100 0.617697 0.315523
v -0.239100 0.617697 0.315523
v -0.320834 0.648324 0.318694
v -0.320834 0.648324 0.318694
v -0.320834 0.648324 0.318694
v -0.320834 0.648324 0.318694
v -0.283260 0.488602 0.023162
v -0.277653 0.481604 0.068770
v -0.297817 0.746368 0.142590
v -0.297189 0.746483 0.231052
v -0.297189 0.746483 0.231052
v -0.297189 0.746483 0.231052
v -0.308251 0.621798 -0.042598
v -0.308251 0.621798 -0.042598
v -0.308168 0.621921 0.039824
v -0.308168 0.621921 0.039824
v -0.345204 0.000403 0.326682
v -0.345204 0.000403 0.326682
v -0.345204 0.000403 0.326682
v -0.333632 0.061769 0.325640
v -0.306838 0.430521 -0.292713
v -0.313821 0.322035 -0.292651
v -0.297463 0.000539 -0.288431
v -0.318196 0.000789 -0.215822
v -0.318196 0.000789 -0.215822
v -0.335448 0.006235 0.042410
v -0.335448 0.006235 0.042410
v -0.311127 0.006695 0.043863
v -0.311127 0.006695 0.043863
v -0.311127 0.006695 0.043863
v -0.310711 0.501878 0.073136
v -0.309478 0.501624 0.233865
v -0.318729 0.747634 0.032118
v -0.325176 0.224438 -0.050164
v -0.327570 0.150575 -0.062068
v -0.327570 0.150575 -0.062068
v -0.327570 0.150575 -0.062068
v -0.327570 0.150575 -0.062068
v -0.325627 0.750419 0.072404
v -0.327354 0.752245 0.276051
v -0.327354 0.752245 0.276051
v -0.327354 0.752245 0.276051
v -0.337956 0.657460 0.196772
v -0.337956 0.657460 0.196772
v -0.332664 0.612266 0.203913
v -0.332664 0.612266 0.203913
v -0.333970 0.752584 0.284023
v -0.333970 0.752584 0.284023
v -0.329937 0.746468 0.209643
v -0.332711 0.008049 -0.046206
v -0.332711 0.008049 -0.046206
v -0.331611 0.005335 -0.224054
v -0.336518 0.101263 0.233627
v -0.336518 0.101263 0.233627
v -0.336172 0.089037 0.227697
v -0.336172 0.089037 0.227697
v -0.336522 0.594839 0.281206
v -0.333309 0.612868 0.277321
v -0.333309 0.612868 0.277321
v -0.337141 0.543209 0.302301
v -0.337141 0.543209 0.302301
v -0.337141 0.543209 0.302301
v -0.333150 0.551631 0.214916
v -0.337480 0.652778 0.303780
v 0.328123 0.555354 0.142965
v 0.328260 0.554695 0.225365
v 0.328260 0.554695 0.225365
v 0.337989 0.654707 0.008645
v 0.337989 0.654707 0.008645
v 0.337989 0.654707 0.008645
v 0.328726 0.554200 0.014161
v 0.328726 0.554200 0.014161
v 0.328726 0.554200 0.014161
v 0.299802 0.747191 -0.234951
v 0.299802 0.747191 -0.234951
v 0.299802 0.747191 -0.234951
v 0.299802 0.747191 -0.234951
v 0.328925 0.763565 -0.216127
v 0.328925 0.763565 -0.216127
v 0.328925 0.763565 -0.216127
v 0.324402 0.634655 -0.059624
v 0.324402 0.634655 -0.059624
v 0.326322 0.617525 -0.022705
v 0.326322 0.617525 -0.022705
v 0.326322 0.617525 -0.022705
v 0.326322 0.617525 -0.022705
v 0.315557 0.557687 0.058601
v 0.315557 0.557687 0.058601
v 0.330590 0.541233 -0.039864
v 0.330590 0.541233 -0.039864
v 0.330419 0.542238 0.130973
v 0.330419 0.542238 0.130973
v 0.330419 0.542238 0.130973
v 0.330419 0.542238 0.130973
v 0.326518 0.635007 -0.223415
v 0.313716 0.627888 -0.209504
v 0.313716 0.627888 -0.209504
v 0.313716 0.627888 -0.209504
v 0.313716 0.627888 -0.209504
v 0.313716 0.627888 -0.209504
v 0.313716 0.627888 -0.209504
v 0.313716 0.627888 -0.209504
v 0.321769 0.315970 0.234634
v 0.323407 0.155319 0.238395
v 0.323407 0.155319 0.238395
v 0.316008 0.004131 -0.273118
v 0.341162 0.002816 -0.258385
v 0.341162 0.002816 -0.258385
v 0.317676 0.449916 0.072713
v 0.317867 0.473838 0.097957
v 0.317867 0.473838 0.097957
v 0.315923 0.487273 0.114510
v 0.315923 0.487273 0.114510
v 0.282107 0.804608 -0.201034
v 0.334628 0.768095 -0.229778
v 0.334628 0.768095 -0.229778
v 0.304076 0.746025 -0.189576
v 0.311489 0.746224 -0.213576
v 0.311489 0.746224 -0.213576
v 0.310793 0.097090 -0.152299
v 0.310793 0.097090 -0.152299
v 0.311955 0.091672 0.031370
v 0.314874 0.596534 0.127954
v 0.314874 0.596534 0.127954
v 0.314874 0.596534 0.127954
v 0.314874 0.596534 0.127954
v 0.314550 0.464086 0.232894
v 0.284370 0.647726 -0.174644
v 0.284370 0.647726 -0.174644
v 0.284370 0.647726 -0.174644
v 0.312789 0.672460 -0.175222
v 0.312789 0.672460 -0.175222
v 0.301566 0.612230 0.033523
v 0.301566 0.612230 0.033523
v 0.301566 0.612230 0.033523
v 0.303989 0.635964 0.027554
v 0.303989 0.635964 0.027554
v 0.302782 0.535363 0.160363
v 0.302782 0.535363 0.160363
v 0.302782 0.535363 0.160363
v 0.298391 0.530915 0.160047
v 0.298391 0.530915 0.160047
v 0.298391 0.530915 0.160047
v 0.314004 0.499750 0.181270
v 0.314004 0.499750 0.181270
v 0.314004 0.499750 0.181270
v 0.286092 0.745996 -0.177945
v 0.286092 0.745996 -0.177945
v 0.311528 0.487947 -0.091965
v 0.311907 0.493373 -0.140395
v 0.296450 0.620102 -0.160478
v 0.296450 0.620102 -0.160478
v 0.296450 0.620102 -0.160478
v 0.296450 0.620102 -0.160478
v 0.285436 0.661212 -0.173655
v 0.285436 0.661212 -0.173655
v 0.285436 0.661212 -0.173655
v 0.281464 0.548670 0.129064
v 0.281464 0.548670 0.129064
v 0.279161 0.543838 0.035871
v 0.271116 0.646022 0.006916
v 0.274882 0.647069 0.055345
v 0.258396 0.597122 0.023377
v 0.258396 0.597122 0.023377
v 0.270762 0.587202 0.085697
v 0.270762 0.587202 0.085697
v 0.270762 0.587202 0.085697
v 0.270762 0.587202 0.085697
v 0.270762 0.587202 0.085697
v 0.247201 0.480291 -0.261167
v 0.247201 0.480291 -0.261167
v 0.247201 0.480291 -0.261167
v 0.247201 0.480291 -0.261167
v 0.237619 0.601330 0.234511
v 0.237619 0.601330 0.234511
v 0.237619 0.601330 0.234511
v 0.237619 0.601330 0.234511
v 0.271120 0.600660 0.220901
v 0.271120 0.600660 0.220901
v 0.252760 0.624361 0.051292
v 0.252612 0.625673 0.233656
v 0.252612 0.625673 0.233656
v 0.252612 0.625673 0.233656
v 0.235576 0.839058 -0.158069
v 0.244400 0.756968 0.058907
v 0.248190 0.758596 -0.122040
v 0.248190 0.758596 -0.122040
v 0.248190 0.758596 -0.122040
v 0.244644 0.749729 0.161088
v 0.244644 0.749729 0.161088
v 0.212540 0.655216 -0.265619
v 0.212540 0.655216 -0.265619
v 0.226208 0.680032 -0.253558
v 0.226208 0.680032 -0.253558
v 0.192089 0.764563 0.262505
v 0.192089 0.764563 0.262505
v 0.192089 0.764563 0.262505
v 0.192089 0.764563 0.262505
v 0.203824 0.756105 0.289096
v 0.203824 0.756105 0.289096
v 0.203824 0.756105 0.289096
v 0.203824 0.756105 0.289096
v 0.201499 0.002670 -0.314782
v 0.121608 0.003136 -0.342538
v 0.204216 0.604391 0.294482
v 0.204216 0.604391 0.294482
v 0.204216 0.604391 0.294482
v 0.204216 0.604391 0.294482
v 0.167980 0.651900 0.295216
v 0.167980 0.651900 0.295216
v 0.158066 0.749401 0.279018
v 0.158066 0.749401 0.279018
v 0.191620 0.489117 -0.286198
v 0.191620 0.489117 -0.286198
v 0.134082 0.489524 -0.305969
v 0.145126 0.618805 -0.279877
v 0.145126 0.618805 -0.279877
v 0.145126 0.618805 -0.279877
v 0.145126 0.618805 -0.279877
v 0.144191 0.628684 -0.271407
v 0.144191 0.628684 -0.271407
v 0.145287 0.647192 0.276962
v 0.145287 0.647192 0.276962
v 0.145287 0.647192 0.276962
v 0.145287 0.647192 0.276962
v 0.145287 0.647192 0.276962
v 0.145287 0.647192 0.276962
v 0.145287 0.647192 0.276962
v 0.144578 0.644160 0.269723
v 0.144578 0.644160 0.269723
v 0.144578 0.644160 0.269723
v 0.144578 0.644160 0.269723
v 0.098617 0.631081 0.260450
v 0.155538 0.630369 0.256074
v 0.100417 0.764296 0.306490
v 0.143950 0.764934 0.282720
v 0.143950 0.764934 0.282720
v 0.143950 0.764934 0.282720
v 0.143950 0.764934 0.282720
v 0.143950 0.764934 0.282720
v 0.143950 0.764934 0.282720
v 0.103901 0.002582 0.324801
v 0.103901 0.002582 0.324801
v 0.142642 0.001778 0.311460
v 0.142642 0.001778 0.311460
v 0.134640 0.643357 0.258508
v 0.134640 0.643357 0.258508
v 0.094645 0.643668 0.258771
v 0.094645 0.643668 0.258771
v 0.123784 0.001607 0.340432
v -0.000347 0.603763 -0.227694
v -0.000347 0.603763 -0.227694
v -0.000347 0.603763 -0.227694
v 0.102036 0.585058 -0.231925
v 0.102036 0.585058 -0.231925
v 0.102036 0.585058 -0.231925
v 0.102036 0.585058 -0.231925
v 0.052823 0.631014 0.270249
v 0.052823 0.631014 0.270249
v 0.048388 0.768568 0.302054
v 0.048388 0.768568 0.302054
v 0.048388 0.768568 0.302054
v 0.062534 0.599759 0.310792
v 0.062534 0.599759 0.310792
v 0.100123 0.602868 0.310933
v 0.100123 0.602868 0.310933
v 0.068912 0.002394 0.323090
v 0.038891 0.587656 -0.241944
v 0.038891 0.587656 -0.241944
v 0.038891 0.587656 -0.241944
v 0.038891 0.587656 -0.241944
v 0.038891 0.587656 -0.241944
v 0.038891 0.587656 -0.241944
v 0.033662 0.206357 0.292420
v 0.033662 0.206357 0.292420
v 0.018183 0.267193 0.292479
v -0.024479 0.748491 -0.328054
v -0.024479 0.748491 -0.328054
v 0.138920 0.750517 -0.330723
v 0.138920 0.750517 -0.330723
v 0.140973 0.545101 -0.328526
v 0.013736 0.660766 -0.321135
v 0.038224 0.612967 -0.322009
v 0.038224 0.612967 -0.322009
v 0.038224 0.612967 -0.322009
v 0.038224 0.612967 -0.322009
v 0.038224 0.612967 -0.322009
v 0.022546 0.698443 -0.291584
v 0.022546 0.698443 -0.291584
v 0.022546 0.698443 -0.291584
v 0.022546 0.698443 -0.291584
v -0.009745 0.183536 -0.285176
v -0.011752 0.167520 -0.273131
v 0.012070 0.143824 -0.316032
v 0.012070 0.143824 -0.316032
v 0.012070 0.143824 -0.316032
v -0.041463 0.461667 0.301816
v -0.059006 0.504475 0.320622
v -0.059006 0.504475 0.320622
v -0.059006 0.504475 0.320622
v -0.039895 0.652296 0.311289
v -0.039895 0.652296 0.311289
v -0.039895 0.652296 0.311289
v -0.085622 0.487238 0.302540
v -0.066444 0.092395 -0.256688
v -0.066444 0.092395 -0.256688
v -0.066444 0.092395 -0.256688
v -0.079677 0.092792 -0.295755
v -0.103136 0.382047 -0.259797
v -0.036325 0.375097 -0.262327
v -0.036325 0.375097 -0.262327
v -0.062913 0.594004 -0.275216
v -0.126598 0.143230 -0.319920
v -0.019657 0.143036 -0.324469
v -0.019657 0.143036 -0.324469
v -0.019657 0.143036 -0.324469
v -0.149189 0.698124 -0.286499
v -0.149189 0.698124 -0.286499
v -0.149189 0.698124 -0.286499
v -0.126431 0.654334 -0.286898
v -0.152728 0.483229 0.302049
v -0.159800 0.353614 -0.322139
v -0.159800 0.353614 -0.322139
v -0.138004 0.382620 -0.309167
v -0.138004 0.382620 -0.309167
v -0.138004 0.382620 -0.309167
v -0.272181 0.483699 -0.299783
v -0.025007 0.484951 -0.301817
v -0.058400 0.766370 0.306556
v -0.058400 0.766370 0.306556
v -0.058400 0.766370 0.306556
v -0.216839 0.766272 0.303669
v -0.216839 0.766272 0.303669
v -0.216839 0.766272 0.303669
v -0.156179 0.200314 0.316876
v -0.153431 0.143252 0.315042
v -0.153431 0.143252 0.315042
v -0.153431 0.143252 0.315042
v -0.199329 0.294489 -0.323645
v -0.173737 0.616744 -0.288887
v -0.173737 0.616744 -0.288887
v -0.173737 0.616744 -0.288887
v -0.173737 0.616744 -0.288887
v -0.169126 0.786950 0.267749
v -0.169126 0.786950 0.267749
v -0.133759 0.760356 0.266791
v -0.133759 0.760356 0.266791
v -0.244777 0.484860 0.301410
v -0.193278 0.205182 -0.262495
v -0.193278 0.205182 -0.262495
v -0.189246 0.137855 -0.265633
v -0.200729 0.142020 -0.296515
v -0.200729 0.142020 -0.296515
v -0.216019 0.129289 -0.319017
v -0.216019 0.129289 -0.319017
v -0.216019 0.129289 -0.319017
v -0.233600 0.611824 -0.321935
v -0.233600 0.611824 -0.321935
v -0.235823 0.654438 -0.321723
v -0.185545 0.594058 0.226847
v -0.185545 0.594058 0.226847
v -0.185545 0.594058 0.226847
v -0.185545 0.594058 0.226847
v -0.185545 0.594058 0.226847
v -0.185545 0.594058 0.226847
v -0.185545 0.594058 0.226847
v -0.203246 0.592884 0.277274
v -0.203246 0.592884 0.277274
v -0.203246 0.592884 0.277274
v -0.203246 0.592884 0.277274
v -0.203246 0.592884 0.277274
v -0.253884 0.603602 0.271392
v -0.253884 0.603602 0.271392
v -0.253884 0.603602 0.271392
v -0.253884 0.603602 0.271392
v -0.253884 0.603602 0.271392
v -0.268185 0.599854 0.274692
v -0.268185 0.599854 0.274692
v -0.268185 0.599854 0.274692
v -0.268185 0.599854 0.274692
v -0.251986 0.649310 0.296488
v -0.251986 0.649310 0.296488
v -0.251986 0.649310 0.296488
v -0.247572 0.643382 0.268604
v -0.247572 0.643382 0.268604
v -0.247572 0.643382 0.268604
v -0.247572 0.643382 0.268604
v -0.247572 0.643382 0.268604
v -0.247572 0.643382 0.268604
v -0.247572 0.643382 0.268604
v -0.319764 0.001687 0.261220
v -0.319764 0.001687 0.261220
v -0.141790 0.001583 0.286933
v -0.241042 0.620226 -0.312787
v -0.241042 0.620226 -0.312787
v -0.241042 0.620226 -0.312787
v -0.271792 0.618661 -0.301092
v -0.271792 0.618661 -0.301092
v -0.271792 0.618661 -0.301092
v -0.311009 0.766359 -0.291847
v -0.311009 0.766359 -0.291847
v -0.311009 0.766359 -0.291847
v -0.311009 0.766359 -0.291847
v -0.311009 0.766359 -0.291847
v -0.311009 0.766359 -0.291847
v -0.311009 0.766359 -0.291847
v -0.311009 0.766359 -0.291847
v -0.257399 0.765164 -0.282431
v -0.257399 0.765164 -0.282431
v -0.257399 0.765164 -0.282431
v -0.257399 0.765164 -0.282431
v -0.245981 0.645663 -0.083759
v -0.245981 0.645663 -0.083759
v -0.248159 0.645107 0.129477
v -0.248159 0.645107 0.129477
v -0.183594 0.488230 0.294936
v -0.293866 0.487474 0.288575
v -0.293866 0.487474 0.288575
v -0.264723 0.759462 0.262398
v -0.264723 0.759462 0.262398
v -0.264723 0.759462 0.262398
v -0.264723 0.759462 0.262398
v -0.264723 0.759462 0.262398
v -0.227624 0.759624 0.296640
v -0.227624 0.759624 0.296640
v -0.227624 0.759624 0.296640
v -0.227624 0.759624 0.296640
v -0.227624 0.759624 0.296640
v -0.227624 0.759624 0.296640
v -0.227624 0.759624 0.296640
v -0.262430 0.747141 0.286020
v -0.262430 0.747141 0.286020
v -0.262430 0.747141 0.286020
v -0.278462 0.631899 0.048635
v -0.278462 0.631899 0.048635
v -0.278462 0.631899 0.048635
v -0.278462 0.631899 0.048635
v -0.321797 0.749421 0.296395
v -0.321797 0.749421 0.296395
v -0.321797 0.749421 0.296395
v -0.321797 0.749421 0.296395
v -0.333283 0.767645 0.293195
v -0.333283 0.767645 0.293195
v -0.333283 0.767645 0.293195
v -0.333283 0.767645 0.293195
v -0.288944 0.622693 -0.301935
v -0.288944 0.622693 -0.301935
v -0.288944 0.622693 -0.301935
v -0.288944 0.622693 -0.301935
v -0.279540 0.757730 -0.187833
v -0.279437 0.757296 0.042735
v -0.279437 0.757296 0.042735
v -0.277107 0.544138 0.063400
v -0.277107 0.544138 0.063400
v -0.277107 0.544138 0.063400
v -0.281864 0.611172 0.094500
v -0.281864 0.611172 0.094500
v -0.281864 0.611172 0.094500
v -0.281864 0.611172 0.094500
v -0.281864 0.611172 0.094500
v -0.281864 0.611172 0.094500
v -0.293542 0.774785 -0.238663
v -0.293542 0.774785 -0.238663
v -0.293542 0.774785 -0.238663
v -0.293542 0.774785 -0.238663
v -0.277981 0.539218 0.186604
v -0.295556 0.748695 0.245592
v -0.295556 0.748695 0.245592
v -0.295619 0.737514 0.263344
v -0.295619 0.737514 0.263344
v -0.295619 0.737514 0.263344
v -0.297114 0.653122 -0.320688
v -0.297114 0.653122 -0.320688
v -0.297114 0.653122 -0.320688
v -0.297114 0.653122 -0.320688
v -0.322830 0.612207 -0.321728
v -0.322830 0.612207 -0.321728
v -0.322830 0.612207 -0.321728
v -0.322830 0.612207 -0.321728
v -0.312760 0.484241 0.026689
v -0.313726 0.482473 0.134693
v -0.319748 0.652611 -0.321652
v -0.319748 0.652611 -0.321652
v -0.327489 0.609092 -0.050834
v -0.327489 0.609092 -0.050834
v -0.309689 0.612502 -0.046366
v -0.309689 0.612502 -0.046366
v -0.309689 0.612502 -0.046366
v -0.309689 0.612502 -0.046366
v -0.309689 0.612502 -0.046366
v -0.309689 0.612502 -0.046366
v -0.325899 0.658934 0.176734
v -0.325899 0.658934 0.176734
v -0.294765 0.637561 0.199185
v -0.294765 0.637561 0.199185
v -0.294765 0.637561 0.199185
v -0.325052 0.621181 0.233625
v -0.325052 0.621181 0.233625
v -0.325052 0.621181 0.233625
v -0.296794 0.621633 0.254323
v -0.296794 0.621633 0.254323
v -0.326510 0.621070 0.265983
v -0.326510 0.621070 0.265983
v -0.326510 0.621070 0.265983
v -0.325132 0.654843 0.265415
v -0.325132 0.654843 0.265415
v -0.325132 0.654843 0.265415
v -0.325330 0.749914 -0.264994
v -0.325330 0.749914 -0.264994
v -0.325330 0.749914 -0.264994
v -0.296461 0.746939 -0.251273
v -0.296461 0.746939 -0.251273
v -0.296461 0.746939 -0.251273
v -0.296461 0.746939 -0.251273
v -0.296461 0.746939 -0.251273
v -0.296461 0.746939 -0.251273
v -0.308145 0.398141 -0.044510
v -0.308145 0.398141 -0.044510
v -0.318790 0.406022 -0.047248
v -0.318790 0.406022 -0.047248
v -0.318790 0.406022 -0.047248
v -0.313121 0.767090 -0.077568
v -0.310327 0.765849 0.014092
v -0.326160 0.094083 0.286677
v -0.326160 0.094083 0.286677
v -0.337738 0.110109 0.312018
v -0.337738 0.110109 0.312018
v -0.337738 0.110109 0.312018
v -0.337738 0.110109 0.312018
v -0.337738 0.110109 0.312018
v -0.337738 0.110109 0.312018
v -0.337738 0.110109 0.312018
v -0.319884 0.486088 -0.291917
v -0.319884 0.486088 -0.291917
v -0.319587 0.488114 -0.176289
v -0.306045 0.781856 0.273731
v -0.306045 0.781856 0.273731
v -0.306045 0.781856 0.273731
v -0.307482 0.758716 0.295415
v -0.307482 0.758716 0.295415
v -0.307482 0.758716 0.295415
v -0.320881 0.694224 -0.293288
v -0.320881 0.694224 -0.293288
v -0.320881 0.694224 -0.293288
v -0.320881 0.694224 -0.293288
v -0.330623 0.582424 -0.039291
v -0.331628 0.617223 -0.041462
v -0.331628 0.617223 -0.041462
v -0.335003 0.753324 -0.063839
v -0.338367 0.171354 0.048796
v -0.342423 0.113956 0.039354
v 0.336401 0.558389 0.239713
v 0.336401 0.558389 0.239713
v 0.329895 0.579768 -0.250209
v 0.329895 0.579768 -0.250209
v 0.329851 0.654435 -0.253054
v 0.329851 0.654435 -0.253054
v 0.330682 0.503948 -0.007787
v 0.322577 0.497166 -0.172924
v 0.322577 0.497166 -0.172924
v 0.322577 0.497166 -0.172924
v 0.322577 0.497166 -0.172924
v 0.315885 0.564705 0.221542
v 0.315885 0.564705 0.221542
v 0.318240 0.555187 0.146593
v 0.318240 0.555187 0.146593
v 0.323248 0.003591 -0.123061
v 0.323248 0.003591 -0.123061
v 0.323248 0.003591 -0.123061
v 0.305288 0.697039 -0.237650
v 0.305288 0.697039 -0.237650
v 0.305288 0.697039 -0.237650
v 0.305288 0.697039 -0.237650
v 0.294181 0.713273 0.232799
v 0.294181 0.713273 0.232799
v 0.288954 0.610877 0.210505
v 0.288954 0.610877 0.210505
v 0.288954 0.610877 0.210505
v 0.288954 0.610877 0.210505
v 0.307760 0.669244 0.217172
v 0.307760 0.669244 0.217172
v 0.307760 0.669244 0.217172
v 0.307760 0.669244 0.217172
v 0.307760 0.669244 0.217172
v 0.307760 0.669244 0.217172
v 0.312581 0.622474 0.191292
v 0.312581 0.622474 0.191292
v 0.312581 0.622474 0.191292
v 0.319479 0.666097 0.182275
v 0.319479 0.666097 0.182275
v 0.279631 0.608547 0.130665
v 0.279631 0.608547 0.130665
v 0.279631 0.608547 0.130665
v 0.279631 0.608547 0.130665
v 0.281772 0.652995 0.138307
v 0.281772 0.652995 0.138307
v 0.281772 0.652995 0.138307
v 0.328783 0.751857 0.238226
v 0.328783 0.751857 0.238226
v 0.328783 0.751857 0.238226
v 0.241459 0.745774 -0.249331
v 0.279115 0.750489 -0.238648
v 0.279115 0.750489 -0.238648
v 0.279115 0.750489 -0.238648
v 0.279115 0.750489 -0.238648
v 0.279115 0.750489 -0.238648
v 0.267835 0.584474 0.108540
v 0.267835 0.584474 0.108540
v 0.269363 0.557884 0.114789
v 0.269363 0.557884 0.114789
v 0.253165 0.578021 0.104484
v 0.253165 0.578021 0.104484
v 0.284632 0.746692 -0.251664
v 0.179837 0.745657 -0.302395
v 0.187895 0.872933 0.131491
v 0.251095 0.823678 0.182006
v 0.186299 0.766517 -0.307634
v 0.186299 0.766517 -0.307634
v 0.186299 0.766517 -0.307634
v 0.260533 0.765582 -0.269936
v 0.210759 0.504168 0.301131
v 0.210759 0.504168 0.301131
v 0.210759 0.504168 0.301131
v 0.232168 0.493336 0.314811
v 0.232168 0.493336 0.314811
v 0.232168 0.493336 0.314811
v 0.188257 0.615159 0.262857
v 0.188257 0.615159 0.262857
v 0.188257 0.615159 0.262857
v 0.175502 0.658734 0.272782
v 0.203308 0.631811 -0.259512
v 0.203308 0.631811 -0.259512
v 0.198349 0.555054 0.274358
v 0.198349 0.555054 0.274358
v 0.235577 0.552629 -0.291102
v 0.152774 0.497502 0.297694
v 0.152774 0.497502 0.297694
v 0.152774 0.497502 0.297694
v 0.152774 0.497502 0.297694
v 0.162888 0.512682 0.310833
v 0.162888 0.512682 0.310833
v 0.162888 0.512682 0.310833
v 0.163527 0.686528 0.270524
v 0.163527 0.686528 0.270524
v 0.163527 0.686528 0.270524
v 0.163527 0.686528 0.270524
v 0.163527 0.686528 0.270524
v 0.146653 0.668481 0.271806
v 0.146653 0.668481 0.271806
v 0.146653 0.668481 0.271806
v 0.068935 0.499467 0.309888
v 0.068935 0.499467 0.309888
v 0.203118 0.001194 0.301363
v 0.110135 0.092568 0.329555
v 0.178436 0.091219 0.300881
v 0.099090 0.120643 0.330498
v 0.099090 0.120643 0.330498
v 0.114516 0.138027 0.317143
v 0.140212 0.102088 0.316866
v 0.140212 0.102088 0.316866
v 0.055753 0.008630 -0.344143
v 0.095404 0.765552 0.324917
v 0.095404 0.765552 0.324917
v 0.119232 0.779115 0.326089
v 0.119232 0.779115 0.326089
v 0.119232 0.779115 0.326089
v 0.033353 0.146607 -0.309785
v 0.033353 0.146607 -0.309785
v 0.033353 0.146607 -0.309785
v 0.033353 0.146607 -0.309785
v 0.117946 0.151100 -0.318720
v 0.110935 0.143668 -0.307952
v 0.073971 0.603013 0.279756
v 0.073971 0.603013 0.279756
v 0.111168 0.600406 0.260435
v 0.091685 0.746726 0.315656
v 0.091685 0.746726 0.315656
v 0.093132 0.619015 0.315646
v 0.093132 0.619015 0.315646
v 0.093132 0.619015 0.315646
v 0.086077 0.501200 0.293178
v 0.047389 0.469145 0.304858
v 0.132428 0.492797 0.312154
v 0.018754 0.747299 0.330990
v 0.134836 0.747684 0.341318
v 0.134836 0.747684 0.341318
v 0.016340 0.129149 -0.319622
v 0.016340 0.129149 -0.319622
v 0.016340 0.129149 -0.319622
v 0.143756 0.631196 0.230093
v -0.057421 0.631389 0.228856
v 0.027322 0.997822 -0.025289
v 0.131416 0.503435 0.323701
v 0.131416 0.503435 0.323701
v 0.131416 0.503435 0.323701
v 0.048706 0.656369 -0.309553
v 0.048706 0.656369 -0.309553
v 0.057220 0.646543 -0.287401
v 0.057220 0.646543 -0.287401
v 0.057220 0.646543 -0.287401
v 0.057220 0.646543 -0.287401
v 0.023917 0.642772 -0.234403
v 0.023917 0.642772 -0.234403
v 0.162283 0.644113 -0.233926
v 0.162283 0.644113 -0.233926
v 0.021392 0.655890 -0.317868
v 0.021392 0.655890 -0.317868
v 0.047539 0.660365 -0.291564
v 0.047539 0.660365 -0.291564
v -0.009236 1.000000 -0.044858
v 0.014740 0.285070 -0.288528
v 0.023565 0.157683 -0.289774
v -0.007194 0.618546 -0.282153
v -0.007194 0.618546 -0.282153
v -0.006546 0.329197 0.282391
v -0.006546 0.329197 0.282391
v 0.021748 0.245075 0.285172
v -0.009023 0.649813 -0.276163
v -0.009023 0.649813 -0.276163
v -0.009023 0.649813 -0.276163
v -0.009023 0.649813 -0.276163
v -0.009023 0.649813 -0.276163
v -0.039439 0.644821 -0.257379
v -0.039439 0.644821 -0.257379
v -0.034311 0.540600 0.253949
v -0.034311 0.540600 0.253949
v 0.003274 0.550542 0.273536
v 0.003274 0.550542 0.273536
v 0.003274 0.550542 0.273536
v -0.074083 0.341107 -0.287513
v -0.074083 0.341107 -0.287513
v -0.034540 0.292327 -0.286961
v -0.033267 0.143421 -0.291366
v -0.037358 0.142833 -0.261533
v -0.037358 0.142833 -0.261533
v -0.074914 0.756254 -0.317647
v -0.074914 0.756254 -0.317647
v -0.019017 0.762510 -0.330275
v -0.019017 0.762510 -0.330275
v -0.019017 0.762510 -0.330275
v -0.019017 0.762510 -0.330275
v -0.019017 0.762510 -0.330275
v -0.041885 0.553581 -0.266480
v -0.041885 0.553581 -0.266480
v -0.057658 0.540512 -0.281798
v -0.057658 0.540512 -0.281798
v -0.057658 0.540512 -0.281798
v -0.053760 0.375740 -0.288050
v -0.053760 0.375740 -0.288050
v -0.069673 0.101056 0.295653
v -0.069673 0.101056 0.295653
v -0.036293 0.091548 0.269286
v -0.036293 0.091548 0.269286
v -0.036293 0.091548 0.269286
v -0.036293 0.091548 0.269286
v -0.036293 0.091548 0.269286
v -0.131416 0.100377 0.315967
v -0.131416 0.100377 0.315967
v -0.131416 0.100377 0.315967
v -0.131416 0.100377 0.315967
v -0.124877 0.374429 0.289453
v -0.124877 0.374429 0.289453
v -0.124877 0.374429 0.289453
v -0.124877 0.374429 0.289453
v -0.124877 0.374429 0.289453
v -0.122200 0.356069 0.287139
v -0.122200 0.356069 0.287139
v -0.122200 0.356069 0.287139
v -0.067305 0.497422 0.296855
v -0.067305 0.497422 0.296855
v -0.067305 0.497422 0.296855
v -0.230922 0.503082 0.293003
v -0.104213 0.348941 -0.287560
v -0.104213 0.348941 -0.287560
v -0.104213 0.348941 -0.287560
v -0.104213 0.348941 -0.287560
v -0.104213 0.348941 -0.287560
v -0.145544 0.314002 -0.296373
v -0.145544 0.314002 -0.296373
v -0.127692 0.337719 0.302028
v -0.127692 0.337719 0.302028
v -0.127692 0.337719 0.302028
v -0.127692 0.337719 0.302028
v -0.111645 0.350776 0.284635
v -0.111645 0.350776 0.284635
v -0.111645 0.350776 0.284635
v -0.111645 0.350776 0.284635
v -0.111645 0.350776 0.284635
v -0.111645 0.350776 0.284635
v -0.111645 0.350776 0.284635
v -0.148642 0.295626 0.260143
v -0.148642 0.295626 0.260143
v -0.114630 0.331853 0.260516
v -0.114630 0.331853 0.260516
v -0.134528 0.617787 0.317172
v -0.134528 0.617787 0.317172
v -0.160072 0.101862 0.318218
v -0.160072 0.101862 0.318218
v -0.160072 0.101862 0.318218
v -0.091678 0.124444 0.324184
v -0.091678 0.124444 0.324184
v -0.091678 0.124444 0.324184
v -0.134789 0.538970 0.231117
v -0.134789 0.538970 0.231117
v -0.189449 0.541503 0.257973
v -0.189449 0.541503 0.257973
v -0.189449 0.541503 0.257973
v -0.189449 0.541503 0.257973
v -0.189449 0.541503 0.257973
v -0.189449 0.541503 0.257973
v -0.130194 0.122416 -0.338463
v -0.226832 0.122137 -0.335199
v -0.141500 0.307621 -0.323901
v -0.154631 0.265319 -0.324742
v -0.203347 0.143703 -0.311414
v -0.203347 0.143703 -0.311414
v 0.016950 0.500564 -0.313776
v -0.306964 0.499145 -0.311654
v -0.306964 0.499145 -0.311654
v -0.187800 0.092826 -0.295454
v -0.187800 0.092826 -0.295454
v -0.187800 0.092826 -0.295454
v -0.187800 0.092826 -0.295454
v -0.187800 0.092826 -0.295454
v -0.198528 0.105260 -0.292181
v -0.198528 0.105260 -0.292181
v -0.198528 0.105260 -0.292181
v -0.198528 0.105260 -0.292181
v -0.276538 0.808332 -0.247482
v -0.231311 0.833854 -0.214826
v -0.249451 0.625596 0.088801
v -0.246630 0.630731 0.222438
v -0.246630 0.630731 0.222438
v -0.246630 0.630731 0.222438
v -0.326152 0.767970 -0.302603
v -0.326152 0.767970 -0.302603
v -0.326152 0.767970 -0.302603
v -0.299330 0.000563 -0.335629
v -0.299330 0.000563 -0.335629
v -0.237367 0.012235 -0.333699
v -0.270936 0.629933 -0.227483
v -0.270936 0.629933 -0.227483
v -0.270936 0.629933 -0.227483
v -0.270936 0.629933 -0.227483
v -0.303831 0.617803 -0.157537
v -0.303831 0.617803 -0.157537
v -0.303831 0.617803 -0.157537
v -0.303831 0.617803 -0.157537
v -0.303831 0.617803 -0.157537
v -0.303831 0.617803 -0.157537
v -0.280671 0.744849 0.175465
v -0.280671 0.744849 0.175465
v -0.285341 0.747149 0.088379
v -0.279408 0.757559 0.164841
v -0.294541 0.606348 0.310573
v -0.294541 0.606348 0.310573
v -0.327535 0.529165 0.309696
v -0.327535 0.529165 0.309696
v -0.296902 0.670735 -0.281839
v -0.296902 0.670735 -0.281839
v -0.296902 0.670735 -0.281839
v -0.296902 0.670735 -0.281839
v -0.296224 0.745356 -0.288563
v -0.296224 0.745356 -0.288563
v -0.296224 0.745356 -0.288563
v -0.296224 0.745356 -0.288563
v -0.295795 0.620071 -0.315704
v -0.295795 0.620071 -0.315704
v -0.295795 0.620071 -0.315704
v -0.288752 0.650995 -0.300069
v -0.288752 0.650995 -0.300069
v -0.288752 0.650995 -0.300069
v -0.303902 0.746283 -0.247208
v -0.304356 0.745984 -0.287718
v -0.304356 0.745984 -0.287718
v -0.296031 0.745951 0.294100
v -0.296031 0.745951 0.294100
v -0.296031 0.745951 0.294100
v -0.295202 0.662313 0.298146
v -0.295202 0.662313 0.298146
v -0.295202 0.662313 0.298146
v -0.319857 0.695172 0.294669
v -0.319857 0.695172 0.294669
v -0.319857 0.695172 0.294669
v -0.319857 0.695172 0.294669
v -0.319857 0.695172 0.294669
v -0.317731 0.214382 -0.294777
v -0.321666 0.498065 0.292286
v -0.321666 0.498065 0.292286
v -0.321097 0.490402 0.101271
v -0.318640 0.487357 -0.033668
v -0.317518 0.479558 0.293611
v -0.317518 0.479558 0.293611
v -0.317518 0.479558 0.293611
v -0.328223 0.150933 0.053064
v -0.328223 0.150933 0.053064
v -0.328223 0.150933 0.053064
v -0.308660 0.148439 0.042958
v -0.308660 0.148439 0.042958
v -0.308660 0.148439 0.042958
v -0.308660 0.148439 0.042958
v -0.327999 0.148085 0.253153
v -0.327236 0.761575 0.271858
v -0.326295 0.376875 0.049892
v -0.326295 0.376875 0.049892
v -0.330048 0.284603 0.055306
v -0.330048 0.284603 0.055306
v -0.336995 0.653887 0.279737
v -0.336995 0.653887 0.279737
v -0.337212 0.766937 0.021164
v -0.337159 0.766591 -0.070272
v -0.329507 0.618178 0.094143
v -0.329507 0.618178 0.094143
v -0.322716 0.690616 0.089227
v -0.322716 0.690616 0.089227
v -0.322716 0.690616 0.089227
v 0.331917 0.146203 -0.244530
v 0.331917 0.146203 -0.244530
v 0.339100 0.113954 -0.239570
v 0.335699 0.083589 -0.251090
v 0.335699 0.083589 -0.251090
v 0.338999 0.098084 0.036460
v 0.339237 0.097684 -0.083877
v 0.330399 0.193713 -0.243459
v 0.332621 0.146476 -0.144422
v 0.329013 0.647163 0.259432
v 0.329013 0.647163 0.259432
v 0.336345 0.673228 0.238139
v 0.336345 0.673228 0.238139
v 0.336345 0.673228 0.238139
v 0.336345 0.673228 0.238139
v 0.334811 0.767104 -0.012918
v 0.320570 0.497366 -0.075226
v 0.320570 0.497366 -0.075226
v 0.320570 0.497366 -0.075226
v 0.326327 0.145505 0.025134
v 0.326681 0.145249 0.100742
v 0.326681 0.145249 0.100742
v 0.326681 0.145249 0.100742
v 0.316321 0.483997 -0.204538
v 0.316321 0.483997 -0.204538
v 0.316321 0.483997 -0.204538
v 0.315439 0.487466 -0.167275
v 0.315439 0.487466 -0.167275
v 0.315439 0.487466 -0.167275
v 0.327771 0.476237 -0.182064
v 0.327771 0.476237 -0.182064
v 0.332328 0.768971 0.186411
v 0.328882 0.571489 0.130718
v 0.317711 0.656339 -0.111130
v 0.317711 0.656339 -0.111130
v 0.317711 0.656339 -0.111130
v 0.331797 0.665344 -0.070740
v 0.331797 0.665344 -0.070740
v 0.331797 0.665344 -0.070740
v 0.286748 0.675018 -0.084697
v 0.286748 0.675018 -0.084697
v 0.286748 0.675018 -0.084697
v 0.303393 0.628045 0.165496
v 0.303393 0.628045 0.165496
v 0.303393 0.628045 0.165496
v 0.303393 0.628045 0.165496
v 0.315967 0.419940 -0.239396
v 0.322699 0.326897 -0.236182
v 0.298976 0.612783 -0.062457
v 0.298976 0.612783 -0.062457
v 0.314712 0.607042 -0.065808
v 0.314712 0.607042 -0.065808
v 0.314712 0.607042 -0.065808
v 0.314712 0.607042 -0.065808
v 0.295898 0.648550 0.095251
v 0.295898 0.648550 0.095251
v 0.286893 0.650865 0.028945
v 0.286893 0.650865 0.028945
v 0.286893 0.650865 0.028945
v 0.286893 0.650865 0.028945
v 0.298127 0.621888 0.092876
v 0.298127 0.621888 0.092876
v 0.298740 0.747326 0.235000
v 0.298740 0.747326 0.235000
v 0.298740 0.747326 0.235000
v 0.298740 0.747326 0.235000
v 0.291900 0.752052 -0.076648
v 0.299195 0.747182 -0.190828
v 0.299195 0.747182 -0.190828
v 0.299195 0.747182 -0.190828
v 0.299195 0.747182 -0.190828
v 0.299195 0.747182 -0.190828
v 0.299195 0.747182 -0.190828
v 0.284477 0.533910 -0.084307
v 0.284477 0.533910 -0.084307
v 0.303969 0.505321 -0.039689
v 0.303969 0.505321 -0.039689
v 0.303969 0.505321 -0.039689
v 0.303969 0.505321 -0.039689
v 0.252981 0.613385 0.259810
v 0.252981 0.613385 0.259810
v 0.252981 0.613385 0.259810
v 0.252981 0.613385 0.259810
v 0.252981 0.613385 0.259810
v 0.307153 0.609262 0.249171
v 0.307153 0.609262 0.249171
v 0.307153 0.609262 0.249171
v 0.270928 0.602886 0.264517
v 0.271858 0.587888 -0.202377
v 0.271858 0.587888 -0.202377
v 0.271858 0.587888 -0.202377
v 0.271858 0.587888 -0.202377
v 0.271858 0.587888 -0.202377
v 0.271858 0.587888 -0.202377
v 0.269406 0.553235 -0.141222
v 0.269406 0.553235 -0.141222
v 0.269406 0.553235 -0.141222
v 0.269406 0.553235 -0.141222
v 0.270626 0.623662 0.222591
v 0.270626 0.623662 0.222591
v 0.252241 0.576243 -0.131331
v 0.252241 0.576243 -0.131331
v 0.252241 0.576243 -0.131331
v 0.252241 0.576243 -0.131331
v 0.182002 0.585823 -0.261371
v 0.182002 0.585823 -0.261371
v 0.182002 0.585823 -0.261371
v 0.182002 0.585823 -0.261371
v 0.182002 0.585823 -0.261371
v 0.259898 0.586921 -0.243190
v 0.259898 0.586921 -0.243190
v 0.259898 0.586921 -0.243190
v 0.208690 0.744411 -0.276949
v 0.208690 0.744411 -0.276949
v 0.208690 0.744411 -0.276949
v 0.208690 0.744411 -0.276949
v 0.208690 0.744411 -0.276949
v 0.216461 0.523617 -0.300633
v 0.216461 0.523617 -0.300633
v 0.246190 0.551223 -0.283286
v 0.230666 0.510729 -0.279400
v 0.230666 0.510729 -0.279400
v 0.230666 0.510729 -0.279400
v 0.230666 0.510729 -0.279400
v 0.230666 0.510729 -0.279400
v 0.194030 0.767978 -0.259306
v 0.194030 0.767978 -0.259306
v 0.183531 0.746457 -0.271931
v 0.183531 0.746457 -0.271931
v 0.141375 0.505477 -0.328512
v 0.325083 0.506759 -0.261633
v 0.211074 0.746176 0.249893
v 0.148794 0.745955 0.271133
v 0.148794 0.745955 0.271133
v 0.148794 0.745955 0.271133
v 0.254138 0.007315 0.265748
v 0.161996 0.013989 0.300678
v 0.161996 0.013989 0.300678
v 0.213329 0.646443 -0.246949
v 0.213329 0.646443 -0.246949
v 0.213329 0.646443 -0.246949
v 0.213329 0.646443 -0.246949
v 0.154172 0.668695 0.292697
v 0.154172 0.668695 0.292697
v 0.154172 0.668695 0.292697
v 0.154172 0.668695 0.292697
v 0.154172 0.668695 0.292697
v 0.227509 0.151306 -0.276853
v 0.131817 0.595887 0.228657
v 0.131817 0.595887 0.228657
v 0.184223 0.608589 0.249714
v 0.184223 0.608589 0.249714
v 0.184223 0.608589 0.249714
v 0.184223 0.608589 0.249714
v 0.127007 0.744822 -0.320333
v 0.127007 0.744822 -0.320333
v 0.127007 0.744822 -0.320333
v 0.127007 0.744822 -0.320333
v 0.076117 0.766337 -0.338669
v 0.138741 0.766614 -0.339532
v 0.138741 0.766614 -0.339532
v 0.126784 0.751509 0.296145
v 0.126784 0.751509 0.296145
v 0.126784 0.751509 0.296145
v 0.126784 0.751509 0.296145
v 0.126897 0.727625 0.264481
v 0.126897 0.727625 0.264481
v 0.126897 0.727625 0.264481
v 0.120606 0.649860 0.260630
v 0.120606 0.649860 0.260630
v 0.120606 0.649860 0.260630
v 0.129322 0.627636 0.273300
v 0.129322 0.627636 0.273300
v 0.129322 0.627636 0.273300
v 0.129322 0.627636 0.273300
v 0.129322 0.627636 0.273300
v 0.129322 0.627636 0.273300
v 0.129322 0.627636 0.273300
v 0.129322 0.627636 0.273300
v 0.099141 0.750707 0.310960
v 0.099141 0.750707 0.310960
v 0.099141 0.750707 0.310960
v 0.099141 0.750707 0.310960
v 0.099141 0.750707 0.310960
v 0.012139 0.490279 -0.295255
v 0.031923 0.643012 0.253297
v 0.031923 0.643012 0.253297
v 0.031923 0.643012 0.253297
v 0.055850 0.644593 0.272644
v -0.023385 0.487251 0.302570
v 0.036458 0.106680 -0.262338
v 0.036458 0.106680 -0.262338
v 0.036458 0.106680 -0.262338
v 0.021522 0.576122 -0.270440
v 0.021522 0.576122 -0.270440
v 0.001568 0.556116 -0.274335
v 0.001568 0.556116 -0.274335
v 0.001568 0.556116 -0.274335
v 0.001568 0.556116 -0.274335
v 0.001568 0.556116 -0.274335
v 0.035666 0.580203 0.254195
v 0.035666 0.580203 0.254195
v 0.035666 0.580203 0.254195
v 0.035666 0.580203 0.254195
v 0.035666 0.580203 0.254195
v 0.034886 0.149545 0.299424
v 0.034886 0.149545 0.299424
v 0.034886 0.149545 0.299424
v 0.026721 0.152599 0.291923
v 0.026721 0.152599 0.291923
v 0.026721 0.152599 0.291923
v -0.010174 0.595280 -0.271299
v -0.010174 0.595280 -0.271299
v -0.010174 0.595280 -0.271299
v -0.010174 0.595280 -0.271299
v -0.010174 0.595280 -0.271299
v -0.010174 0.595280 -0.271299
v -0.010174 0.595280 -0.271299
v -0.010174 0.595280 -0.271299
v -0.003373 0.098932 -0.296482
v -0.003373 0.098932 -0.296482
v -0.003373 0.098932 -0.296482
v 0.014982 0.108429 -0.293439
v 0.014982 0.108429 -0.293439
v 0.026966 0.652054 0.311812
v 0.026966 0.652054 0.311812
v 0.029314 0.610374 0.310792
v 0.029314 0.610374 0.310792
v 0.029314 0.610374 0.310792
v 0.029314 0.610374 0.310792
v 0.029314 0.610374 0.310792
v 0.029314 0.610374 0.310792
v -0.149670 0.630712 -0.235070
v -0.149670 0.630712 -0.235070
v -0.149670 0.630712 -0.235070
v -0.040717 0.628971 -0.237423
v -0.017217 0.007647 -0.344406
v -0.015686 0.642705 0.257460
v -0.015686 0.642705 0.257460
v -0.015686 0.642705 0.257460
v -0.085576 0.494356 0.257159
v -0.002019 0.330991 0.287517
v -0.039382 0.372662 0.289054
v -0.039382 0.372662 0.289054
v -0.034117 0.134219 -0.257769
v -0.034117 0.134219 -0.257769
v -0.034117 0.134219 -0.257769
v -0.034117 0.134219 -0.257769
v -0.034117 0.134219 -0.257769
v -0.006398 0.105138 -0.252620
v -0.006398 0.105138 -0.252620
v -0.006398 0.105138 -0.252620
v -0.006398 0.105138 -0.252620
v -0.006398 0.105138 -0.252620
v -0.023047 0.582111 -0.256153
v -0.023047 0.582111 -0.256153
v -0.023047 0.582111 -0.256153
v -0.023047 0.582111 -0.256153
v -0.039052 0.136702 0.301643
v -0.039052 0.136702 0.301643
v -0.039052 0.136702 0.301643
v -0.038544 0.105449 0.322539
v -0.038544 0.105449 0.322539
v -0.038544 0.105449 0.322539
v -0.039989 0.469648 0.297264
v -0.108132 0.487536 0.295554
v -0.108132 0.487536 0.295554
v -0.108132 0.487536 0.295554
v -0.057992 0.544433 0.321475
v -0.057992 0.544433 0.321475
v -0.058742 0.321230 -0.322253
v -0.097313 0.341354 -0.322713
v -0.097313 0.341354 -0.322713
v -0.129295 0.005831 0.331728
v -0.016618 0.013463 0.328814
v -0.155486 0.603501 0.275933
v -0.155486 0.603501 0.275933
v -0.155486 0.603501 0.275933
v -0.155486 0.603501 0.275933
v -0.137379 0.613044 0.284585
v -0.137379 0.613044 0.284585
v -0.137379 0.613044 0.284585
v -0.160131 0.292885 -0.246671
v -0.115691 0.335942 -0.251686
v -0.115691 0.335942 -0.251686
v -0.153503 0.261517 0.317781
v -0.142665 0.309935 0.318034
v -0.142665 0.309935 0.318034
v -0.146558 0.301876 -0.261152
v -0.156642 0.208564 -0.261816
v -0.160534 0.135995 0.302962
v -0.160534 0.135995 0.302962
v -0.160534 0.135995 0.302962
v -0.153563 0.134203 0.259063
v -0.153563 0.134203 0.259063
v -0.153563 0.134203 0.259063
v -0.153563 0.134203 0.259063
v -0.153563 0.134203 0.259063
v -0.153563 0.134203 0.259063
v -0.153563 0.134203 0.259063
v -0.153563 0.134203 0.259063
v -0.153563 0.134203 0.259063
v -0.164303 0.206753 -0.289336
v -0.163080 0.154362 -0.287666
v -0.239692 0.626046 -0.267102
v -0.239692 0.626046 -0.267102
v -0.198889 0.612339 -0.278752
v -0.198889 0.612339 -0.278752
v -0.198889 0.612339 -0.278752
v -0.198889 0.612339 -0.278752
v -0.198889 0.612339 -0.278752
v -0.198889 0.612339 -0.278752
v -0.198889 0.612339 -0.278752
v -0.246774 0.005384 0.324289
v -0.226413 0.544928 0.310755
v -0.226413 0.544928 0.310755
v -0.226413 0.544928 0.310755
v -0.234290 0.605083 0.310815
v -0.234290 0.605083 0.310815
v -0.234290 0.605083 0.310815
v -0.234290 0.605083 0.310815
v -0.234290 0.605083 0.310815
v -0.234290 0.605083 0.310815
v -0.247600 0.663180 -0.284969
v -0.247600 0.663180 -0.284969
v -0.247600 0.663180 -0.284969
v -0.229834 0.688242 -0.285495
v -0.229834 0.688242 -0.285495
v -0.229834 0.688242 -0.285495
v -0.229834 0.688242 -0.285495
v -0.229834 0.688242 -0.285495
v -0.285352 0.542113 0.310677
v -0.321050 0.542645 -0.323932
v -0.318411 0.503128 -0.321676
v -0.318411 0.503128 -0.321676
v -0.191686 0.602719 0.225714
v -0.286607 0.601975 0.225446
v -0.286607 0.601975 0.225446
v -0.259582 0.630243 -0.245472
v -0.259582 0.630243 -0.245472
v -0.259582 0.630243 -0.245472
v -0.259582 0.630243 -0.245472
v -0.259582 0.630243 -0.245472
v -0.259582 0.630243 -0.245472
v -0.259582 0.630243 -0.245472
v -0.259582 0.630243 -0.245472
v -0.292805 0.503384 0.280713
v -0.292805 0.503384 0.280713
v -0.272526 0.587103 0.282400
v -0.272526 0.587103 0.282400
v -0.272526 0.587103 0.282400
v -0.272526 0.587103 0.282400
v -0.272526 0.587103 0.282400
v -0.272526 0.587103 0.282400
v -0.272526 0.587103 0.282400
v -0.262415 0.756887 -0.261133
v -0.262415 0.756887 -0.261133
v -0.297374 0.787636 -0.259316
v -0.297374 0.787636 -0.259316
v -0.297374 0.787636 -0.259316
v -0.291638 0.538908 0.140167
v -0.291638 0.538908 0.140167
v -0.283413 0.538085 -0.001817
v -0.289653 0.782713 -0.156387
v -0.244597 0.504652 0.320491
v -0.334673 0.505642 0.315933
v -0.334673 0.505642 0.315933
v -0.334673 0.505642 0.315933
v -0.299403 0.700110 -0.235631
v -0.299403 0.700110 -0.235631
v -0.296715 0.719784 -0.231366
v -0.296715 0.719784 -0.231366
v -0.296625 0.743654 -0.198241
v -0.296625 0.743654 -0.198241
v -0.296625 0.743654 -0.198241
v -0.313206 0.490426 0.267527
v -0.313206 0.490426 0.267527
v -0.297977 0.655471 0.100567
v -0.297977 0.655471 0.100567
v -0.298621 0.659395 0.049566
v -0.298621 0.659395 0.049566
v -0.298621 0.659395 0.049566
v -0.311350 0.660008 0.229815
v -0.311350 0.660008 0.229815
v -0.305556 0.682479 0.283792
v -0.305556 0.682479 0.283792
v -0.305556 0.682479 0.283792
v -0.327072 0.635465 -0.095265
v -0.327072 0.635465 -0.095265
v -0.302253 0.614603 -0.099929
v -0.302253 0.614603 -0.099929
v -0.302253 0.614603 -0.099929
v -0.309517 0.058179 -0.010974
v -0.308315 0.093981 0.042353
v -0.308315 0.093981 0.042353
v -0.308315 0.093981 0.042353
v -0.308315 0.093981 0.042353
v -0.308315 0.093981 0.042353
v -0.308315 0.093981 0.042353
v -0.307970 0.621578 0.094917
v -0.307970 0.621578 0.094917
v -0.308297 0.621341 0.156348
v -0.308297 0.621341 0.156348
v -0.314696 0.005866 -0.118766
v -0.334224 0.753605 -0.242985
v -0.332607 0.144863 0.052595
v -0.338740 0.651513 0.047689
v -0.338740 0.651513 0.047689
v -0.338740 0.651513 0.047689
v -0.338740 0.651513 0.047689
v 0.346831 0.000432 -0.083525
v 0.346266 0.000432 -0.245721
v 0.339122 0.094243 -0.159165
v 0.339122 0.094243 -0.159165
v 0.339122 0.094243 -0.159165
v 0.337529 0.507208 -0.016529
v 0.337909 0.508007 0.142638
v 0.334543 0.655101 -0.251662
v 0.334543 0.655101 -0.251662
v 0.329969 0.553865 -0.019651
v 0.329969 0.553865 -0.019651
v 0.329969 0.553865 -0.019651
v 0.337589 0.639336 -0.010692
v 0.339655 0.007285 0.033617
v 0.338816 0.005714 0.098664
v 0.318566 0.442271 -0.243049
v 0.326200 0.370749 -0.242948
v 0.311862 0.499721 -0.253876
v 0.311862 0.499721 -0.253876
v 0.328643 0.553481 -0.089049
v 0.318766 0.654229 0.216678
v 0.318766 0.654229 0.216678
v 0.318766 0.654229 0.216678
v 0.299518 0.499315 -0.182863
v 0.299518 0.499315 -0.182863
v 0.314475 0.484651 -0.239769
v 0.314475 0.484651 -0.239769
v 0.309792 0.098487 0.171587
v 0.309792 0.098487 0.171587
v 0.311568 0.097698 -0.027686
v 0.287130 0.667471 0.251584
v 0.287130 0.667471 0.251584
v 0.287130 0.667471 0.251584
v 0.290251 0.745940 0.245068
v 0.290251 0.745940 0.245068
v 0.290251 0.745940 0.245068
v 0.286277 0.745996 -0.031410
v 0.286277 0.745996 -0.031410
v 0.286277 0.745996 -0.031410
v 0.290970 0.748529 -0.009526
v 0.290970 0.748529 -0.009526
v 0.290970 0.748529 -0.009526
v 0.291197 0.768976 -0.174308
v 0.291197 0.768976 -0.174308
v 0.291197 0.768976 -0.174308
v 0.285589 0.497383 -0.083299
v 0.212465 0.553062 0.294372
v 0.212465 0.553062 0.294372
v 0.212465 0.553062 0.294372
v 0.273235 0.582203 -0.157424
v 0.273235 0.582203 -0.157424
v 0.273235 0.582203 -0.157424
v 0.261939 0.599351 -0.084551
v 0.261939 0.599351 -0.084551
v 0.261939 0.599351 -0.084551
v 0.274527 0.549086 -0.046123
v 0.274527 0.549086 -0.046123
v 0.274527 0.549086 -0.046123
v 0.274685 0.745772 -0.034493
v 0.271181 0.746067 0.008725
v 0.265060 0.741470 0.199815
v 0.265060 0.741470 0.199815
v 0.284401 0.762196 0.199341
v 0.284401 0.762196 0.199341
v 0.284401 0.762196 0.199341
v 0.284401 0.762196 0.199341
v 0.284401 0.762196 0.199341
v 0.267237 0.748430 0.232120
v 0.267237 0.748430 0.232120
v 0.267237 0.748430 0.232120
v 0.267237 0.748430 0.232120
v 0.246742 0.747092 -0.096838
v 0.245748 0.746279 -0.191536
v 0.245748 0.746279 -0.191536
v 0.245748 0.746279 -0.191536
v 0.252901 0.725471 -0.236575
v 0.252901 0.725471 -0.236575
v 0.252901 0.725471 -0.236575
v 0.252901 0.725471 -0.236575
v 0.254477 0.710036 -0.221448
v 0.254477 0.710036 -0.221448
v 0.254477 0.710036 -0.221448
v 0.254477 0.710036 -0.221448
v 0.254477 0.710036 -0.221448
v 0.246592 0.747782 0.031200
v 0.253493 0.661236 -0.286103
v 0.253493 0.661236 -0.286103
v 0.253493 0.661236 -0.286103
v 0.231105 0.662655 -0.284450
v 0.231105 0.662655 -0.284450
v 0.231105 0.662655 -0.284450
v 0.252397 0.612597 -0.286568
v 0.252397 0.612597 -0.286568
v 0.252397 0.612597 -0.286568
v 0.252397 0.612597 -0.286568
v 0.252397 0.612597 -0.286568
v 0.252397 0.612597 -0.286568
v 0.197689 0.586211 -0.228906
v 0.197689 0.586211 -0.228906
v 0.241240 0.602194 -0.219001
v 0.241240 0.602194 -0.219001
v 0.241240 0.602194 -0.219001
v 0.189516 0.547860 0.238650
v 0.189516 0.547860 0.238650
v 0.189516 0.547860 0.238650
v 0.270299 0.549429 0.174697
v 0.270299 0.549429 0.174697
v 0.270299 0.549429 0.174697
v 0.222167 0.508047 0.261742
v 0.222167 0.508047 0.261742
v 0.222167 0.508047 0.261742
v 0.216753 0.544531 0.269746
v 0.216753 0.544531 0.269746
v 0.216753 0.544531 0.269746
v 0.216753 0.544531 0.269746
v 0.216753 0.544531 0.269746
v 0.223984 0.552306 0.279729
v 0.223984 0.552306 0.279729
v 0.223984 0.552306 0.279729
v 0.217095 0.606494 0.269270
v 0.217095 0.606494 0.269270
v 0.217095 0.606494 0.269270
v 0.217095 0.606494 0.269270
v 0.140988 0.537034 0.281604
v 0.236050 0.533426 0.251178
v 0.235086 0.143041 -0.266010
v 0.235086 0.143041 -0.266010
v 0.181987 0.005518 0.252887
v 0.181987 0.005518 0.252887
v 0.181987 0.005518 0.252887
v 0.171258 0.533310 -0.316514
v 0.171258 0.533310 -0.316514
v 0.171258 0.533310 -0.316514
v 0.195986 0.544019 -0.299617
v 0.195986 0.544019 -0.299617
v 0.151108 0.645440 -0.260716
v 0.151108 0.645440 -0.260716
v 0.151108 0.645440 -0.260716
v 0.181719 0.144999 0.274174
v 0.111926 0.148216 0.299636
v 0.124891 0.782188 0.299212
v 0.130858 0.769448 0.341076
v 0.130858 0.769448 0.341076
v 0.126581 0.748947 0.310523
v 0.126581 0.748947 0.310523
v 0.093360 0.663078 0.268216
v 0.093494 0.748471 0.282028
v 0.093494 0.748471 0.282028
v 0.093494 0.748471 0.282028
v 0.093494 0.748471 0.282028
v 0.018576 0.107361 -0.324767
v 0.018576 0.107361 -0.324767
v 0.081803 0.644727 0.284335
v 0.081803 0.644727 0.284335
v 0.081803 0.644727 0.284335
v 0.081803 0.644727 0.284335
v 0.006518 0.602387 0.228673
v 0.006518 0.602387 0.228673
v 0.006518 0.602387 0.228673
v 0.006518 0.602387 0.228673
v 0.051143 0.598680 0.245174
v 0.051143 0.598680 0.245174
v 0.117854 0.150539 0.314744
v 0.019887 0.151313 0.313312
v 0.019887 0.151313 0.313312
v 0.009950 0.660109 0.312683
v 0.009950 0.660109 0.312683
v 0.009950 0.660109 0.312683
v 0.022639 0.702382 0.284688
v 0.022639 0.702382 0.284688
v 0.022639 0.702382 0.284688
v 0.022639 0.702382 0.284688
v 0.040700 0.654753 0.315868
v 0.040700 0.654753 0.315868
v 0.040700 0.654753 0.315868
v -0.015472 0.595702 0.263164
v -0.015472 0.595702 0.263164
v -0.015472 0.595702 0.263164
v 0.023832 0.150325 0.281371
v 0.023832 0.150325 0.281371
v 0.023832 0.150325 0.281371
v -0.019955 0.559899 0.278714
v -0.019955 0.559899 0.278714
v 0.051415 0.555809 0.276583
v -0.037171 0.289774 0.315024
v -0.060508 0.655635 -0.290358
v -0.060508 0.655635 -0.290358
v -0.060508 0.655635 -0.290358
v -0.060508 0.655635 -0.290358
v -0.035047 0.652934 -0.316746
v -0.035047 0.652934 -0.316746
v -0.035047 0.652934 -0.316746
v -0.035047 0.652934 -0.316746
v -0.040061 0.279312 0.260361
v -0.030324 0.188965 0.261073
v -0.053285 0.309737 0.260529
v -0.053285 0.309737 0.260529
v 0.017426 0.630987 0.265638
v -0.133289 0.631373 0.263813
v -0.046398 0.489403 0.278730
v 0.011896 0.001649 -0.281249
v -0.119077 0.002324 -0.277386
v -0.093599 0.343692 0.316581
v -0.093599 0.343692 0.316581
v -0.093599 0.343692 0.316581
v -0.077281 0.487690 -0.292232
v -0.133827 0.767248 0.292562
v -0.133827 0.767248 0.292562
v -0.133827 0.767248 0.292562
v -0.133827 0.767248 0.292562
v -0.082881 0.381949 0.261750
v -0.082881 0.381949 0.261750
v -0.082881 0.381949 0.261750
v -0.082881 0.381949 0.261750
v -0.086592 0.381290 0.294839
v -0.086592 0.381290 0.294839
v -0.086592 0.381290 0.294839
v -0.086592 0.381290 0.294839
v -0.086592 0.381290 0.294839
v -0.152913 0.013437 -0.313863
v -0.090144 0.018454 -0.337021
v -0.012102 0.002130 0.290531
v -0.178718 0.527699 0.291514
v -0.178718 0.527699 0.291514
v -0.178718 0.527699 0.291514
v -0.178718 0.527699 0.291514
v -0.117548 0.370596 -0.293169
v -0.117548 0.370596 -0.293169
v -0.122352 0.368027 -0.288536
v -0.122352 0.368027 -0.288536
v -0.122352 0.368027 -0.288536
v -0.135962 0.884276 -0.115821
v -0.135962 0.884276 -0.115821
v -0.124448 0.910838 -0.115369
v -0.124448 0.910838 -0.115369
v -0.133715 0.027121 -0.327929
v -0.140994 0.879610 0.012109
v -0.140401 0.484541 0.276661
v -0.085245 0.385948 -0.318238
v -0.157659 0.653764 -0.322604
v -0.157659 0.653764 -0.322604
v -0.131571 0.654847 -0.320265
v -0.131571 0.654847 -0.320265
v -0.138254 0.553389 0.260715
v -0.182646 0.552455 0.253929
v -0.182646 0.552455 0.253929
v -0.186728 0.879504 -0.160140
v -0.201986 0.763187 -0.314875
v -0.201986 0.763187 -0.314875
v -0.197606 0.749466 -0.313346
v -0.197606 0.749466 -0.313346
v -0.197272 0.657547 0.280476
v -0.197272 0.657547 0.280476
v -0.192489 0.622957 0.295665
v -0.192489 0.622957 0.295665
v -0.201372 0.137191 0.309714
v -0.201372 0.137191 0.309714
v -0.201372 0.137191 0.309714
v -0.201372 0.137191 0.309714
v -0.201372 0.137191 0.309714
v -0.196946 0.100688 0.319877
v -0.196946 0.100688 0.319877
v -0.196946 0.100688 0.319877
v -0.196946 0.100688 0.319877
v -0.196946 0.100688 0.319877
v -0.220609 0.762660 -0.300534
v -0.220609 0.762660 -0.300534
v -0.220609 0.762660 -0.300534
v -0.220609 0.762660 -0.300534
v -0.203387 0.309767 -0.304153
v -0.193239 0.329015 -0.303253
v -0.193239 0.329015 -0.303253
v -0.193239 0.329015 -0.303253
v -0.193239 0.329015 -0.303253
v -0.193239 0.329015 -0.303253
v -0.241215 0.587770 -0.233156
v -0.241215 0.587770 -0.233156
v -0.241215 0.587770 -0.233156
v -0.241215 0.587770 -0.233156
v -0.241215 0.587770 -0.233156
v -0.241215 0.587770 -0.233156
v -0.241215 0.587770 -0.233156
v -0.154823 0.603527 -0.231823
v -0.154823 0.603527 -0.231823
v -0.154823 0.603527 -0.231823
v -0.154823 0.603527 -0.231823
v -0.154823 0.603527 -0.231823
v -0.226881 0.569340 -0.241233
v -0.226881 0.569340 -0.241233
v -0.226881 0.569340 -0.241233
v -0.226881 0.569340 -0.241233
v -0.203651 0.621397 0.310719
v -0.203651 0.621397 0.310719
v -0.232182 0.655801 0.310452
v -0.232182 0.655801 0.310452
v -0.232182 0.655801 0.310452
v -0.270508 0.674596 -0.284133
v -0.270508 0.674596 -0.284133
v -0.286925 0.628952 -0.071282
v -0.286925 0.628952 -0.071282
v -0.286925 0.628952 -0.071282
v -0.286925 0.628952 -0.071282
v -0.324606 0.673750 -0.295051
v -0.324606 0.673750 -0.295051
v -0.320337 0.496652 -0.247775
v -0.310656 0.764933 -0.243436
v -0.310656 0.764933 -0.243436
v -0.310656 0.764933 -0.243436
v -0.310656 0.764933 -0.243436
v -0.296635 0.659647 -0.229316
v -0.296741 0.651987 -0.182694
v -0.296741 0.651987 -0.182694
v -0.296741 0.651987 -0.182694
v -0.296741 0.651987 -0.182694
v -0.295639 0.675839 0.294711
v -0.295639 0.675839 0.294711
v -0.298673 0.666844 0.271074
v -0.298673 0.666844 0.271074
v -0.298673 0.666844 0.271074
v -0.298673 0.666844 0.271074
v -0.292280 0.544461 0.188324
v -0.292280 0.544461 0.188324
v -0.306990 0.522897 0.167881
v -0.306990 0.522897 0.167881
v -0.298069 0.496786 0.245039
v -0.297170 0.494780 0.165777
v -0.319361 0.634544 0.206952
v -0.319361 0.634544 0.206952
v -0.333419 0.009773 0.315237
v -0.333419 0.009773 0.315237
v -0.337139 0.510406 0.082290
v -0.338323 0.510149 -0.098853
v -0.327836 0.505076 0.284047
v -0.327743 0.505483 -0.050557
v -0.343337 0.001346 0.047170
v -0.348480 0.000857 0.139352
v -0.338701 0.506324 -0.302449
v -0.338701 0.506324 -0.302449
v -0.339050 0.547708 -0.302146
v -0.335670 0.767398 -0.233934
v -0.351399 0.000091 -0.213010
v -0.347922 0.000528 -0.108256
v 0.337108 0.504405 -0.173671
v 0.337108 0.504405 -0.173671
v 0.337108 0.504405 -0.173671
v 0.337108 0.504405 -0.173671
v 0.329368 0.102145 -0.257527
v 0.329368 0.102145 -0.257527
v 0.329368 0.102145 -0.257527
v 0.329368 0.102145 -0.257527
v 0.329368 0.102145 -0.257527
v 0.329368 0.102145 -0.257527
v 0.335940 0.505835 -0.248147
v 0.335940 0.505835 -0.248147
v 0.337508 0.007791 -0.249614
v 0.337508 0.007791 -0.249614
v 0.320137 0.084786 -0.259482
v 0.320137 0.084786 -0.259482
v 0.337387 0.093101 -0.232138
v 0.337387 0.093101 -0.232138
v 0.337387 0.093101 -0.232138
v 0.330702 0.540524 0.240885
v 0.330702 0.540524 0.240885
v 0.330702 0.540524 0.240885
v 0.330702 0.540524 0.240885
v 0.324773 0.494134 -0.098658
v 0.274981 0.005736 0.212687
v 0.274981 0.005736 0.212687
v 0.321569 0.002760 0.161204
v 0.321569 0.002760 0.161204
v 0.310531 0.623411 0.140159
v 0.310531 0.623411 0.140159
v 0.310531 0.623411 0.140159
v 0.315035 0.610491 0.182826
v 0.315035 0.610491 0.182826
v 0.313553 0.607535 0.215514
v 0.313553 0.607535 0.215514
v 0.304672 0.772114 -0.228490
v 0.304672 0.772114 -0.228490
v 0.304672 0.772114 -0.228490
v 0.277170 0.747423 0.184123
v 0.277170 0.747423 0.184123
v 0.275316 0.746685 0.121169
v 0.250217 0.760664 0.020608
v 0.274192 0.645336 0.123536
v 0.276376 0.647025 0.187561
v 0.276376 0.647025 0.187561
v 0.265915 0.657719 0.230930
v 0.262102 0.758898 -0.195858
v 0.262102 0.758898 -0.195858
v 0.262102 0.758898 -0.195858
v 0.262102 0.758898 -0.195858
v 0.249430 0.599705 0.073629
v 0.292634 0.002715 0.269761
v 0.245779 0.694635 -0.264051
v 0.245779 0.694635 -0.264051
v 0.245779 0.694635 -0.264051
v 0.245779 0.694635 -0.264051
v 0.269351 0.665801 -0.248875
v 0.269351 0.665801 -0.248875
v 0.269351 0.665801 -0.248875
v 0.269351 0.665801 -0.248875
v 0.269351 0.665801 -0.248875
v 0.269351 0.665801 -0.248875
v 0.269351 0.665801 -0.248875
v 0.269351 0.665801 -0.248875
v 0.237667 0.675721 -0.241251
v 0.237667 0.675721 -0.241251
v 0.237667 0.675721 -0.241251
v 0.237667 0.675721 -0.241251
v 0.231990 0.497572 0.254193
v 0.289751 0.498071 0.240163
v 0.289751 0.498071 0.240163
v 0.234031 0.617461 -0.286090
v 0.234031 0.617461 -0.286090
v 0.234031 0.617461 -0.286090
v 0.247822 0.655568 0.236755
v 0.247822 0.655568 0.236755
v 0.250758 0.745769 0.233907
v 0.250758 0.745769 0.233907
v 0.180205 0.675303 0.300160
v 0.180205 0.675303 0.300160
v 0.180205 0.675303 0.300160
v 0.183338 0.619236 0.303179
v 0.183338 0.619236 0.303179
v 0.246622 0.099115 0.274520
v 0.179577 0.516849 -0.296444
v 0.179577 0.516849 -0.296444
v 0.179577 0.516849 -0.296444
v 0.179577 0.516849 -0.296444
v 0.166832 0.563447 0.295652
v 0.166832 0.563447 0.295652
v 0.166832 0.563447 0.295652
v 0.166832 0.563447 0.295652
v 0.166832 0.563447 0.295652
v 0.194756 0.496804 -0.274827
v 0.158223 0.501779 -0.296311
v 0.158223 0.501779 -0.296311
v 0.158223 0.501779 -0.296311
v 0.158223 0.501779 -0.296311
v 0.158223 0.501779 -0.296311
v 0.158611 0.750420 0.294505
v 0.158611 0.750420 0.294505
v 0.158611 0.750420 0.294505
v 0.158611 0.750420 0.294505
v 0.158611 0.750420 0.294505
v 0.149833 0.763456 0.314708
v 0.149833 0.763456 0.314708
v 0.149833 0.763456 0.314708
v 0.156319 0.748837 -0.310466
v 0.156319 0.748837 -0.310466
v 0.156319 0.748837 -0.310466
v 0.176130 0.688704 -0.272589
v 0.176130 0.688704 -0.272589
v 0.149059 0.665047 -0.274921
v 0.149059 0.665047 -0.274921
v 0.149059 0.665047 -0.274921
v 0.149059 0.665047 -0.274921
v 0.149059 0.665047 -0.274921
v 0.134228 0.098686 -0.282961
v 0.134228 0.098686 -0.282961
v 0.094616 0.091866 -0.293830
v 0.094616 0.091866 -0.293830
v 0.094616 0.091866 -0.293830
v 0.093736 0.744520 0.305894
v 0.093736 0.744520 0.305894
v 0.094232 0.610371 0.307270
v 0.094232 0.610371 0.307270
v 0.094232 0.610371 0.307270
v 0.042317 0.549717 -0.256799
v 0.042317 0.549717 -0.256799
v 0.042317 0.549717 -0.256799
v 0.042317 0.549717 -0.256799
v 0.068345 0.582607 -0.264507
v 0.068345 0.582607 -0.264507
v 0.068345 0.582607 -0.264507
v 0.068345 0.582607 -0.264507
v 0.058992 0.496307 0.283901
v 0.149213 0.497052 0.282568
v 0.061185 0.655933 0.289349
v 0.061185 0.655933 0.289349
v 0.061185 0.655933 0.289349
v 0.081823 0.618479 0.285019
v 0.081823 0.618479 0.285019
v 0.061028 0.617833 0.289354
v 0.061028 0.617833 0.289354
v 0.067483 0.772433 -0.308029
v 0.067483 0.772433 -0.308029
v 0.059554 0.749789 -0.297752
v 0.059554 0.749789 -0.297752
v 0.070854 0.088931 0.331541
v -0.056142 0.089279 0.330440
v -0.074480 0.010693 -0.345842
v -0.010849 0.746074 -0.279486
v -0.010849 0.746074 -0.279486
v -0.010849 0.746074 -0.279486
v -0.010849 0.746074 -0.279486
v -0.007599 0.778688 -0.298193
v -0.007599 0.778688 -0.298193
v -0.051534 0.785974 -0.277858
v -0.026301 0.787950 -0.278517
v -0.026301 0.787950 -0.278517
v -0.058292 0.642609 0.258518
v -0.058292 0.642609 0.258518
v -0.058292 0.642609 0.258518
v -0.126029 0.135694 -0.308496
v -0.126029 0.135694 -0.308496
v -0.032783 0.134922 -0.297297
v -0.032783 0.134922 -0.297297
v -0.032783 0.134922 -0.297297
v -0.037045 0.615497 0.274727
v -0.037045 0.615497 0.274727
v -0.037045 0.615497 0.274727
v -0.037045 0.615497 0.274727
v -0.037045 0.615497 0.274727
v -0.037045 0.615497 0.274727
v -0.037045 0.615497 0.274727
v -0.037045 0.615497 0.274727
v -0.037045 0.615497 0.274727
v -0.037045 0.615497 0.274727
v -0.058565 0.757808 0.262715
v -0.058565 0.757808 0.262715
v -0.058565 0.757808 0.262715
v -0.058565 0.757808 0.262715
v -0.058565 0.757808 0.262715
v -0.058565 0.757808 0.262715
v -0.106008 0.461529 0.298245
v -0.106008 0.461529 0.298245
v -0.075174 0.522572 0.293088
v -0.092773 0.578677 0.282928
v -0.092773 0.578677 0.282928
v -0.060663 0.363460 -0.316768
v -0.060663 0.363460 -0.316768
v -0.127077 0.373334 -0.315139
v -0.132926 0.342490 -0.316569
v -0.132926 0.342490 -0.316569
v -0.132926 0.342490 -0.316569
v -0.132926 0.342490 -0.316569
v -0.142123 0.593698 0.257789
v -0.142123 0.593698 0.257789
v -0.142123 0.593698 0.257789
v -0.101504 0.562616 0.283107
v -0.101504 0.562616 0.283107
v -0.101504 0.562616 0.283107
v -0.078778 0.776404 -0.286339
v -0.209016 0.602834 -0.272711
v -0.209016 0.602834 -0.272711
v -0.209016 0.602834 -0.272711
v -0.134908 0.134904 -0.263516
v -0.134908 0.134904 -0.263516
v -0.134908 0.134904 -0.263516
v -0.128453 0.112489 -0.319228
v -0.128453 0.112489 -0.319228
v -0.128453 0.112489 -0.319228
v -0.128453 0.112489 -0.319228
v -0.134919 0.091705 -0.262614
v -0.134919 0.091705 -0.262614
v -0.134919 0.091705 -0.262614
v -0.134919 0.091705 -0.262614
v -0.148728 0.313804 0.312298
v -0.148728 0.313804 0.312298
v -0.187540 0.586130 0.241809
v -0.187540 0.586130 0.241809
v -0.158724 0.649087 -0.273063
v -0.158724 0.649087 -0.273063
v -0.246857 0.651600 -0.263919
v -0.246857 0.651600 -0.263919
v -0.246857 0.651600 -0.263919
v -0.246857 0.651600 -0.263919
v -0.246857 0.651600 -0.263919
v -0.246857 0.651600 -0.263919
v -0.246857 0.651600 -0.263919
v -0.181240 0.658542 -0.279543
v -0.203296 0.492109 -0.260310
v -0.268869 0.492544 -0.260744
v -0.268869 0.492544 -0.260744
v -0.268869 0.492544 -0.260744
v -0.216537 0.688302 -0.286338
v -0.216537 0.688302 -0.286338
v -0.221423 0.692971 -0.300382
v -0.221423 0.692971 -0.300382
v -0.221423 0.692971 -0.300382
v -0.219278 0.745669 0.283439
v -0.219278 0.745669 0.283439
v -0.213409 0.761858 0.292104
v -0.213409 0.761858 0.292104
v -0.213409 0.761858 0.292104
v -0.213409 0.761858 0.292104
v -0.258037 0.821074 0.226919
v -0.178456 0.505745 -0.322914
v -0.236308 0.587162 -0.259268
v -0.239867 0.560821 -0.237511
v -0.239867 0.560821 -0.237511
v -0.239867 0.560821 -0.237511
v -0.239867 0.560821 -0.237511
v -0.315184 0.146300 0.307357
v -0.315184 0.146300 0.307357
v -0.223437 0.150324 0.308773
v -0.297955 0.495802 0.296407
v -0.195774 0.497099 0.301906
v -0.266229 0.742627 -0.251519
v -0.266229 0.742627 -0.251519
v -0.270146 0.579627 0.303498
v -0.270146 0.579627 0.303498
v -0.270146 0.579627 0.303498
v -0.263455 0.549854 0.293191
v -0.263455 0.549854 0.293191
v -0.263455 0.549854 0.293191
v -0.263455 0.549854 0.293191
v -0.280261 0.646770 0.168213
v -0.280261 0.646770 0.168213
v -0.280261 0.646770 0.168213
v -0.280261 0.646770 0.168213
v -0.282002 0.648925 0.062934
v -0.282002 0.648925 0.062934
v -0.282002 0.648925 0.062934
v -0.282002 0.648925 0.062934
v -0.313138 0.483585 -0.140868
v -0.312102 0.489811 -0.052007
v -0.295009 0.649010 0.232256
v -0.295009 0.649010 0.232256
v -0.295009 0.649010 0.232256
v -0.295009 0.649010 0.232256
v -0.295009 0.649010 0.232256
v -0.295078 0.746398 0.233929
v -0.295078 0.746398 0.233929
v -0.295078 0.746398 0.233929
v -0.295078 0.746398 0.233929
v -0.295078 0.746398 0.233929
v -0.295078 0.746398 0.233929
v -0.303485 0.640351 0.263783
v -0.303485 0.640351 0.263783
v -0.283955 0.645577 0.245312
v -0.283955 0.645577 0.245312
v -0.283955 0.645577 0.245312
v -0.283955 0.645577 0.245312
v -0.283955 0.645577 0.245312
v -0.319774 0.274268 0.300438
v -0.306222 0.746568 0.280503
v -0.306222 0.746568 0.280503
v -0.322518 0.689138 0.054220
v -0.322518 0.689138 0.054220
v -0.322518 0.689138 0.054220
v -0.328847 0.746547 0.036672
v -0.335924 0.005305 0.262342
v -0.335924 0.005305 0.262342
v -0.335924 0.005305 0.262342
v -0.303856 0.093096 -0.289820
v -0.305128 0.095341 -0.141084
v -0.305128 0.095341 -0.141084
v -0.318450 0.152288 -0.299805
v -0.318450 0.152288 -0.299805
v -0.309580 0.008220 -0.043452
v -0.309580 0.008220 -0.043452
v -0.306224 0.089147 0.153138
v -0.308899 0.098226 0.242938
v -0.308899 0.098226 0.242938
v -0.308899 0.098226 0.242938
v -0.332071 0.148127 0.293065
v -0.337417 0.202470 -0.056126
v -0.337417 0.202470 -0.056126
v -0.337709 0.403441 -0.042023
v -0.337709 0.403441 -0.042023
v -0.337709 0.403441 -0.042023
v -0.331619 0.555134 0.038257
v -0.338960 0.549418 -0.048874
v -0.338960 0.549418 -0.048874
v -0.338960 0.549418 -0.048874
v -0.338041 0.652189 -0.303975
v 0.337151 0.506066 0.244378
v 0.338119 0.087536 0.153682
v 0.338911 0.088563 0.245864
v 0.338911 0.088563 0.245864
v 0.331960 0.506268 0.256905
v 0.331960 0.506268 0.256905
v 0.331960 0.506268 0.256905
v 0.316135 0.656359 0.031567
v 0.316135 0.656359 0.031567
v 0.316135 0.656359 0.031567
v 0.316135 0.656359 0.031567
v 0.326835 0.349755 0.234712
v 0.329605 0.150144 -0.236118
v 0.329605 0.150144 -0.236118
v 0.329605 0.150144 -0.236118
v 0.329605 0.150144 -0.236118
v 0.324236 0.653956 -0.023444
v 0.324236 0.653956 -0.023444
v 0.330721 0.505826 0.238823
v 0.330721 0.505826 0.238823
v 0.330721 0.505826 0.238823
v 0.295672 0.619482 0.030649
v 0.295672 0.619482 0.030649
v 0.295672 0.619482 0.030649
v 0.264749 0.609129 -0.284316
v 0.314970 0.597723 -0.013250
v 0.314970 0.597723 -0.013250
v 0.328157 0.640621 -0.018763
v 0.328157 0.640621 -0.018763
v 0.328157 0.640621 -0.018763
v 0.305841 0.657908 0.184580
v 0.305841 0.657908 0.184580
v 0.303765 0.617439 0.261960
v 0.303765 0.617439 0.261960
v 0.307159 0.661277 0.266031
v 0.307159 0.661277 0.266031
v 0.307159 0.661277 0.266031
v 0.285033 0.649946 0.004838
v 0.285033 0.649946 0.004838
v 0.285033 0.649946 0.004838
v 0.285033 0.649946 0.004838
v 0.285033 0.649946 0.004838
v 0.329773 0.655453 0.010766
v 0.329773 0.655453 0.010766
v 0.329773 0.655453 0.010766
v 0.294602 0.746476 -0.002516
v 0.294602 0.746476 -0.002516
v 0.309791 0.694485 0.119913
v 0.309791 0.694485 0.119913
v 0.309791 0.694485 0.119913
v 0.286020 0.676025 0.128498
v 0.286020 0.676025 0.128498
v 0.286020 0.676025 0.128498
v 0.293428 0.533264 0.032057
v 0.295422 0.533609 -0.071295
v 0.295422 0.533609 -0.071295
v 0.295422 0.533609 -0.071295
v 0.286699 0.494926 -0.140447
v 0.286699 0.494926 -0.140447
v 0.286699 0.494926 -0.140447
v 0.286699 0.494926 -0.140447
v 0.282930 0.496432 -0.188571
v 0.282930 0.496432 -0.188571
v 0.282930 0.496432 -0.188571
v 0.284058 0.668876 -0.252490
v 0.284058 0.668876 -0.252490
v 0.284058 0.668876 -0.252490
v 0.265569 0.636678 -0.235351
v 0.265569 0.636678 -0.235351
v 0.265569 0.636678 -0.235351
v 0.265569 0.636678 -0.235351
v 0.265569 0.636678 -0.235351
v 0.279840 0.600954 0.237227
v 0.279840 0.600954 0.237227
v 0.279840 0.600954 0.237227
v 0.277594 0.549338 -0.129572
v 0.277594 0.549338 -0.129572
v 0.273514 0.610136 0.027954
v 0.273514 0.610136 0.027954
v 0.273514 0.610136 0.027954
v 0.273514 0.610136 0.027954
v 0.278879 0.487608 -0.081418
v 0.278435 0.489144 0.042361
v 0.278435 0.489144 0.042361
v 0.241932 0.766179 0.255293
v 0.241932 0.766179 0.255293
v 0.241932 0.766179 0.255293
v 0.296790 0.770988 0.238971
v 0.249988 0.532144 -0.030540
v 0.249535 0.531572 0.144705
v 0.247156 0.645883 -0.188692
v 0.247156 0.645883 -0.188692
v 0.250049 0.629741 -0.190981
v 0.250049 0.629741 -0.190981
v 0.231853 0.505464 0.293719
v 0.231853 0.505464 0.293719
v 0.231853 0.505464 0.293719
v 0.164574 0.553439 -0.271508
v 0.164574 0.553439 -0.271508
v 0.164574 0.553439 -0.271508
v 0.164574 0.553439 -0.271508
v 0.247153 0.548315 -0.210616
v 0.247153 0.548315 -0.210616
v 0.247153 0.548315 -0.210616
v 0.155076 0.766475 0.273660
v 0.148118 0.604773 -0.258003
v 0.221048 0.602776 -0.251540
v 0.221048 0.602776 -0.251540
v 0.238928 0.005248 -0.249957
v 0.133841 0.000436 -0.285353
v 0.128843 0.551497 -0.315985
v 0.120249 0.737984 -0.257675
v 0.123946 0.644795 -0.258424
v 0.123946 0.644795 -0.258424
v 0.123946 0.644795 -0.258424
v 0.132207 0.582969 -0.247873
v 0.132207 0.582969 -0.247873
v 0.132207 0.582969 -0.247873
v 0.132207 0.582969 -0.247873
v 0.112609 0.730283 0.263416
v 0.112609 0.730283 0.263416
v 0.081150 0.768701 -0.318633
v 0.081150 0.768701 -0.318633
v 0.081150 0.768701 -0.318633
v 0.134950 0.764700 -0.330618
v 0.134950 0.764700 -0.330618
v 0.134950 0.764700 -0.330618
v 0.134950 0.764700 -0.330618
v 0.134950 0.764700 -0.330618
v 0.134950 0.764700 -0.330618
v 0.135790 0.537420 0.249561
v 0.135790 0.537420 0.249561
v 0.135790 0.537420 0.249561
v 0.040587 0.540331 0.233726
v 0.040587 0.540331 0.233726
v 0.113482 0.567672 -0.269731
v 0.113482 0.567672 -0.269731
v 0.113482 0.567672 -0.269731
v 0.113482 0.567672 -0.269731
v 0.055217 0.617710 -0.292025
v 0.055217 0.617710 -0.292025
v 0.102350 0.615666 -0.321385
v 0.102350 0.615666 -0.321385
v 0.102350 0.615666 -0.321385
v 0.030059 0.987792 -0.018479
v 0.030059 0.987792 -0.018479
v 0.097531 0.927609 -0.081946
v 0.037224 0.618368 0.315408
v 0.037224 0.618368 0.315408
v 0.037224 0.618368 0.315408
v 0.037224 0.618368 0.315408
v 0.068190 0.540953 0.311064
v 0.068190 0.540953 0.311064
v 0.068190 0.540953 0.311064
v 0.063308 0.541472 0.292784
v 0.063308 0.541472 0.292784
v 0.063308 0.541472 0.292784
v 0.063308 0.541472 0.292784
v 0.063308 0.541472 0.292784
v -0.017061 0.587263 -0.230537
v -0.017061 0.587263 -0.230537
v -0.017061 0.587263 -0.230537
v -0.002077 0.614464 0.284925
v -0.002077 0.614464 0.284925
v 0.004466 0.612451 0.272899
v 0.004466 0.612451 0.272899
v 0.004466 0.612451 0.272899
v -0.021362 0.744037 -0.266394
v -0.021362 0.744037 -0.266394
v -0.036456 0.752152 0.311285
v -0.036456 0.752152 0.311285
v -0.022024 0.759022 0.323387
v -0.022024 0.759022 0.323387
v -0.022024 0.759022 0.323387
v -0.056964 0.746901 0.295927
v -0.056964 0.746901 0.295927
v -0.034360 0.661323 0.295671
v -0.034360 0.661323 0.295671
v -0.034360 0.661323 0.295671
v -0.034360 0.661323 0.295671
v -0.034360 0.661323 0.295671
v -0.034360 0.661323 0.295671
v -0.034360 0.661323 0.295671
v -0.028150 0.657408 0.274219
v -0.028150 0.657408 0.274219
v -0.002537 0.496515 -0.263025
v -0.097720 0.493111 -0.260688
v -0.097720 0.493111 -0.260688
v -0.018517 0.754221 0.259954
v -0.018517 0.754221 0.259954
v -0.018517 0.754221 0.259954
v -0.049428 0.321335 -0.315102
v -0.049428 0.321335 -0.315102
v -0.073852 0.346637 -0.291810
v -0.073852 0.346637 -0.291810
v -0.073852 0.346637 -0.291810
v -0.073852 0.346637 -0.291810
v -0.054990 0.704708 0.257913
v -0.161363 0.643357 0.265467
v -0.064447 0.739778 0.267510
v -0.025503 0.314035 0.288746
v -0.025503 0.314035 0.288746
v -0.025503 0.314035 0.288746
v -0.054513 0.330324 0.290216
v -0.054513 0.330324 0.290216
v -0.054513 0.330324 0.290216
v -0.054513 0.330324 0.290216
v -0.062747 0.661982 0.269291
v -0.065394 0.549878 0.280163
v -0.065394 0.549878 0.280163
v -0.065394 0.549878 0.280163
v -0.065394 0.549878 0.280163
v -0.070456 0.881621 -0.160484
v -0.127170 0.381962 0.259400
v -0.127170 0.381962 0.259400
v -0.136618 0.883311 0.135898
v -0.136618 0.883311 0.135898
v -0.136618 0.883311 0.135898
v -0.150736 0.011198 -0.339338
v -0.181262 0.016943 -0.331356
v -0.214044 0.753397 0.310850
v -0.214044 0.753397 0.310850
v -0.156795 0.204411 -0.324029
v -0.154071 0.143774 -0.321352
v -0.154071 0.143774 -0.321352
v -0.154071 0.143774 -0.321352
v -0.178430 0.746981 -0.285652
v -0.178430 0.746981 -0.285652
v -0.178430 0.746981 -0.285652
v -0.178430 0.746981 -0.285652
v -0.162010 0.768415 -0.294855
v -0.162010 0.768415 -0.294855
v -0.162010 0.768415 -0.294855
v -0.159160 0.688522 0.302516
v -0.159160 0.688522 0.302516
v -0.159160 0.688522 0.302516
v -0.149884 0.678921 0.282905
v -0.149884 0.678921 0.282905
v -0.149884 0.678921 0.282905
v -0.175189 0.655038 0.280652
v -0.175189 0.655038 0.280652
v -0.150931 0.746386 0.281805
v -0.205500 0.746340 0.280361
v -0.169698 0.651813 0.322463
v -0.228772 0.486706 -0.292582
v -0.193082 0.104875 0.284370
v -0.193082 0.104875 0.284370
v -0.193950 0.171666 0.282447
v -0.193950 0.171666 0.282447
v -0.196002 0.144671 0.315725
v -0.317526 0.315733 0.293169
v -0.322003 0.222097 0.295122
v -0.265694 0.748609 -0.284380
v -0.265694 0.748609 -0.284380
v -0.265694 0.748609 -0.284380
v -0.265694 0.748609 -0.284380
v -0.265694 0.748609 -0.284380
v -0.295260 0.009566 -0.323071
v -0.257423 0.771834 0.268015
v -0.257423 0.771834 0.268015
v -0.257423 0.771834 0.268015
v -0.280686 0.771741 0.246596
v -0.280686 0.771741 0.246596
v -0.280686 0.771741 0.246596
v -0.298825 0.658777 -0.046931
v -0.298825 0.658777 -0.046931
v -0.298825 0.658777 -0.046931
v -0.308101 0.648826 -0.042740
v -0.308101 0.648826 -0.042740
v -0.307846 0.649015 0.037589
v -0.307846 0.649015 0.037589
v -0.307846 0.649015 0.037589
v -0.307846 0.649015 0.037589
v -0.309171 0.402708 0.017253
v -0.309171 0.402708 0.017253
v -0.309171 0.402708 0.017253
v -0.308747 0.323915 0.040274
v -0.308747 0.323915 0.040274
v -0.308767 0.000915 0.049394
v -0.308767 0.000915 0.049394
v -0.308767 0.000915 0.049394
v -0.337188 0.767016 0.111739
v -0.336575 0.766094 0.200341
v -0.311596 0.749628 0.071914
v -0.311596 0.749628 0.071914
v -0.311596 0.749628 0.071914
v -0.308983 0.754408 0.105392
v -0.308983 0.754408 0.105392
v -0.305577 0.748700 0.198205
v -0.305577 0.748700 0.198205
v -0.305577 0.748700 0.198205
v -0.329280 0.656007 -0.112368
v -0.329280 0.656007 -0.112368
v -0.329280 0.656007 -0.112368
v -0.332161 0.616998 -0.128592
v -0.330339 0.134539 -0.053906
v -0.330339 0.134539 -0.053906
v -0.333639 0.102183 -0.058504
v -0.333639 0.102183 -0.058504
v -0.310971 0.094551 -0.044412
v -0.310971 0.094551 -0.044412
v -0.310971 0.094551 -0.044412
v -0.310971 0.094551 -0.044412
v -0.317780 0.091311 0.013731
v -0.317780 0.091311 0.013731
v -0.323612 0.548345 0.318214
v -0.317206 0.448446 0.291264
v -0.327190 0.607453 0.078686
v -0.327190 0.607453 0.078686
v -0.327190 0.607453 0.078686
v -0.327299 0.608956 0.163282
v -0.327299 0.608956 0.163282
v -0.327299 0.608956 0.163282
v -0.321782 0.378527 0.295777
v -0.332577 0.101796 -0.315969
v -0.332577 0.101796 -0.315969
v -0.332577 0.101796 -0.315969
v -0.332577 0.101796 -0.315969
v -0.323523 0.134959 -0.303865
v -0.323523 0.134959 -0.303865
v -0.338919 0.547956 -0.174205
v -0.337010 0.546155 0.171151
v -0.337594 0.548139 0.082640
v -0.337594 0.548139 0.082640
v -0.337594 0.548139 0.082640
v -0.334894 0.101066 -0.251434
v -0.334894 0.101066 -0.251434
v -0.338469 0.548648 -0.079451
v -0.338469 0.548648 -0.079451
v -0.337027 0.371046 0.052525
v -0.337027 0.371046 0.052525
v -0.337027 0.371046 0.052525
v -0.337027 0.371046 0.052525
v -0.325250 0.410047 -0.005514
v -0.325250 0.410047 -0.005514
v -0.325250 0.410047 -0.005514
v -0.347622 0.001107 0.252283
v 0.338440 0.550001 0.011051
v 0.339136 0.550315 0.158997
v 0.339136 0.550315 0.158997
v 0.339136 0.550315 0.158997
v 0.339136 0.550315 0.158997
v 0.337379 0.547291 -0.249773
v 0.337379 0.547291 -0.249773
v 0.337379 0.547291 -0.249773
v 0.329943 0.498714 0.079754
v 0.330686 0.515292 -0.247113
v 0.335740 0.668598 -0.193319
v 0.335740 0.668598 -0.193319
v 0.335740 0.668598 -0.193319
v 0.326071 0.611680 -0.194150
v 0.326071 0.611680 -0.194150
v 0.321304 0.668401 -0.166834
v 0.321304 0.668401 -0.166834
v 0.321304 0.668401 -0.166834
v 0.321304 0.668401 -0.166834
v 0.315143 0.615304 -0.101804
v 0.315143 0.615304 -0.101804
v 0.315143 0.615304 -0.101804
v 0.315143 0.615304 -0.101804
v 0.315143 0.615304 -0.101804
v 0.332781 0.640806 -0.091843
v 0.332781 0.640806 -0.091843
v 0.323881 0.244138 -0.237809
v 0.302799 0.521867 0.080861
v 0.302799 0.521867 0.080861
v 0.302799 0.521867 0.080861
v 0.301191 0.497493 0.028703
v 0.301191 0.497493 0.028703
v 0.311423 0.667934 0.113164
v 0.311423 0.667934 0.113164
v 0.311423 0.667934 0.113164
v 0.290112 0.766776 0.180570
v 0.290112 0.766776 0.180570
v 0.290112 0.766776 0.180570
v 0.290112 0.766776 0.180570
v 0.290112 0.766776 0.180570
v 0.299249 0.748046 0.202890
v 0.299249 0.748046 0.202890
v 0.299249 0.748046 0.202890
v 0.299249 0.748046 0.202890
v 0.299249 0.748046 0.202890
v 0.297364 0.534936 0.263025
v 0.297364 0.534936 0.263025
v 0.297364 0.534936 0.263025
v 0.296293 0.606130 0.262586
v 0.296293 0.606130 0.262586
v 0.296659 0.778902 -0.178346
v 0.296659 0.778902 -0.178346
v 0.296659 0.778902 -0.178346
v 0.282967 0.787160 -0.195200
v 0.282967 0.787160 -0.195200
v 0.264660 0.680192 -0.210867
v 0.264660 0.680192 -0.210867
v 0.264660 0.680192 -0.210867
v 0.264660 0.680192 -0.210867
v 0.251761 0.764648 -0.232059
v 0.251761 0.764648 -0.232059
v 0.251761 0.764648 -0.232059
v 0.251761 0.764648 -0.232059
v 0.251761 0.764648 -0.232059
v 0.251761 0.764648 -0.232059
v 0.271813 0.745866 -0.080693
v 0.273835 0.746291 -0.179799
v 0.351534 0.000282 0.256784
v 0.351534 0.000282 0.256784
v 0.249624 0.761546 0.141062
v 0.274334 0.647770 -0.181918
v 0.252128 0.649704 -0.223738
v 0.252128 0.649704 -0.223738
v 0.252128 0.649704 -0.223738
v 0.248990 0.550963 -0.125675
v 0.248990 0.550963 -0.125675
v 0.248990 0.550963 -0.125675
v 0.248990 0.550963 -0.125675
v 0.252628 0.626982 -0.060623
v 0.249636 0.551007 0.153383
v 0.248132 0.553465 0.103138
v 0.248132 0.553465 0.103138
v 0.248132 0.553465 0.103138
v 0.262572 0.759097 0.197356
v 0.262572 0.759097 0.197356
v 0.262572 0.759097 0.197356
v 0.237023 0.760299 -0.271775
v 0.237023 0.760299 -0.271775
v 0.280585 0.756587 -0.255353
v 0.280585 0.756587 -0.255353
v 0.241740 0.534193 0.197834
v 0.241740 0.534193 0.197834
v 0.241740 0.534193 0.197834
v 0.241740 0.534193 0.197834
v 0.239420 0.674786 -0.257325
v 0.239420 0.674786 -0.257325
v 0.233271 0.610103 -0.255802
v 0.233271 0.610103 -0.255802
v 0.233271 0.610103 -0.255802
v 0.187340 0.766058 -0.287067
v 0.187340 0.766058 -0.287067
v 0.187340 0.766058 -0.287067
v 0.187340 0.766058 -0.287067
v 0.231940 0.609496 -0.285401
v 0.231940 0.609496 -0.285401
v 0.177844 0.616511 -0.300096
v 0.177844 0.616511 -0.300096
v 0.177844 0.616511 -0.300096
v 0.177844 0.616511 -0.300096
v 0.189449 0.492677 -0.259307
v 0.189449 0.492677 -0.259307
v 0.071002 0.489598 -0.260039
v 0.174098 0.536312 -0.235513
v 0.174098 0.536312 -0.235513
v 0.159080 0.545455 0.310310
v 0.159080 0.545455 0.310310
v 0.159080 0.545455 0.310310
v 0.159080 0.545455 0.310310
v 0.159080 0.545455 0.310310
v 0.141750 0.746137 -0.299752
v 0.124019 0.533505 0.292225
v 0.124019 0.533505 0.292225
v 0.124019 0.533505 0.292225
v 0.134422 0.530127 0.310956
v 0.134422 0.530127 0.310956
v -0.002616 0.506996 -0.325289
v 0.122442 0.753214 -0.303653
v 0.122442 0.753214 -0.303653
v 0.122442 0.753214 -0.303653
v 0.122442 0.753214 -0.303653
v 0.122442 0.753214 -0.303653
v 0.093791 0.574676 0.281113
v 0.093791 0.574676 0.281113
v 0.093791 0.574676 0.281113
v 0.093791 0.574676 0.281113
v 0.134457 0.585348 0.274556
v 0.134457 0.585348 0.274556
v 0.134457 0.585348 0.274556
v 0.134457 0.585348 0.274556
v 0.134457 0.585348 0.274556
v 0.134457 0.585348 0.274556
v 0.134457 0.585348 0.274556
v 0.134457 0.585348 0.274556
v 0.082957 0.636102 -0.297949
v 0.082957 0.636102 -0.297949
v 0.082957 0.636102 -0.297949
v 0.094113 0.740252 0.261824
v 0.089861 0.757516 0.272513
v 0.089861 0.757516 0.272513
v 0.040008 0.102027 0.281354
v 0.040008 0.102027 0.281354
v 0.040008 0.102027 0.281354
v 0.064372 0.009040 0.328907
v 0.030547 0.542986 0.250277
v 0.030547 0.542986 0.250277
v 0.030547 0.542986 0.250277
v 0.030547 0.542986 0.250277
v -0.047413 0.629991 -0.257858
v -0.012864 0.345137 -0.288334
v -0.012864 0.345137 -0.288334
v 0.015719 0.106064 0.303688
v 0.015719 0.106064 0.303688
v -0.028786 0.303899 -0.297849
v -0.028786 0.303899 -0.297849
v -0.024172 0.210746 -0.295007
v -0.030454 0.202251 -0.281003
v -0.031263 0.111276 -0.285324
v -0.031263 0.111276 -0.285324
v -0.031263 0.111276 -0.285324
v -0.032228 0.166462 0.302559
v -0.032228 0.166462 0.302559
v -0.026445 0.142327 0.310936
v -0.026445 0.142327 0.310936
v -0.026445 0.142327 0.310936
v -0.102990 0.140478 0.260742
v -0.023434 0.140527 0.260934
v -0.023434 0.140527 0.260934
v -0.051451 0.687377 -0.302312
v -0.051451 0.687377 -0.302312
v -0.051451 0.687377 -0.302312
v -0.051451 0.687377 -0.302312
v -0.051451 0.687377 -0.302312
v -0.056267 0.745790 -0.301157
v -0.056267 0.745790 -0.301157
v -0.181912 0.744513 -0.286997
v -0.064520 0.745189 -0.286202
v -0.064520 0.745189 -0.286202
v -0.122348 0.620854 -0.295212
v -0.122348 0.620854 -0.295212
v -0.154188 0.609719 -0.316110
v -0.154188 0.609719 -0.316110
v -0.154188 0.609719 -0.316110
v -0.154188 0.609719 -0.316110
v -0.154188 0.609719 -0.316110
v -0.212544 0.084939 0.329734
v -0.125766 0.538538 -0.273081
v -0.125766 0.538538 -0.273081
v -0.125766 0.538538 -0.273081
v -0.132445 0.548059 -0.234074
v -0.132445 0.548059 -0.234074
v -0.132445 0.548059 -0.234074
v -0.132445 0.548059 -0.234074
v -0.132445 0.548059 -0.234074
v -0.132445 0.548059 -0.234074
v -0.137930 0.665626 0.303222
v -0.137930 0.665626 0.303222
v -0.137930 0.665626 0.303222
v -0.137930 0.665626 0.303222
v -0.137930 0.665626 0.303222
v -0.129207 0.655639 0.289185
v -0.129207 0.655639 0.289185
v -0.129207 0.655639 0.289185
v -0.145390 0.373102 0.292471
v -0.145390 0.373102 0.292471
v -0.145390 0.373102 0.292471
v -0.143604 0.358044 0.311247
v -0.143604 0.358044 0.311247
v -0.143604 0.358044 0.311247
v -0.143604 0.358044 0.311247
v -0.143604 0.358044 0.311247
v -0.143604 0.358044 0.311247
v -0.143604 0.358044 0.311247
v -0.143604 0.358044 0.311247
v -0.154451 0.149321 0.286032
v -0.154451 0.149321 0.286032
v -0.154451 0.149321 0.286032
v -0.147016 0.363510 -0.261008
v -0.147016 0.363510 -0.261008
v -0.147016 0.363510 -0.261008
v -0.179400 0.345412 -0.263178
v -0.179400 0.345412 -0.263178
v -0.179400 0.345412 -0.263178
v -0.179400 0.345412 -0.263178
v -0.162655 0.107739 0.282501
v -0.162655 0.107739 0.282501
v -0.160763 0.091268 0.260401
v -0.160763 0.091268 0.260401
v -0.160763 0.091268 0.260401
v -0.160763 0.091268 0.260401
v -0.174564 0.122682 0.292350
v -0.174564 0.122682 0.292350
v -0.174564 0.122682 0.292350
v -0.174564 0.122682 0.292350
v -0.171410 0.126394 0.311384
v -0.171410 0.126394 0.311384
v -0.171410 0.126394 0.311384
v -0.171410 0.126394 0.311384
v -0.171410 0.126394 0.311384
v -0.171410 0.126394 0.311384
v -0.239772 0.629278 0.266783
v -0.239772 0.629278 0.266783
v -0.239772 0.629278 0.266783
v -0.168069 0.249287 0.283811
v -0.168555 0.205023 0.289382
v -0.168555 0.205023 0.289382
v -0.168555 0.205023 0.289382
v -0.183039 0.197180 0.286984
v -0.183039 0.197180 0.286984
v -0.183039 0.197180 0.286984
v -0.183039 0.197180 0.286984
v -0.183039 0.197180 0.286984
v -0.164197 0.173542 0.281168
v -0.164197 0.173542 0.281168
v -0.164197 0.173542 0.281168
v -0.164197 0.173542 0.281168
v -0.164197 0.173542 0.281168
v -0.167912 0.545544 0.320819
v -0.174613 0.615839 0.309675
v -0.174613 0.615839 0.309675
v -0.174613 0.615839 0.309675
v -0.174613 0.615839 0.309675
v -0.174613 0.615839 0.309675
v -0.177323 0.556669 -0.240193
v -0.177323 0.556669 -0.240193
v -0.177323 0.556669 -0.240193
v -0.177323 0.556669 -0.240193
v -0.177323 0.556669 -0.240193
v -0.090155 0.001002 0.348691
v -0.217566 0.000413 0.345708
v -0.210820 0.743300 -0.278855
v -0.190244 0.746997 -0.271068
v -0.205451 0.259070 0.303257
v -0.191482 0.318323 0.303104
v -0.191482 0.318323 0.303104
v -0.191482 0.318323 0.303104
v -0.202851 0.204200 0.308691
v -0.202851 0.204200 0.308691
v -0.202851 0.204200 0.308691
v -0.133270 0.747218 0.320152
v -0.274375 0.647940 -0.132291
v -0.269216 0.647211 -0.013980
v -0.279562 0.484431 -0.126269
v -0.274591 0.487867 -0.182652
v -0.274591 0.487867 -0.182652
v -0.278015 0.544563 -0.108108
v -0.278015 0.544563 -0.108108
v -0.288814 0.101939 0.310513
v -0.288814 0.101939 0.310513
v -0.288814 0.101939 0.310513
v -0.292252 0.088513 0.313817
v -0.292252 0.088513 0.313817
v -0.292252 0.088513 0.313817
v -0.292252 0.088513 0.313817
v -0.292252 0.088513 0.313817
v -0.293113 0.652061 -0.240860
v -0.293113 0.652061 -0.240860
v -0.298989 0.652136 -0.205148
v -0.298989 0.652136 -0.205148
v -0.298989 0.652136 -0.205148
v -0.298989 0.652136 -0.205148
v -0.281466 0.641820 -0.053272
v -0.281466 0.641820 -0.053272
v -0.288959 0.624489 0.065673
v -0.288959 0.624489 0.065673
v -0.288959 0.624489 0.065673
v -0.288959 0.624489 0.065673
v -0.328493 0.007367 -0.309342
v -0.328493 0.007367 -0.309342
v -0.291234 0.619461 0.299733
v -0.291234 0.619461 0.299733
v -0.291234 0.619461 0.299733
v -0.291234 0.619461 0.299733
v -0.327439 0.609639 0.278137
v -0.327439 0.609639 0.278137
v -0.293354 0.605444 0.229581
v -0.293354 0.605444 0.229581
v -0.293354 0.605444 0.229581
v -0.293908 0.770753 0.206289
v -0.293908 0.770753 0.206289
v -0.299730 0.745880 -0.085365
v -0.299556 0.745898 -0.000358
v -0.316286 0.634984 -0.117719
v -0.299528 0.649044 -0.117637
v -0.299528 0.649044 -0.117637
v -0.299528 0.649044 -0.117637
v -0.299528 0.649044 -0.117637
v -0.320667 0.646567 -0.127413
v -0.320667 0.646567 -0.127413
v -0.320201 0.687799 -0.148348
v -0.320201 0.687799 -0.148348
v -0.320201 0.687799 -0.148348
v -0.320201 0.687799 -0.148348
v -0.320201 0.687799 -0.148348
v -0.320201 0.687799 -0.148348
v -0.319008 0.382334 -0.300750
v -0.332729 0.093400 -0.137827
v -0.331135 0.090820 -0.309521
v -0.331135 0.090820 -0.309521
v -0.307340 0.779768 0.223409
v -0.307340 0.779768 0.223409
v -0.325114 0.764498 0.116148
v -0.325114 0.764498 0.116148
v -0.326932 0.761325 -0.264221
v -0.326932 0.761325 -0.264221
v -0.326932 0.761325 -0.264221
v -0.327597 0.607985 -0.094103
v -0.327597 0.607985 -0.094103
v -0.327329 0.614691 -0.144302
v -0.327329 0.614691 -0.144302
v -0.327329 0.614691 -0.144302
v -0.327329 0.614691 -0.144302
v -0.327329 0.614691 -0.144302
v -0.307071 0.102515 0.051030
v -0.307071 0.102515 0.051030
v -0.339165 0.103054 0.050226
v -0.339165 0.103054 0.050226
v -0.327716 0.383449 -0.057165
v -0.327716 0.383449 -0.057165
v -0.351534 0.000231 0.014264
v -0.336723 0.546408 0.197125
v -0.336723 0.546408 0.197125
v -0.304832 0.002270 0.185078
v -0.332664 0.118666 -0.327468
v -0.332664 0.118666 -0.327468
v -0.332664 0.118666 -0.327468
v -0.324217 0.144376 -0.307056
v -0.324217 0.144376 -0.307056
v -0.324217 0.144376 -0.307056
v 0.317450 0.694371 0.001308
v 0.317450 0.694371 0.001308
v 0.317450 0.694371 0.001308
v 0.334172 0.553700 0.112478
v 0.334172 0.553700 0.112478
v 0.334172 0.553700 0.112478
v 0.329401 0.139670 0.235624
v 0.329401 0.139670 0.235624
v 0.341865 0.116322 0.243604
v 0.341865 0.116322 0.243604
v 0.341865 0.116322 0.243604
v 0.338168 0.010520 0.248927
v 0.338168 0.010520 0.248927
v 0.325480 0.618948 0.018944
v 0.325480 0.618948 0.018944
v 0.316513 0.484321 0.239314
v 0.316513 0.484321 0.239314
v 0.316513 0.484321 0.239314
v 0.324051 0.612856 -0.127077
v 0.324051 0.612856 -0.127077
v 0.314175 0.618260 0.020839
v 0.314175 0.618260 0.020839
v 0.324148 0.497688 0.229770
v 0.320830 0.497274 0.050890
v 0.320830 0.497274 0.050890
v 0.320830 0.497274 0.050890
v 0.320830 0.497274 0.050890
v 0.320830 0.497274 0.050890
v 0.324520 0.746260 0.232326
v 0.324520 0.746260 0.232326
v 0.322918 0.628137 0.111378
v 0.322918 0.628137 0.111378
v 0.317106 0.145553 0.232344
v 0.317106 0.145553 0.232344
v 0.317106 0.145553 0.232344
v 0.317106 0.145553 0.232344
v 0.314534 0.606323 -0.178041
v 0.314534 0.606323 -0.178041
v 0.314534 0.606323 -0.178041
v 0.314534 0.606323 -0.178041
v 0.314534 0.606323 -0.178041
v 0.299973 0.773819 0.190604
v 0.299973 0.773819 0.190604
v 0.299973 0.773819 0.190604
v 0.299973 0.773819 0.190604
v 0.299973 0.773819 0.190604
v 0.299973 0.773819 0.190604
v 0.314157 0.749071 0.185928
v 0.314157 0.749071 0.185928
v 0.314157 0.749071 0.185928
v 0.330469 0.759218 0.182650
v 0.330469 0.759218 0.182650
v 0.330469 0.759218 0.182650
v 0.297593 0.637205 -0.109883
v 0.297593 0.637205 -0.109883
v 0.297593 0.637205 -0.109883
v 0.297593 0.637205 -0.109883
v 0.327960 0.620314 -0.102657
v 0.327960 0.620314 -0.102657
v 0.327960 0.620314 -0.102657
v 0.327960 0.620314 -0.102657
v 0.326753 0.614623 0.138328
v 0.326753 0.614623 0.138328
v 0.326753 0.614623 0.138328
v 0.309137 0.746501 0.205450
v 0.309137 0.746501 0.205450
v 0.307851 0.745844 0.229561
v 0.307851 0.745844 0.229561
v 0.316225 0.396014 0.244599
v 0.304786 0.675920 -0.191390
v 0.304786 0.675920 -0.191390
v 0.304786 0.675920 -0.191390
v 0.304786 0.675920 -0.191390
v 0.304786 0.675920 -0.191390
v 0.304786 0.675920 -0.191390
v 0.304786 0.675920 -0.191390
v 0.295889 0.642760 -0.198183
v 0.295889 0.642760 -0.198183
v 0.295889 0.642760 -0.198183
v 0.295889 0.642760 -0.198183
v 0.295889 0.642760 -0.198183
v 0.295889 0.642760 -0.198183
v 0.295889 0.642760 -0.198183
v 0.303983 0.531445 0.097319
v 0.303983 0.531445 0.097319
v 0.310833 0.489637 0.236955
v 0.310833 0.489637 0.236955
v 0.298138 0.655751 -0.212983
v 0.298138 0.655751 -0.212983
v 0.298138 0.655751 -0.212983
v 0.298138 0.655751 -0.212983
v 0.298138 0.655751 -0.212983
v 0.346772 0.000422 0.177214
v 0.346772 0.000422 0.177214
v 0.346772 0.000422 0.177214
v 0.318961 0.771553 0.215513
v 0.318961 0.771553 0.215513
v 0.318961 0.771553 0.215513
v 0.329596 0.149991 0.226571
v 0.329596 0.149991 0.226571
v 0.338922 0.098101 0.239902
v 0.338922 0.098101 0.239902
v 0.288749 0.669532 -0.006516
v 0.288749 0.669532 -0.006516
v 0.288749 0.669532 -0.006516
v 0.303763 0.497729 0.176134
v 0.303763 0.497729 0.176134
v 0.283298 0.658334 0.178628
v 0.283298 0.658334 0.178628
v 0.283298 0.658334 0.178628
v 0.283298 0.658334 0.178628
v 0.283298 0.658334 0.178628
v 0.287566 0.612271 -0.172012
v 0.287566 0.612271 -0.172012
v 0.287566 0.612271 -0.172012
v 0.295300 0.746704 0.093792
v 0.295300 0.746704 0.093792
v 0.295300 0.746704 0.093792
v 0.300128 0.747632 0.075208
v 0.300128 0.747632 0.075208
v 0.300128 0.747632 0.075208
v 0.300128 0.747632 0.075208
v 0.290726 0.751366 0.135583
v 0.290726 0.751366 0.135583
v 0.290726 0.751366 0.135583
v 0.290726 0.751366 0.135583
v 0.285266 0.650319 0.105116
v 0.285266 0.650319 0.105116
v 0.285072 0.746975 0.185908
v 0.285072 0.746975 0.185908
v 0.285072 0.746975 0.185908
v 0.285072 0.746975 0.185908
v 0.264418 0.770022 -0.232604
v 0.264418 0.770022 -0.232604
v 0.264418 0.770022 -0.232604
v 0.264418 0.770022 -0.232604
v 0.264418 0.770022 -0.232604
v 0.264418 0.770022 -0.232604
v 0.289572 0.746371 0.013703
v 0.289572 0.746371 0.013703
v 0.289572 0.746371 0.013703
v 0.289572 0.746371 0.013703
v 0.279358 0.560393 0.242031
v 0.279358 0.560393 0.242031
v 0.279358 0.560393 0.242031
v 0.279358 0.560393 0.242031
v 0.298236 0.671342 -0.187380
v 0.298236 0.671342 -0.187380
v 0.298236 0.671342 -0.187380
v 0.298236 0.671342 -0.187380
v 0.273339 0.784756 0.204283
v 0.273339 0.784756 0.204283
v 0.273339 0.784756 0.204283
v 0.274932 0.567302 -0.207669
v 0.279835 0.632907 0.245603
v 0.279835 0.632907 0.245603
v 0.279835 0.632907 0.245603
v 0.247169 0.490126 -0.250913
v 0.247169 0.490126 -0.250913
v 0.247169 0.490126 -0.250913
v 0.247169 0.490126 -0.250913
v 0.247169 0.490126 -0.250913
v 0.264382 0.777899 0.223396
v 0.264382 0.777899 0.223396
v 0.264382 0.777899 0.223396
v 0.276191 0.561173 0.263890
v 0.276191 0.561173 0.263890
v 0.271343 0.592112 -0.155854
v 0.271343 0.592112 -0.155854
v 0.269701 0.587780 -0.147228
v 0.269701 0.587780 -0.147228
v 0.269701 0.587780 -0.147228
v 0.269701 0.587780 -0.147228
v 0.269701 0.587780 -0.147228
v 0.271166 0.586531 -0.145424
v 0.271166 0.586531 -0.145424
v 0.271166 0.586531 -0.145424
v 0.271166 0.586531 -0.145424
v 0.269360 0.584893 -0.141967
v 0.269360 0.584893 -0.141967
v 0.269360 0.584893 -0.141967
v 0.269360 0.584893 -0.141967
v 0.269360 0.584893 -0.141967
v 0.273202 0.610110 0.039432
v 0.273202 0.610110 0.039432
v 0.216417 0.004546 -0.302435
v 0.267093 0.650704 -0.269773
v 0.267093 0.650704 -0.269773
v 0.267093 0.650704 -0.269773
v 0.267093 0.650704 -0.269773
v 0.267093 0.650704 -0.269773
v 0.269472 0.599332 0.098148
v 0.269472 0.599332 0.098148
v 0.270582 0.626735 0.042943
v 0.212067 0.489659 0.225667
v 0.271089 0.495202 0.202647
v 0.271089 0.495202 0.202647
v 0.250368 0.747444 0.225029
v 0.250368 0.747444 0.225029
v 0.250368 0.747444 0.225029
v 0.250368 0.747444 0.225029
v 0.250368 0.747444 0.225029
v 0.250368 0.747444 0.225029
v 0.240672 0.687427 0.263925
v 0.240672 0.687427 0.263925
v 0.240672 0.687427 0.263925
v 0.258703 0.631399 0.241202
v 0.258703 0.631399 0.241202
v 0.258703 0.631399 0.241202
v 0.258703 0.631399 0.241202
v 0.248126 0.643939 0.044735
v 0.249390 0.641208 0.226376
v 0.249390 0.641208 0.226376
v 0.249390 0.641208 0.226376
v 0.249390 0.641208 0.226376
v 0.249390 0.641208 0.226376
v 0.249390 0.641208 0.226376
v 0.235605 0.653565 -0.283540
v 0.235605 0.653565 -0.283540
v 0.247567 0.585759 -0.208676
v 0.247567 0.585759 -0.208676
v 0.247567 0.585759 -0.208676
v 0.256991 0.556609 0.029905
v 0.235233 0.612230 0.260325
v 0.235233 0.612230 0.260325
v 0.235233 0.612230 0.260325
v 0.241975 0.508198 -0.261679
v 0.241975 0.508198 -0.261679
v 0.241975 0.508198 -0.261679
v 0.232746 0.490504 -0.258607
v 0.232746 0.490504 -0.258607
v 0.232746 0.490504 -0.258607
v 0.242104 0.659260 0.251719
v 0.242104 0.659260 0.251719
v 0.202212 0.754443 0.230463
v 0.212658 0.643452 0.264647
v 0.212658 0.643452 0.264647
v 0.212658 0.643452 0.264647
v 0.212658 0.643452 0.264647
v 0.212658 0.643452 0.264647
v 0.212658 0.643452 0.264647
v 0.235547 0.630291 0.278455
v 0.235547 0.630291 0.278455
v 0.235547 0.630291 0.278455
v 0.235547 0.630291 0.278455
v 0.209686 0.657002 0.255003
v 0.209686 0.657002 0.255003
v 0.209686 0.657002 0.255003
v 0.209686 0.657002 0.255003
v 0.209686 0.657002 0.255003
v 0.209686 0.657002 0.255003
v 0.209686 0.657002 0.255003
v 0.209686 0.657002 0.255003
v 0.215315 0.618265 -0.266839
v 0.215315 0.618265 -0.266839
v 0.213892 0.603999 0.250027
v 0.213892 0.603999 0.250027
v 0.248798 0.536309 -0.211789
v 0.248798 0.536309 -0.211789
v 0.190459 0.643309 0.249774
v 0.190459 0.643309 0.249774
v 0.190459 0.643309 0.249774
v 0.223625 0.746846 0.260902
v 0.223625 0.746846 0.260902
v 0.232724 0.627841 0.232943
v 0.232724 0.627841 0.232943
v 0.232724 0.627841 0.232943
v 0.232724 0.627841 0.232943
v 0.232724 0.627841 0.232943
v 0.207676 0.620651 0.276509
v 0.207676 0.620651 0.276509
v 0.207676 0.620651 0.276509
v 0.207676 0.620651 0.276509
v 0.207676 0.620651 0.276509
v 0.207676 0.620651 0.276509
v 0.207676 0.620651 0.276509
v 0.214270 0.539616 0.295408
v 0.214270 0.539616 0.295408
v 0.214270 0.539616 0.295408
v 0.214270 0.539616 0.295408
v 0.216552 0.745333 -0.258631
v 0.206800 0.497315 -0.234034
v 0.221180 0.012093 -0.289803
v 0.176395 0.009560 -0.309763
v 0.158101 0.610313 -0.266773
v 0.158101 0.610313 -0.266773
v 0.158101 0.610313 -0.266773
v 0.158101 0.610313 -0.266773
v 0.106368 0.643378 0.229657
v 0.129706 0.103527 0.270467
v 0.155999 0.622507 -0.312267
v 0.155999 0.622507 -0.312267
v 0.155999 0.622507 -0.312267
v 0.187797 0.670715 -0.303270
v 0.187797 0.670715 -0.303270
v 0.113260 0.603427 -0.227772
v 0.173330 0.547364 0.278955
v 0.173330 0.547364 0.278955
v 0.173330 0.547364 0.278955
v 0.173330 0.547364 0.278955
v 0.173330 0.547364 0.278955
v 0.152071 0.607883 0.310192
v 0.152071 0.607883 0.310192
v 0.152071 0.607883 0.310192
v 0.152071 0.607883 0.310192
v 0.152071 0.607883 0.310192
v 0.152071 0.607883 0.310192
v 0.115319 0.086270 -0.334778
v 0.203685 0.084209 -0.299745
v 0.155554 0.548864 0.289682
v 0.155554 0.548864 0.289682
v 0.155554 0.548864 0.289682
v 0.158914 0.656694 -0.266094
v 0.169258 0.655224 -0.301065
v 0.169258 0.655224 -0.301065
v 0.136526 0.640579 0.293869
v 0.136526 0.640579 0.293869
v 0.136526 0.640579 0.293869
v 0.136526 0.640579 0.293869
v 0.136526 0.640579 0.293869
v 0.185153 0.585141 0.240364
v 0.206769 0.089611 0.250761
v 0.206769 0.089611 0.250761
v 0.125570 0.096391 0.273000
v 0.140877 0.653618 0.293340
v 0.140877 0.653618 0.293340
v 0.140877 0.653618 0.293340
v 0.129729 0.618804 0.314237
v 0.129729 0.618804 0.314237
v 0.129729 0.618804 0.314237
v 0.135224 0.747146 0.301821
v 0.135224 0.747146 0.301821
v 0.135224 0.747146 0.301821
v 0.135224 0.747146 0.301821
v 0.135224 0.747146 0.301821
v 0.178791 0.496825 0.241193
v 0.178791 0.496825 0.241193
v 0.186417 0.747697 0.299743
v 0.186417 0.747697 0.299743
v 0.135719 0.750540 0.261055
v 0.135719 0.750540 0.261055
v 0.133654 0.778345 -0.299348
v 0.133654 0.778345 -0.299348
v 0.133654 0.778345 -0.299348
v 0.153381 0.497382 -0.313066
v 0.153381 0.497382 -0.313066
v 0.132649 0.535351 -0.251068
v 0.132649 0.535351 -0.251068
v 0.132649 0.535351 -0.251068
v 0.132649 0.535351 -0.251068
v 0.132649 0.535351 -0.251068
v 0.126983 0.608525 0.310792
v 0.126983 0.608525 0.310792
v 0.140631 0.749887 0.324678
v 0.140631 0.749887 0.324678
v 0.140631 0.749887 0.324678
v 0.135616 0.582925 -0.232125
v 0.135616 0.582925 -0.232125
v 0.135616 0.582925 -0.232125
v 0.135616 0.582925 -0.232125
v 0.135616 0.582925 -0.232125
v 0.135616 0.582925 -0.232125
v 0.088003 0.013847 -0.338765
v 0.125783 0.906767 -0.087787
v 0.114892 0.747854 -0.315328
v 0.114892 0.747854 -0.315328
v 0.114892 0.747854 -0.315328
v 0.129881 0.657498 0.273224
v 0.129881 0.657498 0.273224
v 0.129881 0.657498 0.273224
v 0.093653 0.752986 -0.294097
v 0.093653 0.752986 -0.294097
v 0.093653 0.752986 -0.294097
v 0.093653 0.752986 -0.294097
v 0.093653 0.752986 -0.294097
v 0.127507 0.737040 -0.267213
v 0.127507 0.737040 -0.267213
v 0.127507 0.737040 -0.267213
v 0.131694 0.569408 0.284293
v 0.131694 0.569408 0.284293
v 0.131694 0.569408 0.284293
v 0.131694 0.569408 0.284293
v 0.131694 0.569408 0.284293
v 0.131694 0.569408 0.284293
v 0.089853 0.616694 -0.293873
v 0.089853 0.616694 -0.293873
v 0.089853 0.616694 -0.293873
v 0.089853 0.616694 -0.293873
v 0.092694 0.731718 -0.267266
v 0.092740 0.644665 -0.263760
v 0.092740 0.644665 -0.263760
v 0.080107 0.746296 -0.291651
v 0.080107 0.746296 -0.291651
v 0.080107 0.746296 -0.291651
v 0.051840 0.614787 -0.300664
v 0.051840 0.614787 -0.300664
v 0.051840 0.614787 -0.300664
v -0.102057 0.642683 0.228897
v 0.020652 0.750349 0.324760
v 0.020652 0.750349 0.324760
v 0.030957 0.105972 -0.288929
v 0.030957 0.105972 -0.288929
v 0.030957 0.105972 -0.288929
v 0.030957 0.105972 -0.288929
v 0.030957 0.105972 -0.288929
v 0.052252 0.588986 -0.271229
v 0.052252 0.588986 -0.271229
v 0.052252 0.588986 -0.271229
v 0.084473 0.747164 0.290175
v 0.084473 0.747164 0.290175
v 0.084473 0.747164 0.290175
v 0.084473 0.747164 0.290175
v 0.084473 0.747164 0.290175
v -0.039403 0.090155 -0.331666
v 0.033467 0.602619 0.258835
v 0.018958 0.614793 -0.278971
v 0.018958 0.614793 -0.278971
v 0.018958 0.614793 -0.278971
v 0.018958 0.614793 -0.278971
v 0.018958 0.614793 -0.278971
v 0.017696 0.661521 -0.276829
v 0.017696 0.661521 -0.276829
v 0.031818 0.205577 0.259288
v 0.038859 0.097187 0.259127
v 0.038859 0.097187 0.259127
v 0.038859 0.097187 0.259127
v 0.034595 0.539605 -0.236897
v 0.034595 0.539605 -0.236897
v 0.034595 0.539605 -0.236897
v 0.034595 0.539605 -0.236897
v -0.018933 0.536982 -0.249757
v -0.018933 0.536982 -0.249757
v -0.018933 0.536982 -0.249757
v -0.017233 0.138596 0.293427
v -0.017233 0.138596 0.293427
v 0.042281 0.500342 0.293181
v 0.042281 0.500342 0.293181
v -0.039939 0.604366 0.310818
v -0.039939 0.604366 0.310818
v -0.039939 0.604366 0.310818
v -0.039939 0.604366 0.310818
v -0.030955 0.615186 -0.322173
v -0.030955 0.615186 -0.322173
v 0.040336 0.536022 0.281555
v -0.109396 0.537497 0.280350
v -0.006341 0.156289 -0.289004
v -0.029135 0.352602 -0.314624
v -0.029135 0.352602 -0.314624
v -0.029135 0.352602 -0.314624
v -0.013132 0.197960 -0.280062
v -0.013132 0.197960 -0.280062
v -0.013132 0.197960 -0.280062
v -0.014514 0.228911 -0.286246
v -0.014514 0.228911 -0.286246
v -0.014514 0.228911 -0.286246
v -0.014514 0.228911 -0.286246
v -0.014514 0.228911 -0.286246
v -0.010661 0.132155 0.258867
v -0.008030 0.101691 0.268462
v -0.008030 0.101691 0.268462
v -0.008030 0.101691 0.268462
v -0.008030 0.101691 0.268462
v -0.011158 0.655908 0.280409
v -0.011158 0.655908 0.280409
v -0.011158 0.655908 0.280409
v -0.011158 0.655908 0.280409
v -0.011158 0.655908 0.280409
v -0.060863 0.341047 0.310822
v -0.060863 0.341047 0.310822
v -0.060863 0.341047 0.310822
v -0.060863 0.341047 0.310822
v -0.060863 0.341047 0.310822
v -0.025524 0.307148 0.310925
v -0.025524 0.307148 0.310925
v -0.025524 0.307148 0.310925
v -0.034184 0.987772 0.033850
v -0.031397 0.155500 -0.306855
v -0.031397 0.155500 -0.306855
v -0.031397 0.155500 -0.306855
v -0.031397 0.155500 -0.306855
v -0.012764 0.113087 -0.288935
v -0.012764 0.113087 -0.288935
v -0.120374 0.914380 0.116681
v -0.046487 0.745720 -0.300233
v -0.046487 0.745720 -0.300233
v -0.046487 0.745720 -0.300233
v -0.046487 0.745720 -0.300233
v -0.046487 0.745720 -0.300233
v -0.027591 0.649956 -0.295549
v -0.027591 0.649956 -0.295549
v -0.027591 0.649956 -0.295549
v -0.027591 0.649956 -0.295549
v -0.027591 0.649956 -0.295549
v -0.038336 0.589502 -0.263809
v -0.038336 0.589502 -0.263809
v -0.038336 0.589502 -0.263809
v -0.038336 0.589502 -0.263809
v -0.038336 0.589502 -0.263809
v -0.038336 0.589502 -0.263809
v 0.008876 0.750888 0.292575
v 0.008876 0.750888 0.292575
v -0.034143 0.749553 0.294991
v -0.034143 0.749553 0.294991
v -0.034143 0.749553 0.294991
v -0.034143 0.749553 0.294991
v -0.045061 0.746386 -0.268638
v -0.045061 0.746386 -0.268638
v -0.038975 0.693153 -0.264761
v -0.038975 0.693153 -0.264761
v -0.038975 0.693153 -0.264761
v -0.038975 0.693153 -0.264761
v -0.028417 0.737836 -0.270576
v -0.028417 0.737836 -0.270576
v -0.028417 0.737836 -0.270576
v -0.028417 0.737836 -0.270576
v -0.024506 0.015560 -0.337072
v -0.038816 0.288688 -0.261461
v -0.038816 0.288688 -0.261461
v -0.031159 0.656666 -0.323162
v -0.031159 0.656666 -0.323162
v -0.031159 0.656666 -0.323162
v -0.036896 0.645223 0.259443
v -0.029117 0.745057 0.263050
v -0.046069 0.688601 0.300579
v -0.046069 0.688601 0.300579
v -0.046069 0.688601 0.300579
v -0.046069 0.688601 0.300579
v -0.038270 0.643728 -0.236389
v -0.150252 0.644870 -0.235059
v -0.063302 0.654290 0.288042
v -0.063302 0.654290 0.288042
v -0.063302 0.654290 0.288042
v -0.063302 0.654290 0.288042
v -0.063302 0.654290 0.288042
v -0.063302 0.654290 0.288042
v -0.054425 0.650796 0.275652
v -0.054425 0.650796 0.275652
v -0.065417 0.546033 0.253129
v -0.065417 0.546033 0.253129
v -0.065417 0.546033 0.253129
v -0.041065 0.542765 0.242486
v -0.041065 0.542765 0.242486
v -0.052763 0.501740 0.310735
v -0.052763 0.501740 0.310735
v -0.052763 0.501740 0.310735
v -0.052763 0.501740 0.310735
v -0.077865 0.376487 0.283242
v -0.077865 0.376487 0.283242
v -0.081660 0.357298 0.286381
v -0.081660 0.357298 0.286381
v -0.081660 0.357298 0.286381
v -0.081660 0.357298 0.286381
v -0.081660 0.357298 0.286381
v -0.081660 0.357298 0.286381
v -0.081660 0.357298 0.286381
v -0.081660 0.357298 0.286381
v -0.051299 0.367136 0.282488
v -0.051299 0.367136 0.282488
v -0.051299 0.367136 0.282488
v -0.051299 0.367136 0.282488
v -0.051299 0.367136 0.282488
v -0.051299 0.367136 0.282488
v -0.085824 0.376002 -0.290716
v -0.085824 0.376002 -0.290716
v -0.060110 0.662768 -0.286861
v -0.060110 0.662768 -0.286861
v -0.043132 0.310945 0.280232
v -0.043132 0.310945 0.280232
v -0.043132 0.310945 0.280232
v -0.043132 0.310945 0.280232
v -0.043132 0.310945 0.280232
v -0.043132 0.310945 0.280232
v -0.043132 0.310945 0.280232
v -0.162728 0.747613 -0.301927
v -0.162728 0.747613 -0.301927
v -0.137952 0.612564 -0.321298
v -0.137952 0.612564 -0.321298
v -0.137952 0.612564 -0.321298
v -0.022051 0.372898 -0.310305
v -0.075694 0.334094 -0.260672
v -0.114297 0.333932 -0.261021
v -0.114297 0.333932 -0.261021
v -0.141355 0.374591 0.297738
v -0.141355 0.374591 0.297738
v -0.141355 0.374591 0.297738
v -0.141355 0.374591 0.297738
v -0.141355 0.374591 0.297738
v -0.076059 0.378526 0.309100
v -0.076059 0.378526 0.309100
v -0.076059 0.378526 0.309100
v -0.076059 0.378526 0.309100
v -0.076059 0.378526 0.309100
v -0.076059 0.378526 0.309100
v -0.155284 0.367258 0.256647
v -0.155284 0.367258 0.256647
v -0.155284 0.367258 0.256647
v -0.047840 0.768411 0.288758
v -0.047840 0.768411 0.288758
v -0.047840 0.768411 0.288758
v -0.047840 0.768411 0.288758
v -0.047840 0.768411 0.288758
v -0.130478 0.586617 -0.227216
v -0.130478 0.586617 -0.227216
v -0.130478 0.586617 -0.227216
v -0.130478 0.586617 -0.227216
v -0.148763 0.354730 -0.291995
v -0.148763 0.354730 -0.291995
v -0.148763 0.354730 -0.291995
v -0.148763 0.354730 -0.291995
v -0.148763 0.354730 -0.291995
v -0.163498 0.134018 -0.245978
v -0.163498 0.134018 -0.245978
v -0.079439 0.134647 -0.246141
v -0.158333 0.123816 -0.286232
v -0.158333 0.123816 -0.286232
v -0.127931 0.091618 0.306481
v -0.127931 0.091618 0.306481
v -0.133740 0.098418 0.260682
v -0.133740 0.098418 0.260682
v -0.133740 0.098418 0.260682
v -0.133740 0.098418 0.260682
v -0.153676 0.143083 -0.261884
v -0.153676 0.143083 -0.261884
v -0.179929 0.348174 0.259818
v -0.179929 0.348174 0.259818
v -0.179929 0.348174 0.259818
v -0.181014 0.334842 -0.292007
v -0.181014 0.334842 -0.292007
v -0.181014 0.334842 -0.292007
v -0.181014 0.334842 -0.292007
v -0.181014 0.334842 -0.292007
v -0.181014 0.334842 -0.292007
v -0.181014 0.334842 -0.292007
v -0.181014 0.334842 -0.292007
v -0.181014 0.334842 -0.292007
v -0.181014 0.334842 -0.292007
v -0.181014 0.334842 -0.292007
v -0.160522 0.245566 0.260463
v -0.160522 0.245566 0.260463
v -0.160522 0.245566 0.260463
v -0.173083 0.619512 -0.310443
v -0.173083 0.619512 -0.310443
v -0.173083 0.619512 -0.310443
v -0.162550 0.131561 -0.260331
v -0.162550 0.131561 -0.260331
v -0.162550 0.131561 -0.260331
v -0.162150 0.091565 -0.279825
v -0.162150 0.091565 -0.279825
v -0.162150 0.091565 -0.279825
v -0.136527 0.556635 -0.258704
v -0.136527 0.556635 -0.258704
v -0.136527 0.556635 -0.258704
v -0.163281 0.144068 0.266301
v -0.163281 0.144068 0.266301
v -0.163281 0.144068 0.266301
v -0.170644 0.631752 0.280248
v -0.170644 0.631752 0.280248
v -0.170644 0.631752 0.280248
v -0.173645 0.603355 0.282368
v -0.244801 0.539049 0.278877
v -0.134541 0.587862 -0.258322
v -0.134541 0.587862 -0.258322
v -0.134541 0.587862 -0.258322
v -0.134541 0.587862 -0.258322
v -0.134541 0.587862 -0.258322
v -0.134541 0.587862 -0.258322
v -0.182824 0.338789 0.260838
v -0.182824 0.338789 0.260838
v -0.182824 0.338789 0.260838
v -0.182824 0.338789 0.260838
v -0.182824 0.338789 0.260838
v -0.187184 0.323189 0.286619
v -0.187184 0.323189 0.286619
v -0.187184 0.323189 0.286619
v -0.187184 0.323189 0.286619
v -0.187184 0.323189 0.286619
v -0.187184 0.323189 0.286619
v -0.177422 0.342565 -0.279171
v -0.177422 0.342565 -0.279171
v -0.177422 0.342565 -0.279171
v -0.177422 0.342565 -0.279171
v -0.177422 0.342565 -0.279171
v -0.177422 0.342565 -0.279171
v -0.160556 0.180539 0.292219
v -0.160556 0.180539 0.292219
v -0.160556 0.180539 0.292219
v -0.160556 0.180539 0.292219
v -0.194791 0.139351 -0.296292
v -0.194791 0.139351 -0.296292
v -0.194791 0.139351 -0.296292
v -0.167703 0.149439 -0.296164
v -0.167703 0.149439 -0.296164
v -0.196583 0.570379 -0.250264
v -0.196583 0.570379 -0.250264
v -0.196583 0.570379 -0.250264
v -0.196583 0.570379 -0.250264
v -0.229769 0.604048 0.266677
v -0.229769 0.604048 0.266677
v -0.229769 0.604048 0.266677
v -0.189347 0.236426 0.280026
v -0.192002 0.089179 -0.264306
v -0.192002 0.089179 -0.264306
v -0.192002 0.089179 -0.264306
v -0.193212 0.284737 0.261847
v -0.203041 0.255838 0.259030
v -0.182749 0.578116 0.265290
v -0.182749 0.578116 0.265290
v -0.254586 0.747023 0.294877
v -0.254586 0.747023 0.294877
v -0.254586 0.747023 0.294877
v -0.222814 0.609259 -0.315487
v -0.222814 0.609259 -0.315487
v -0.222814 0.609259 -0.315487
v -0.222814 0.609259 -0.315487
v -0.222814 0.609259 -0.315487
v -0.222814 0.609259 -0.315487
v -0.205462 0.147957 -0.306905
v -0.205462 0.147957 -0.306905
v -0.211341 0.556998 0.286202
v -0.211341 0.556998 0.286202
v -0.211341 0.556998 0.286202
v -0.211341 0.556998 0.286202
v -0.211341 0.556998 0.286202
v -0.211341 0.556998 0.286202
v -0.208243 0.652907 -0.320395
v -0.211851 0.743689 0.274002
v -0.175348 0.741284 0.265764
v -0.264595 0.778695 0.258095
v -0.264595 0.778695 0.258095
v -0.223236 0.782607 0.285013
v -0.223236 0.782607 0.285013
v -0.214205 0.748209 0.297432
v -0.214205 0.748209 0.297432
v -0.214205 0.748209 0.297432
v -0.214205 0.748209 0.297432
v -0.214205 0.748209 0.297432
v -0.244421 0.745400 0.272946
v -0.244421 0.745400 0.272946
v -0.227222 0.540442 -0.233070
v -0.227222 0.540442 -0.233070
v -0.227222 0.540442 -0.233070
v -0.239872 0.540551 0.260427
v -0.275539 0.545686 0.279153
v -0.275539 0.545686 0.279153
v -0.275539 0.545686 0.279153
v -0.275539 0.545686 0.279153
v -0.275539 0.545686 0.279153
v -0.275539 0.545686 0.279153
v -0.223563 0.691205 0.296555
v -0.223563 0.691205 0.296555
v -0.223563 0.691205 0.296555
v -0.223563 0.691205 0.296555
v -0.251303 0.610453 -0.276479
v -0.251303 0.610453 -0.276479
v -0.251303 0.610453 -0.276479
v -0.251303 0.610453 -0.276479
v -0.234663 0.641966 -0.311319
v -0.234663 0.641966 -0.311319
v -0.234663 0.641966 -0.311319
v -0.240990 0.543073 -0.261215
v -0.240990 0.543073 -0.261215
v -0.234109 0.606098 0.279967
v -0.234109 0.606098 0.279967
v -0.234109 0.606098 0.279967
v -0.234109 0.606098 0.279967
v -0.234109 0.606098 0.279967
v -0.234109 0.606098 0.279967
v -0.234109 0.606098 0.279967
v -0.262381 0.607135 0.287366
v -0.262381 0.607135 0.287366
v -0.262381 0.607135 0.287366
v -0.262381 0.607135 0.287366
v -0.262381 0.607135 0.287366
v -0.307599 0.487854 -0.291397
v -0.307599 0.487854 -0.291397
v -0.266400 0.619713 0.299678
v -0.266400 0.619713 0.299678
v -0.266400 0.619713 0.299678
v -0.323306 0.147062 0.300064
v -0.323306 0.147062 0.300064
v -0.323306 0.147062 0.300064
v -0.294472 0.775407 0.222173
v -0.294472 0.775407 0.222173
v -0.262274 0.628416 -0.278545
v -0.262274 0.628416 -0.278545
v -0.263141 0.603687 -0.253666
v -0.263141 0.603687 -0.253666
v -0.263141 0.603687 -0.253666
v -0.263141 0.603687 -0.253666
v -0.281357 0.601591 0.255196
v -0.281357 0.601591 0.255196
v -0.281357 0.601591 0.255196
v -0.284111 0.599280 -0.315937
v -0.284111 0.599280 -0.315937
v -0.274338 0.614466 -0.297760
v -0.274338 0.614466 -0.297760
v -0.286274 0.611198 -0.249759
v -0.286274 0.611198 -0.249759
v -0.286274 0.611198 -0.249759
v -0.286274 0.611198 -0.249759
v -0.286274 0.611198 -0.249759
v -0.268331 0.602160 -0.247072
v -0.268331 0.602160 -0.247072
v -0.268331 0.602160 -0.247072
v -0.268331 0.602160 -0.247072
v -0.268331 0.602160 -0.247072
v -0.268331 0.602160 -0.247072
v -0.269212 0.745427 0.241682
v -0.269212 0.745427 0.241682
v -0.269212 0.745427 0.241682
v -0.269212 0.745427 0.241682
v -0.269212 0.745427 0.241682
v -0.262780 0.597817 0.283145
v -0.262780 0.597817 0.283145
v -0.262780 0.597817 0.283145
v -0.262780 0.597817 0.283145
v -0.288228 0.601616 0.260644
v -0.288228 0.601616 0.260644
v -0.288228 0.601616 0.260644
v -0.288228 0.601616 0.260644
v -0.322655 0.747832 -0.301523
v -0.322655 0.747832 -0.301523
v -0.285818 0.615199 0.190153
v -0.285818 0.615199 0.190153
v -0.274368 0.492480 0.256118
v -0.274368 0.492480 0.256118
v -0.274368 0.492480 0.256118
v -0.225213 0.767857 0.313609
v -0.283333 0.555084 0.065995
v -0.283333 0.555084 0.065995
v -0.326391 0.138715 0.301413
v -0.326391 0.138715 0.301413
v -0.319040 0.144783 0.284585
v -0.319040 0.144783 0.284585
v -0.283656 0.623409 0.245394
v -0.283656 0.623409 0.245394
v -0.283656 0.623409 0.245394
v -0.328281 0.665311 0.299068
v -0.328281 0.665311 0.299068
v -0.328281 0.665311 0.299068
v -0.326424 0.574771 0.309587
v -0.308584 0.088313 0.316322
v -0.308584 0.088313 0.316322
v -0.296680 0.651997 -0.108100
v -0.296777 0.664436 0.064779
v -0.296737 0.653860 -0.043987
v -0.290295 0.535276 0.259221
v -0.290295 0.535276 0.259221
v -0.297435 0.530314 0.173374
v -0.297435 0.530314 0.173374
v -0.297435 0.530314 0.173374
v -0.297435 0.530314 0.173374
v -0.304292 0.101005 -0.272714
v -0.304292 0.101005 -0.272714
v -0.304292 0.101005 -0.272714
v -0.320894 0.144602 -0.284397
v -0.320894 0.144602 -0.284397
v -0.320894 0.144602 -0.284397
v -0.320894 0.144602 -0.284397
v -0.300543 0.656749 -0.146430
v -0.300543 0.656749 -0.146430
v -0.300543 0.656749 -0.146430
v -0.300543 0.656749 -0.146430
v -0.300543 0.656749 -0.146430
v -0.300013 0.665026 -0.074488
v -0.300013 0.665026 -0.074488
v -0.300013 0.665026 -0.074488
v -0.300013 0.665026 -0.074488
v -0.263614 0.094643 -0.309357
v -0.263614 0.094643 -0.309357
v -0.263614 0.094643 -0.309357
v -0.328556 0.619413 -0.272021
v -0.328556 0.619413 -0.272021
v -0.331842 0.620374 -0.204383
v -0.331842 0.620374 -0.204383
v -0.331842 0.620374 -0.204383
v -0.327213 0.610050 0.199838
v -0.327213 0.610050 0.199838
v -0.325726 0.094384 -0.276082
v -0.325726 0.094384 -0.276082
v -0.303418 0.619194 -0.269655
v -0.303418 0.619194 -0.269655
v -0.321135 0.686895 -0.192596
v -0.321135 0.686895 -0.192596
v -0.321135 0.686895 -0.192596
v -0.321135 0.686895 -0.192596
v -0.321135 0.686895 -0.192596
v -0.307746 0.102094 -0.052006
v -0.307746 0.102094 -0.052006
v -0.307746 0.102094 -0.052006
v -0.320607 0.690697 -0.061612
v -0.320607 0.690697 -0.061612
v -0.320607 0.690697 -0.061612
v -0.309890 0.667549 -0.047317
v -0.309890 0.667549 -0.047317
v -0.309890 0.667549 -0.047317
v -0.309890 0.667549 -0.047317
v -0.309890 0.667549 -0.047317
v -0.307045 0.765281 0.194443
v -0.307045 0.765281 0.194443
v -0.307045 0.765281 0.194443
v -0.307045 0.765281 0.194443
v -0.307045 0.765281 0.194443
v -0.307045 0.765281 0.194443
v -0.297158 0.658377 0.206755
v -0.297158 0.658377 0.206755
v -0.297158 0.658377 0.206755
v -0.297158 0.658377 0.206755
v -0.327760 0.502940 -0.299692
v -0.327760 0.502940 -0.299692
v -0.305787 0.678227 -0.282460
v -0.305787 0.678227 -0.282460
v -0.305787 0.678227 -0.282460
v -0.312395 0.748943 -0.144852
v -0.312395 0.748943 -0.144852
v -0.312395 0.748943 -0.144852
v -0.316370 0.424751 0.287686
v -0.316370 0.424751 0.287686
v -0.346281 0.001018 -0.283333
v -0.346281 0.001018 -0.283333
v -0.299654 0.772732 -0.129112
v -0.299654 0.772732 -0.129112
v -0.299654 0.772732 -0.129112
v -0.323875 0.648051 0.093246
v -0.323875 0.648051 0.093246
v -0.325254 0.656101 0.042534
v -0.325254 0.656101 0.042534
v -0.325254 0.656101 0.042534
v -0.306675 0.666301 0.099779
v -0.306675 0.666301 0.099779
v -0.319239 0.497227 0.054197
v -0.300305 0.652693 0.316360
v -0.300305 0.652693 0.316360
v -0.300305 0.652693 0.316360
v -0.321976 0.144767 -0.235892
v -0.321976 0.144767 -0.235892
v -0.323155 0.609627 -0.282259
v -0.323155 0.609627 -0.282259
v -0.327791 0.605238 -0.286644
v -0.327791 0.605238 -0.286644
v -0.327791 0.605238 -0.286644
v -0.325625 0.140424 -0.139459
v -0.325625 0.140424 -0.139459
v -0.325625 0.140424 -0.139459
v -0.322331 0.306921 -0.048507
v -0.332364 0.615009 0.160380
v -0.332364 0.615009 0.160380
v -0.334716 0.086440 0.312184
v -0.334716 0.086440 0.312184
v -0.334716 0.086440 0.312184
v -0.321987 0.611221 -0.165426
v -0.321987 0.611221 -0.165426
v -0.321987 0.611221 -0.165426
v -0.321987 0.611221 -0.165426
v -0.327295 0.670863 -0.155420
v -0.327295 0.670863 -0.155420
v -0.327295 0.670863 -0.155420
v -0.327295 0.670863 -0.155420
v -0.327863 0.661014 -0.064730
v -0.327863 0.661014 -0.064730
v -0.327863 0.661014 -0.064730
v -0.327863 0.661014 -0.064730
v -0.327863 0.661014 -0.064730
v -0.325152 0.229199 -0.304373
v -0.320188 0.304905 -0.303030
v -0.338907 0.651436 -0.165605
v -0.335784 0.613289 -0.178780
v -0.335784 0.613289 -0.178780
v -0.335784 0.613289 -0.178780
v -0.335935 0.611379 -0.277555
v -0.337043 0.655716 -0.183547
v -0.337043 0.655716 -0.183547
v -0.339450 0.653664 -0.079541
v -0.336827 0.100784 0.133522
v -0.331976 0.661316 0.159780
v -0.331976 0.661316 0.159780
v -0.319044 0.689729 0.184252
v -0.319044 0.689729 0.184252
v -0.319044 0.689729 0.184252
v -0.319044 0.689729 0.184252
v -0.347554 0.114347 0.321776
v -0.347554 0.114347 0.321776
v 0.321322 0.548525 -0.263464
v 0.327561 0.555507 0.103887
v 0.327561 0.555507 0.103887
v 0.327561 0.555507 0.103887
v 0.324775 0.212665 0.243513
v 0.331012 0.757334 -0.222538
v 0.331012 0.757334 -0.222538
v 0.328318 0.763942 0.050853
v 0.326084 0.610932 0.102447
v 0.326084 0.610932 0.102447
v 0.326408 0.748726 0.179806
v 0.326408 0.748726 0.179806
v 0.322807 0.003808 0.010501
v 0.322807 0.003808 0.010501
v 0.334351 0.754328 -0.238880
v 0.334351 0.754328 -0.238880
v 0.290632 0.000773 -0.192352
v 0.290632 0.000773 -0.192352
v 0.283759 0.612505 0.104727
v 0.283759 0.612505 0.104727
v 0.314917 0.606633 0.104958
v 0.314917 0.606633 0.104958
v 0.242069 0.000911 0.219726
v 0.296821 0.532457 0.232909
v 0.296821 0.532457 0.232909
v 0.296821 0.532457 0.232909
v 0.296821 0.532457 0.232909
v 0.296821 0.532457 0.232909
v 0.307867 0.551209 0.250156
v 0.275977 0.613894 -0.251216
v 0.275977 0.613894 -0.251216
v 0.275977 0.613894 -0.251216
v 0.275977 0.613894 -0.251216
v 0.275977 0.613894 -0.251216
v 0.275977 0.613894 -0.251216
v 0.299189 0.671867 -0.235739
v 0.299189 0.671867 -0.235739
v 0.299189 0.671867 -0.235739
v 0.299189 0.671867 -0.235739
v 0.290652 0.768182 0.062046
v 0.290652 0.768182 0.062046
v 0.290652 0.768182 0.062046
v 0.287302 0.747596 0.098744
v 0.287302 0.747596 0.098744
v 0.287302 0.747596 0.098744
v 0.287302 0.747596 0.098744
v 0.287302 0.747596 0.098744
v 0.304786 0.520494 -0.142494
v 0.304786 0.520494 -0.142494
v 0.304786 0.520494 -0.142494
v 0.304786 0.520494 -0.142494
v 0.304786 0.520494 -0.142494
v 0.292947 0.776022 0.003481
v 0.292947 0.776022 0.003481
v 0.290587 0.513486 -0.204275
v 0.273896 0.609159 -0.084595
v 0.273896 0.609159 -0.084595
v 0.273896 0.609159 -0.084595
v 0.273896 0.609159 -0.084595
v 0.284995 0.748850 0.146201
v 0.295395 0.645955 -0.023523
v 0.295395 0.645955 -0.023523
v 0.295395 0.645955 -0.023523
v 0.283994 0.495741 0.136648
v 0.283994 0.495741 0.136648
v 0.277017 0.495889 -0.078900
v 0.277017 0.495889 -0.078900
v 0.329775 0.306380 -0.241400
v 0.270530 0.602260 -0.145332
v 0.270530 0.602260 -0.145332
v 0.270530 0.602260 -0.145332
v 0.270530 0.602260 -0.145332
v 0.270530 0.602260 -0.145332
v 0.270530 0.602260 -0.145332
v 0.270530 0.602260 -0.145332
v 0.270530 0.602260 -0.145332
v 0.258040 0.623445 -0.254116
v 0.258040 0.623445 -0.254116
v 0.258040 0.623445 -0.254116
v 0.258040 0.623445 -0.254116
v 0.258040 0.623445 -0.254116
v 0.248547 0.557020 0.277544
v 0.248547 0.557020 0.277544
v 0.269297 0.515361 0.274999
v 0.269297 0.515361 0.274999
v 0.269297 0.515361 0.274999
v 0.248707 0.554909 0.255428
v 0.248707 0.554909 0.255428
v 0.248707 0.554909 0.255428
v 0.256720 0.723284 -0.237552
v 0.256720 0.723284 -0.237552
v 0.256720 0.723284 -0.237552
v 0.256720 0.723284 -0.237552
v 0.274701 0.647158 -0.049872
v 0.272354 0.584570 0.189061
v 0.272354 0.584570 0.189061
v 0.248792 0.754614 0.241210
v 0.248792 0.754614 0.241210
v 0.248792 0.754614 0.241210
v 0.248792 0.754614 0.241210
v 0.248792 0.754614 0.241210
v 0.245959 0.607892 0.278536
v 0.266109 0.595942 -0.165185
v 0.266109 0.595942 -0.165185
v 0.266109 0.595942 -0.165185
v 0.266109 0.595942 -0.165185
v 0.226044 0.507348 0.278555
v 0.226044 0.507348 0.278555
v 0.226044 0.507348 0.278555
v 0.226044 0.507348 0.278555
v 0.226044 0.507348 0.278555
v 0.226044 0.507348 0.278555
v 0.204564 0.583826 0.264552
v 0.204564 0.583826 0.264552
v 0.204564 0.583826 0.264552
v 0.243036 0.586891 0.226496
v 0.243036 0.586891 0.226496
v 0.243036 0.586891 0.226496
v 0.243036 0.586891 0.226496
v 0.188890 0.631568 -0.235295
v 0.188890 0.631568 -0.235295
v 0.188890 0.631568 -0.235295
v 0.188890 0.631568 -0.235295
v 0.228970 0.490504 0.273216
v 0.228970 0.490504 0.273216
v 0.228970 0.490504 0.273216
v 0.252146 0.746812 0.237575
v 0.252146 0.746812 0.237575
v 0.200972 0.746681 0.259097
v 0.239914 0.089403 0.276242
v 0.188135 0.614072 -0.305055
v 0.188135 0.614072 -0.305055
v 0.188135 0.614072 -0.305055
v 0.141996 0.743360 -0.274871
v 0.141996 0.743360 -0.274871
v 0.141996 0.743360 -0.274871
v 0.221815 0.744114 -0.245018
v 0.221815 0.744114 -0.245018
v 0.221815 0.744114 -0.245018
v 0.125143 0.537727 -0.287688
v 0.125143 0.537727 -0.287688
v 0.125143 0.537727 -0.287688
v 0.125143 0.537727 -0.287688
v 0.181139 0.534603 -0.279994
v 0.181139 0.534603 -0.279994
v 0.181139 0.534603 -0.279994
v 0.124310 0.586046 0.251671
v 0.124310 0.586046 0.251671
v 0.124310 0.586046 0.251671
v 0.124310 0.586046 0.251671
v 0.147691 0.746829 0.275682
v 0.147691 0.746829 0.275682
v 0.147691 0.746829 0.275682
v 0.237298 0.099220 -0.287606
v 0.130506 0.096948 -0.327211
v 0.130301 0.614570 -0.321478
v 0.130301 0.614570 -0.321478
v 0.136799 0.582330 -0.272173
v 0.136799 0.582330 -0.272173
v 0.136799 0.582330 -0.272173
v 0.136799 0.582330 -0.272173
v 0.143902 0.760551 -0.282089
v 0.143902 0.760551 -0.282089
v 0.143902 0.760551 -0.282089
v 0.143902 0.760551 -0.282089
v 0.143902 0.760551 -0.282089
v 0.252240 0.087804 -0.253089
v 0.252240 0.087804 -0.253089
v 0.127920 0.651024 0.297043
v 0.127920 0.651024 0.297043
v 0.127920 0.651024 0.297043
v 0.127920 0.651024 0.297043
v 0.128252 0.746719 0.315714
v 0.128252 0.746719 0.315714
v 0.127741 0.610449 -0.312155
v 0.127741 0.610449 -0.312155
v 0.089435 0.603423 0.287612
v 0.089435 0.603423 0.287612
v 0.089435 0.603423 0.287612
v 0.089435 0.603423 0.287612
v 0.089435 0.603423 0.287612
v 0.126393 0.563431 0.310602
v 0.126393 0.563431 0.310602
v 0.126393 0.563431 0.310602
v 0.081854 0.576907 0.294902
v 0.081854 0.576907 0.294902
v 0.081854 0.576907 0.294902
v 0.081854 0.576907 0.294902
v 0.081854 0.576907 0.294902
v 0.081854 0.576907 0.294902
v 0.045941 0.092196 0.281256
v 0.045941 0.092196 0.281256
v 0.089363 0.747988 -0.323131
v 0.089363 0.747988 -0.323131
v 0.081242 0.777754 -0.301473
v 0.036565 0.215051 -0.310811
v 0.046215 0.538114 -0.275015
v 0.046215 0.538114 -0.275015
v 0.046215 0.538114 -0.275015
v 0.051432 0.613395 0.282399
v 0.051432 0.613395 0.282399
v 0.051432 0.613395 0.282399
v 0.030374 0.235074 -0.308720
v 0.053429 0.502805 0.309213
v 0.053429 0.502805 0.309213
v 0.053429 0.502805 0.309213
v 0.053429 0.502805 0.309213
v 0.025065 0.130303 0.311636
v 0.025065 0.130303 0.311636
v 0.054419 0.472528 0.299002
v -0.004980 0.487957 0.298054
v -0.004980 0.487957 0.298054
v -0.004980 0.487957 0.298054
v 0.004806 0.764445 0.317555
v 0.004806 0.764445 0.317555
v 0.004806 0.764445 0.317555
v -0.026973 0.617037 0.320561
v -0.026973 0.617037 0.320561
v -0.074787 0.747141 0.321408
v -0.008467 0.141287 0.286007
v -0.008467 0.141287 0.286007
v 0.016854 0.750626 0.309871
v 0.016854 0.750626 0.309871
v 0.016854 0.750626 0.309871
v 0.016854 0.750626 0.309871
v 0.016854 0.750626 0.309871
v -0.012392 0.205768 -0.285793
v -0.012392 0.205768 -0.285793
v -0.012392 0.205768 -0.285793
v 0.013353 0.141072 -0.298093
v 0.013353 0.141072 -0.298093
v 0.128299 0.614532 0.322961
v -0.025055 0.780175 -0.301685
v -0.025055 0.780175 -0.301685
v -0.026450 0.186733 0.284340
v -0.022892 0.745974 -0.301159
v -0.022892 0.745974 -0.301159
v -0.022892 0.745974 -0.301159
v -0.025279 0.202644 0.289910
v -0.028410 0.754201 0.290941
v -0.028410 0.754201 0.290941
v -0.033699 0.782029 0.281277
v -0.033699 0.782029 0.281277
v -0.033699 0.782029 0.281277
v -0.033699 0.782029 0.281277
v -0.033699 0.782029 0.281277
v -0.027566 0.609677 0.306238
v -0.027566 0.609677 0.306238
v -0.027566 0.609677 0.306238
v -0.030576 0.694331 -0.297418
v -0.030576 0.694331 -0.297418
v -0.030576 0.694331 -0.297418
v -0.030576 0.694331 -0.297418
v -0.090088 0.342361 -0.309696
v -0.090088 0.342361 -0.309696
v -0.065548 0.326964 0.257458
v -0.065548 0.326964 0.257458
v -0.065548 0.326964 0.257458
v -0.033321 0.282228 0.259406
v -0.033321 0.282228 0.259406
v -0.075557 0.627299 -0.270188
v 0.050435 0.493488 -0.259332
v 0.050435 0.493488 -0.259332
v -0.086843 0.764055 -0.299128
v -0.227932 0.746365 -0.311235
v -0.227932 0.746365 -0.311235
v -0.055084 0.373038 0.288729
v -0.055084 0.373038 0.288729
v -0.055084 0.373038 0.288729
v -0.055084 0.373038 0.288729
v -0.055084 0.373038 0.288729
v -0.066076 0.662255 0.280081
v -0.066076 0.662255 0.280081
v -0.209034 0.494550 0.256530
v -0.209034 0.494550 0.256530
v -0.064928 0.745728 0.280862
v -0.064928 0.745728 0.280862
v -0.137876 0.663751 0.280395
v -0.137876 0.663751 0.280395
v -0.137876 0.663751 0.280395
v -0.137876 0.663751 0.280395
v -0.167259 0.648220 -0.287586
v -0.147036 0.671429 -0.283351
v -0.147036 0.671429 -0.283351
v -0.137997 0.656589 -0.312326
v -0.137997 0.656589 -0.312326
v -0.135818 0.593644 0.225656
v -0.197475 0.779613 -0.275162
v -0.161932 0.122649 -0.296490
v -0.161932 0.122649 -0.296490
v -0.168869 0.252879 -0.299624
v -0.168869 0.252879 -0.299624
v -0.168869 0.252879 -0.299624
v -0.174149 0.285740 -0.316198
v -0.174149 0.285740 -0.316198
v -0.171701 0.094108 0.310576
v -0.198262 0.286177 -0.297282
v -0.198899 0.654365 -0.306254
v -0.194404 0.619095 -0.290668
v -0.194404 0.619095 -0.290668
v -0.199629 0.144134 0.285379
v -0.199629 0.144134 0.285379
v -0.309804 0.752368 -0.300752
v -0.309804 0.752368 -0.300752
v -0.309804 0.752368 -0.300752
v -0.309804 0.752368 -0.300752
v -0.220467 0.681777 0.280276
v -0.220467 0.681777 0.280276
v -0.200640 0.146188 0.291258
v -0.200640 0.146188 0.291258
v -0.200640 0.146188 0.291258
v -0.200640 0.146188 0.291258
v -0.191840 0.116392 0.322234
v -0.262663 0.113555 0.321293
v -0.262663 0.113555 0.321293
v -0.262663 0.113555 0.321293
v -0.262663 0.113555 0.321293
v -0.260104 0.630165 0.242465
v -0.260104 0.630165 0.242465
v -0.242629 0.604608 -0.268881
v -0.242629 0.604608 -0.268881
v -0.242629 0.604608 -0.268881
v -0.242629 0.604608 -0.268881
v -0.242629 0.604608 -0.268881
v -0.242629 0.604608 -0.268881
v -0.245228 0.087137 0.324051
v -0.245228 0.087137 0.324051
v -0.234084 0.666808 0.274119
v -0.234084 0.666808 0.274119
v -0.281922 0.138182 0.290804
v -0.281922 0.138182 0.290804
v -0.245450 0.619518 -0.287120
v -0.245450 0.619518 -0.287120
v -0.251302 0.650895 -0.237394
v -0.251302 0.650895 -0.237394
v -0.251302 0.650895 -0.237394
v -0.262446 0.650440 0.262061
v -0.262446 0.650440 0.262061
v -0.262671 0.648149 -0.245326
v -0.262671 0.648149 -0.245326
v -0.208730 0.002076 -0.280963
v -0.289851 0.610508 -0.221936
v -0.289851 0.610508 -0.221936
v -0.289851 0.610508 -0.221936
v -0.289851 0.610508 -0.221936
v -0.279655 0.494257 0.029651
v -0.261647 0.101100 0.286677
v -0.261647 0.101100 0.286677
v -0.261647 0.101100 0.286677
v -0.261647 0.101100 0.286677
v -0.291316 0.657129 -0.301259
v -0.291316 0.657129 -0.301259
v -0.294561 0.747158 0.288589
v -0.294561 0.747158 0.288589
v -0.294561 0.747158 0.288589
v -0.294561 0.747158 0.288589
v -0.276659 0.494364 -0.093578
v -0.276659 0.494364 -0.093578
v -0.277199 0.494119 -0.190096
v -0.296631 0.745277 0.105564
v -0.296675 0.744252 -0.061697
v -0.314282 0.489169 -0.256810
v -0.299444 0.665707 -0.186247
v -0.299444 0.665707 -0.186247
v -0.299444 0.665707 -0.186247
v -0.299444 0.665707 -0.186247
v -0.299444 0.665707 -0.186247
v -0.299850 0.527749 0.085494
v -0.299850 0.527749 0.085494
v -0.299755 0.532261 0.237768
v -0.299755 0.532261 0.237768
v -0.322557 0.518509 -0.316066
v -0.322557 0.518509 -0.316066
v -0.297135 0.653340 0.146226
v -0.297135 0.653340 0.146226
v -0.297135 0.653340 0.146226
v -0.297135 0.653340 0.146226
v -0.297135 0.653340 0.146226
v -0.296711 0.713877 0.218480
v -0.301722 0.619852 -0.204124
v -0.301722 0.619852 -0.204124
v -0.323130 0.635419 -0.315899
v -0.323130 0.635419 -0.315899
v -0.309433 0.751108 -0.108833
v -0.308836 0.760007 -0.083596
v -0.308836 0.760007 -0.083596
v -0.309026 0.147188 -0.046314
v -0.309026 0.147188 -0.046314
v -0.309026 0.147188 -0.046314
v -0.309026 0.147188 -0.046314
v -0.307798 0.670830 0.073227
v -0.307798 0.670830 0.073227
v -0.317162 0.655142 -0.167655
v -0.317162 0.655142 -0.167655
v -0.317162 0.655142 -0.167655
v -0.317162 0.655142 -0.167655
v -0.317162 0.655142 -0.167655
v -0.317162 0.655142 -0.167655
v -0.307854 0.000609 -0.058379
v -0.327011 0.610235 0.041722
v -0.327011 0.610235 0.041722
v -0.327099 0.645608 -0.297852
v -0.327099 0.645608 -0.297852
v -0.327099 0.645608 -0.297852
v -0.326529 0.501716 -0.245273
v -0.333894 0.093324 -0.046522
v -0.333894 0.093324 -0.046522
v -0.327727 0.248692 0.044383
v -0.302240 0.654432 0.075234
v -0.302240 0.654432 0.075234
v -0.302240 0.654432 0.075234
v -0.346089 0.000561 -0.050748
v -0.338524 0.063155 -0.325993
v -0.338524 0.063155 -0.325993
v 0.329773 0.746710 -0.044565
v 0.329876 0.746744 -0.232119
v 0.329207 0.746660 0.083131
v 0.324225 0.748013 -0.215517
v 0.324225 0.748013 -0.215517
v 0.324534 0.748460 -0.044143
v 0.325257 0.513100 0.248614
v 0.325257 0.513100 0.248614
v 0.325257 0.513100 0.248614
v 0.322764 0.089506 -0.177356
v 0.322764 0.089506 -0.177356
v 0.296073 0.505665 0.263158
v 0.296073 0.505665 0.263158
v 0.273535 0.098122 -0.249170
v 0.273535 0.098122 -0.249170
v 0.291668 0.614125 -0.113794
v 0.291668 0.614125 -0.113794
v 0.291668 0.614125 -0.113794
v 0.270493 0.490005 -0.201481
v 0.286155 0.746391 -0.114084
v 0.285766 0.649249 0.092507
v 0.285766 0.649249 0.092507
v 0.285766 0.649249 0.092507
v 0.276258 0.745224 0.059981
v 0.255057 0.619895 0.269208
v 0.255057 0.619895 0.269208
v 0.308739 0.491099 -0.234698
v 0.308739 0.491099 -0.234698
v 0.308739 0.491099 -0.234698
v 0.240420 0.605957 0.244802
v 0.240420 0.605957 0.244802
v 0.240420 0.605957 0.244802
v 0.240420 0.605957 0.244802
v 0.199214 0.486138 0.284958
v 0.199214 0.486138 0.284958
v 0.199214 0.486138 0.284958
v 0.166801 0.743900 -0.246409
v 0.192111 0.618525 -0.274846
v 0.192111 0.618525 -0.274846
v 0.229280 0.498549 -0.253033
v 0.158770 0.608806 -0.304878
v 0.158770 0.608806 -0.304878
v 0.041808 0.549284 0.258795
v 0.103003 0.745570 -0.320220
v 0.103003 0.745570 -0.320220
v -0.008443 0.765700 0.287922
v -0.008443 0.765700 0.287922
v -0.008443 0.765700 0.287922
v -0.008443 0.765700 0.287922
v -0.008443 0.765700 0.287922
v -0.008443 0.765700 0.287922
v 0.041709 0.662570 0.278123
v 0.041709 0.662570 0.278123
v 0.041709 0.662570 0.278123
v -0.072719 0.766338 -0.329051
v 0.019384 0.160167 -0.299577
v 0.019384 0.160167 -0.299577
v -0.062483 0.383246 -0.304999
v -0.062483 0.383246 -0.304999
v -0.035038 0.195062 -0.246994
v -0.035873 0.291591 -0.247597
v -0.035299 0.134239 0.259758
v -0.035299 0.134239 0.259758
v -0.035299 0.134239 0.259758
v -0.069263 0.330696 -0.247238
v -0.069263 0.330696 -0.247238
v -0.018223 0.367780 0.304283
v -0.018223 0.367780 0.304283
v -0.038135 0.147954 0.282534
v -0.038135 0.147954 0.282534
v -0.082720 0.489659 -0.262338
v -0.060006 0.616072 0.317542
v -0.060006 0.616072 0.317542
v -0.069993 0.578760 0.275656
v -0.069993 0.578760 0.275656
v -0.069993 0.578760 0.275656
v -0.069993 0.578760 0.275656
v -0.069993 0.578760 0.275656
v -0.063633 0.605859 -0.316138
v -0.063633 0.605859 -0.316138
v -0.063633 0.605859 -0.316138
v -0.063633 0.605859 -0.316138
v -0.193382 0.088352 0.275048
v -0.193382 0.088352 0.275048
v -0.193382 0.088352 0.275048
v -0.193382 0.088352 0.275048
v -0.170607 0.145378 -0.315563
v -0.170607 0.145378 -0.315563
v -0.170607 0.145378 -0.315563
v -0.162163 0.286658 -0.288871
v -0.162163 0.286658 -0.288871
v -0.201092 0.287413 -0.264620
v -0.201092 0.287413 -0.264620
v -0.201092 0.287413 -0.264620
v -0.201092 0.287413 -0.264620
v -0.201092 0.287413 -0.264620
v -0.269393 0.089758 -0.322051
v -0.133801 0.089300 -0.329766
v -0.225378 0.488907 -0.260577
v -0.198285 0.107044 0.260409
v -0.200778 0.656194 -0.294278
v -0.200778 0.656194 -0.294278
v -0.230430 0.673723 -0.285423
v -0.230430 0.673723 -0.285423
v -0.267990 0.087795 0.286095
v -0.267990 0.087795 0.286095
v -0.267990 0.087795 0.286095
v -0.231265 0.148891 0.304089
v -0.231265 0.148891 0.304089
v -0.277089 0.744858 -0.301056
v -0.277089 0.744858 -0.301056
v -0.241898 0.560883 0.293683
v -0.241898 0.560883 0.293683
v -0.241898 0.560883 0.293683
v -0.294941 0.777191 0.084064
v -0.293837 0.656007 -0.074419
v -0.293837 0.656007 -0.074419
v -0.293837 0.656007 -0.074419
v -0.296439 0.744654 -0.236648
v -0.296439 0.744654 -0.236648
v -0.296439 0.744654 -0.236648
v -0.296439 0.744654 -0.236648
v -0.296439 0.744654 -0.236648
v -0.307684 0.648963 0.156393
v -0.307684 0.648963 0.156393
v -0.307684 0.648963 0.156393
v -0.307684 0.648963 0.156393
v -0.307684 0.648963 0.156393
v -0.317704 0.670868 -0.063839
v -0.317704 0.670868 -0.063839
v -0.317704 0.670868 -0.063839
v -0.317704 0.670868 -0.063839
v -0.321953 0.144540 0.154842
v -0.321953 0.144540 0.154842
v -0.314582 0.003056 0.109904
v -0.314582 0.003056 0.109904
v -0.330929 0.219160 -0.061501
v -0.332961 0.146783 -0.057106
v -0.332961 0.146783 -0.057106
v -0.334147 0.090679 0.082830
v -0.340068 0.655919 -0.044740
v -0.345400 0.120379 -0.062884
v 0.340297 0.006362 -0.108432
v 0.326505 0.615513 0.224884
v 0.319079 0.656565 -0.265443
v 0.319079 0.656565 -0.265443
v 0.296641 0.498771 -0.082382
v 0.296641 0.498771 -0.082382
v 0.313331 0.667223 -0.230050
v 0.313331 0.667223 -0.230050
v 0.297931 0.620481 -0.051277
v 0.297931 0.620481 -0.051277
v 0.297931 0.620481 -0.051277
v 0.267770 0.747108 -0.205437
v 0.267770 0.747108 -0.205437
v 0.270634 0.603747 -0.212162
v 0.270634 0.603747 -0.212162
v 0.213622 0.487380 0.268225
v 0.254125 0.729888 -0.234468
v 0.254125 0.729888 -0.234468
v 0.254125 0.729888 -0.234468
v 0.254125 0.729888 -0.234468
v 0.221599 0.615017 0.290125
v 0.221599 0.615017 0.290125
v 0.221599 0.615017 0.290125
v 0.221599 0.615017 0.290125
v 0.264105 0.627762 -0.229554
v 0.264105 0.627762 -0.229554
v 0.179352 0.753942 -0.300733
v 0.179352 0.753942 -0.300733
v 0.124762 0.488322 0.303913
v 0.124762 0.488322 0.303913
v 0.127006 0.745826 -0.313078
v 0.127006 0.745826 -0.313078
v 0.120606 0.603541 -0.316207
v 0.120606 0.603541 -0.316207
v 0.002976 0.658403 0.292079
v 0.002976 0.658403 0.292079
v 0.002976 0.658403 0.292079
v -0.035870 0.593807 0.249296
v -0.035870 0.593807 0.249296
v -0.125640 0.603212 0.264741
v -0.034913 0.275906 -0.323384
v -0.039409 0.101391 0.258914
v -0.039409 0.101391 0.258914
v -0.039409 0.101391 0.258914
v -0.046676 0.743998 0.270229
v -0.083615 0.609631 0.280964
v -0.083615 0.609631 0.280964
v -0.158022 0.628051 -0.269880
v -0.158022 0.628051 -0.269880
v -0.158022 0.628051 -0.269880
v -0.141742 0.607390 0.310442
v -0.141742 0.607390 0.310442
v -0.168820 0.547486 0.310420
v -0.168820 0.547486 0.310420
v -0.168820 0.547486 0.310420
v -0.169352 0.652935 0.310504
v -0.169352 0.652935 0.310504
v -0.080176 0.602426 0.226913
v -0.203025 0.618821 -0.317262
v -0.203025 0.618821 -0.317262
v -0.186466 0.235136 -0.285966
v -0.187503 0.170675 -0.284744
v -0.200335 0.287902 0.294043
v -0.200335 0.287902 0.294043
v -0.200335 0.287902 0.294043
v -0.199199 0.100391 0.275699
v -0.199199 0.100391 0.275699
v -0.246746 0.108943 -0.327529
v -0.246746 0.108943 -0.327529
v -0.150080 0.503878 0.320199
v -0.294627 0.610457 0.155130
v -0.294627 0.610457 0.155130
v -0.294697 0.748482 -0.118312
v -0.294697 0.748482 -0.118312
v -0.308561 0.250633 -0.046349
v -0.321848 0.766194 -0.230541
v -0.335915 0.007185 0.153519
v -0.330491 0.620093 0.037113
v -0.330491 0.620093 0.037113
v -0.330491 0.620093 0.037113
v 0.328353 0.763932 -0.126137
v 0.294658 0.613258 -0.019902
v 0.294658 0.613258 -0.019902
v 0.294658 0.613258 -0.019902
v 0.296234 0.618435 0.174328
v 0.296234 0.618435 0.174328
v 0.296234 0.618435 0.174328
v 0.285594 0.746386 0.042617
v 0.292644 0.779195 0.037371
v 0.292644 0.779195 0.037371
v 0.233972 0.536076 -0.249810
v 0.233972 0.536076 -0.249810
v 0.272998 0.629194 -0.121157
v 0.195913 0.552326 -0.264347
v 0.176433 0.502844 0.277258
v 0.176433 0.502844 0.277258
v 0.176433 0.502844 0.277258
v 0.176433 0.502844 0.277258
v 0.226477 0.150026 0.272339
v 0.094142 0.699127 -0.267220
v 0.094142 0.699127 -0.267220
v 0.094142 0.699127 -0.267220
v 0.055132 0.488839 0.286752
v 0.081928 0.761082 -0.291883
v 0.081928 0.761082 -0.291883
v 0.035342 0.101244 -0.281544
v 0.035342 0.101244 -0.281544
v 0.022222 0.643948 -0.256160
v 0.022222 0.643948 -0.256160
v 0.007082 0.090651 0.321796
v 0.007082 0.090651 0.321796
v -0.091732 0.596628 0.226942
v 0.018508 0.606571 -0.316311
v 0.018508 0.606571 -0.316311
v 0.018508 0.606571 -0.316311
v 0.018508 0.606571 -0.316311
v 0.018508 0.606571 -0.316311
v -0.028126 0.611634 -0.310326
v -0.028126 0.611634 -0.310326
v -0.028126 0.611634 -0.310326
v -0.028126 0.611634 -0.310326
v -0.013052 0.690538 -0.281820
v -0.013052 0.690538 -0.281820
v -0.013052 0.690538 -0.281820
v -0.013052 0.690538 -0.281820
v -0.013052 0.690538 -0.281820
v -0.023870 0.198576 0.259369
v -0.127843 0.380589 -0.303716
v -0.127843 0.380589 -0.303716
v -0.114193 0.647557 -0.276449
v -0.152947 0.299673 -0.315806
v -0.152947 0.299673 -0.315806
v -0.212713 0.748246 -0.268267
v -0.239630 0.652875 0.315512
v -0.262705 0.636611 0.275940
v -0.296177 0.647594 -0.252764
v -0.299940 0.746303 -0.188407
v -0.319702 0.388376 0.038940
v -0.319702 0.388376 0.038940
v -0.319702 0.388376 0.038940
v -0.334281 0.090339 0.042774
v -0.334281 0.090339 0.042774
v -0.311230 0.767016 0.098870
v -0.330185 0.307250 -0.059046
v -0.346772 0.063230 0.309794
v 0.293279 0.777426 0.016300
v 0.283408 0.651480 -0.087093
v 0.283408 0.651480 -0.087093
v 0.254532 0.706168 -0.235414
v 0.254532 0.706168 -0.235414
v 0.254532 0.706168 -0.235414
v 0.200627 0.506024 0.276751
v -0.014024 0.120052 0.315489
v -0.066471 0.612481 -0.292368
v -0.066471 0.612481 -0.292368
v -0.066471 0.612481 -0.292368
v -0.066471 0.612481 -0.292368
v -0.125611 0.585879 -0.242882
v -0.125611 0.585879 -0.242882
v -0.166218 0.358331 -0.291511
v -0.166218 0.358331 -0.291511
v -0.166218 0.358331 -0.291511
v -0.166218 0.358331 -0.291511
v -0.166218 0.358331 -0.291511
v -0.249218 0.750048 0.258021
v -0.249218 0.750048 0.258021
v -0.249218 0.750048 0.258021
v -0.210737 0.653021 0.317224
v -0.210737 0.653021 0.317224
v -0.245517 0.626374 0.022703
v -0.210634 0.767341 -0.317461
v -0.304519 0.766363 -0.182633
v -0.323790 0.305978 0.042021
v 0.262130 0.645213 0.196233
v -0.270838 0.613040 -0.250251
v -0.325105 0.764724 -0.151422
v -0.322077 0.498226 -0.115689
v -0.328265 0.149367 -0.209917
v -0.204136 0.194762 -0.274497
vn 0.0685 0.7392 0.6700
vn 0.0140 -0.2473 -0.9688
vn -0.4629 0.3085 0.8310
vn 0.9987 -0.0237 0.0458
vn 0.7930 0.0053 -0.6092
vn -0.9991 0.0380 -0.0193
vn 0.3518 -0.2449 0.9035
vn -0.3312 -0.9430 -0.0328
vn -0.6895 0.1753 0.7028
vn 0.3288 0.6391 0.6953
vn 0.7133 -0.1310 0.6885
vn -0.2179 0.8445 -0.4892
vn 0.6155 -0.3829 0.6888
vn -0.6810 -0.0689 -0.7290
vn 0.0451 -0.9331 -0.3567
vn -0.9978 0.0050 -0.0661
vn -0.0170 -0.8938 -0.4481
vn 0.9986 -0.0413 0.0334
vn -0.0119 0.8515 -0.5243
vn 0.5410 0.4862 -0.6862
vn 0.9999 -0.0086 -0.0109
vn -0.0120 0.9895 -0.1437
vn -0.8132 0.5357 0.2275
vn 0.1967 0.9468 0.2547
vn 0.0377 -0.4144 -0.9093
vn -0.9999 -0.0041 -0.0107
vn 0.7908 -0.6026 -0.1078
vn -0.1091 -0.1748 -0.9785
vn 0.9998 0.0192 -0.0109
vn 0.3399 0.7301 -0.5928
vn -0.1292 0.9777 0.1655
vn -0.8409 -0.0244 -0.5407
vn 0.7409 0.3869 -0.5489
vn 0.5364 0.6169 -0.5760
vn -0.1232 -0.0628 -0.9904
vn 0.0014 -1.0000 0.0006
vn -0.9978 0.0632 -0.0209
vn -0.9989 0.0375 0.0268
vn -0.9961 0.0414 0.0774
vn -0.7006 -0.3423 -0.6260
vn -0.0370 0.9627 0.2679
vn -0.9949 0.0246 0.0982
vn -0.9983 0.0543 -0.0198
vn 0.1514 0.9884 0.0128
vn -0.9996 0.0288 0.0020
vn 0.2216 0.9738 0.0509
vn 0.0066 -0.9999 -0.0106
vn 0.0039 -0.9999 -0.0148
vn -0.0039 -0.9972 -0.0744
vn -0.0020 -0.9953 -0.0971
vn 0.2808 0.0061 0.9597
vn -0.0024 -1.0000 0.0013
vn -0.2341 0.8079 -0.5409
vn -0.0104 -0.9989 0.0465
vn 0.9988 0.0275 -0.0401
vn -0.0378 -0.0052 -0.9993
vn 0.0863 0.9670 0.2397
vn 0.9831 -0.0587 0.1732
vn -0.9995 -0.0319 -0.0090
vn 0.0052 -0.9930 -0.1180
vn -0.7754 -0.6304 0.0370
vn 0.9990 0.0449 -0.0058
vn 0.2084 0.0100 -0.9780
vn -0.6859 0.7143 0.1390
vn 0.0809 0.0292 0.9963
vn -0.0504 -0.1761 -0.9831
vn -0.9871 -0.0352 -0.1565
vn -0.8676 0.1915 -0.4590
vn 0.0722 0.0086 -0.9974
vn -0.7182 -0.6957 -0.0107
vn 0.2071 0.0515 -0.9770
vn 0.6041 -0.7938 0.0708
vn 0.0602 0.0888 -0.9942
vn -0.6339 0.4400 -0.6361
vn 0.8229 -0.5663 0.0462
vn -0.0118 0.0096 -0.9999
vn -0.7359 0.2169 -0.6414
vn -0.0014 0.3058 -0.9521
vn -0.8134 -0.0144 -0.5816
vn -0.0701 0.0344 -0.9969
vn -0.7528 0.6380 -0.1617
vn -0.0404 0.9902 -0.1338
vn -0.9578 -0.0410 0.2844
vn 0.0983 0.3497 -0.9317
vn -0.0032 0.2591 -0.9659
vn 0.0688 0.2165 -0.9739
vn -0.0491 -0.0240 -0.9985
vn -0.9177 0.3410 -0.2037
vn 0.0438 0.6256 -0.7789
vn 0.0205 0.0370 -0.9991
vn -0.1686 0.0882 -0.9817
vn -0.0073 0.1533 -0.9881
vn 0.0016 0.7371 -0.6757
vn -0.7550 -0.0204 -0.6554
vn -0.0121 0.1270 -0.9918
vn -0.6924 -0.0871 -0.7162
vn -0.0071 -0.0438 -0.9990
vn -0.0084 -0.6085 -0.7935
vn -0.0107 -0.0667 -0.9977
vn -0.0031 0.2399 -0.9708
vn 0.1489 0.7086 -0.6897
vn 0.1361 -0.6611 -0.7378
vn 0.9252 0.0101 -0.3792
vn -0.8992 0.2133 -0.3819
vn 0.3098 0.2726 -0.9109
vn -0.2981 0.9545 0.0091
vn -0.0135 0.9895 -0.1441
vn 0.2484 0.5866 -0.7709
vn 0.2951 0.2328 -0.9267
vn 0.2932 0.5681 -0.7690
vn 0.5521 0.5843 -0.5948
vn 0.2496 0.6358 -0.7304
vn 0.5784 -0.0252 -0.8154
vn 0.0219 0.9470 -0.3204
vn -0.0172 -0.7339 -0.6791
vn 0.0950 -0.6761 -0.7307
vn -0.0679 0.0471 -0.9966
vn 0.2342 -0.7823 -0.5772
vn -0.0289 0.1191 -0.9925
vn -0.0488 -0.8890 -0.4553
vn -0.0629 0.0215 -0.9978
vn -0.0452 0.0782 -0.9959
vn -0.0253 0.0973 -0.9949
vn -0.0604 0.0439 -0.9972
vn -0.0958 0.0677 -0.9931
vn -0.0749 0.0338 -0.9966
vn -0.0341 0.0395 -0.9986
vn 0.1633 0.0260 -0.9862
vn 0.1496 0.0238 -0.9885
vn -0.0411 0.0448 -0.9982
vn 0.1642 0.2879 -0.9435
vn 0.1442 0.0584 -0.9878
vn -0.9728 0.0389 -0.2285
vn -0.0690 0.0223 -0.9974
vn 0.3695 0.0163 -0.9291
vn 0.3909 0.0324 -0.9199
vn 0.3575 0.2118 -0.9096
vn 0.3702 0.0202 -0.9287
vn 0.3800 0.0249 -0.9247
vn 0.9991 0.0368 -0.0222
vn 0.3864 0.0122 -0.9223
vn 0.3696 0.0385 -0.9284
vn 0.3459 0.2663 -0.8997
vn 0.1614 0.3048 -0.9387
vn 0.3593 0.0381 -0.9324
vn 0.3844 0.0518 -0.9217
vn 0.1565 0.0016 -0.9877
vn -0.0626 0.0168 -0.9979
vn -0.0105 0.6647 -0.7471
vn -0.0504 0.0256 -0.9984
vn -0.0091 0.6502 -0.7597
vn -0.0247 -0.0038 -0.9997
vn 0.0032 0.0182 -0.9998
vn -0.0603 0.6330 -0.7718
vn -0.0939 0.0245 -0.9953
vn 0.3500 -0.0605 -0.9348
vn 0.0314 -0.9994 0.0139
vn 0.3427 0.0439 -0.9384
vn -0.8282 0.5284 0.1870
vn -0.9995 0.0322 -0.0033
vn -0.5887 -0.0127 0.8083
vn -0.9994 0.0340 0.0063
vn -0.7289 -0.0607 0.6819
vn 0.0043 -1.0000 0.0003
vn -0.9999 0.0095 0.0117
vn -0.9997 0.0212 -0.0122
vn -0.9828 0.1845 0.0065
vn -0.9776 0.2098 -0.0153
vn -0.9997 0.0094 -0.0234
vn -0.9999 0.0072 -0.0117
vn -0.7703 -0.0131 0.6375
vn -0.9770 0.2105 -0.0340
vn -0.9765 0.2157 0.0045
vn 0.7032 0.6179 -0.3518
vn -0.8032 0.0691 -0.5917
vn -0.9998 0.0191 0.0053
vn -0.9762 -0.0039 -0.2169
vn -0.0151 0.9341 -0.3567
vn 0.0002 0.9457 -0.3250
vn 0.9729 -0.2253 -0.0513
vn 0.6536 -0.7562 0.0304
vn 0.9794 -0.2017 0.0113
vn -0.0604 0.9982 -0.0009
vn 0.9999 -0.0092 0.0055
vn 0.9999 -0.0139 -0.0032
vn 0.8555 -0.5157 0.0473
vn 0.1130 -0.4239 -0.8986
vn 0.6196 0.7848 0.0098
vn -0.6219 -0.0617 -0.7807
vn -0.9421 -0.2512 0.2221
vn -0.9897 0.1315 0.0559
vn -0.7284 -0.6852 0.0033
vn -0.9583 -0.2858 0.0009
vn -0.0099 -0.9931 0.1171
vn -0.9964 -0.0736 -0.0432
vn -0.2045 0.0109 0.9788
vn -0.9804 -0.0498 0.1907
vn -0.8349 0.0106 -0.5503
vn -0.8634 0.0294 -0.5037
vn 0.3061 -0.8508 -0.4272
vn -0.9371 -0.2674 0.2243
vn -0.7805 0.0296 0.6244
vn 0.2213 0.1549 -0.9628
vn 0.8749 -0.3096 0.3723
vn -0.9957 -0.0900 -0.0199
vn -0.2833 -0.9101 0.3025
vn -0.8307 0.0080 -0.5567
vn -0.9990 -0.0314 0.0328
vn -0.8373 0.5350 0.1128
vn 0.2423 -0.1391 -0.9602
vn 0.1289 -0.0175 -0.9915
vn 0.0539 0.8355 -0.5469
vn 0.8794 -0.4670 0.0921
vn 0.0414 0.9987 0.0283
vn -0.5605 0.8282 -0.0006
vn -0.7779 0.6284 0.0025
vn -0.4452 0.7225 0.5289
vn 0.0326 0.6708 -0.7409
vn 0.0240 -0.9968 -0.0768
vn -0.0604 -0.9980 0.0189
vn -0.0179 -0.9901 -0.1395
vn -0.6363 0.6687 -0.3847
vn -0.0644 -0.9975 -0.0278
vn -0.2537 0.0189 -0.9671
vn 0.1228 0.6998 -0.7037
vn -0.0000 0.1320 -0.9913
vn 0.1881 -0.5951 -0.7814
vn 0.0052 0.1378 -0.9904
vn -0.3690 0.2349 -0.8993
vn -0.3939 -0.0189 -0.9190
vn 0.3247 -0.5890 -0.7401
vn -0.9355 0.3520 0.0305
vn -0.0147 -0.9980 -0.0611
vn -0.0416 -0.9989 -0.0221
vn -0.1684 -0.7117 0.6820
vn -0.0013 -0.1851 0.9827
vn -0.3839 -0.6956 0.6072
vn -0.0017 -0.1894 0.9819
vn -0.0055 -1.0000 -0.0060
vn 0.0494 -0.1629 0.9854
vn 0.0202 -0.9974 0.0695
vn -0.0062 -0.0425 0.9991
vn 0.0345 -0.0845 0.9958
vn 0.9982 -0.0601 -0.0022
vn 0.9971 -0.0757 -0.0006
vn 0.8618 -0.5063 -0.0319
vn 0.9967 -0.0805 0.0050
vn 0.0070 -0.9995 -0.0301
vn 0.9970 -0.0772 0.0056
vn 0.9982 -0.0596 -0.0108
vn -0.0267 -0.9994 -0.0216
vn -0.0059 0.9990 -0.0454
vn -0.0183 0.9995 -0.0255
vn 0.0370 -0.9928 -0.1141
vn -0.0354 -0.9992 -0.0181
vn -0.0085 0.9989 -0.0451
vn -0.0460 0.9912 -0.1242
vn 0.8771 -0.0616 -0.4763
vn 0.7023 0.1081 0.7036
vn 0.3807 -0.2151 0.8993
vn 0.8815 -0.4722 -0.0042
vn -0.7802 -0.5799 0.2344
vn 0.8044 0.0164 0.5939
vn 1.0000 -0.0078 -0.0009
vn 0.9505 0.0074 0.3107
vn 0.9985 -0.0054 0.0545
vn 0.2233 -0.7826 0.5811
vn 0.6865 0.0227 0.7268
vn 0.9992 0.0132 -0.0369
vn 0.0061 -0.9935 -0.1133
vn 0.3580 0.0119 0.9337
vn 0.8385 -0.0380 0.5435
vn 0.0055 -0.0020 1.0000
vn -0.0442 -0.1584 0.9864
vn -0.0006 -0.9999 -0.0170
vn 0.0020 0.0020 1.0000
vn -0.0011 -0.5574 0.8302
vn -0.0145 0.0013 0.9999
vn 0.6046 -0.7957 -0.0375
vn -0.9914 -0.1307 -0.0023
vn -0.9614 0.2622 -0.0835
vn -0.9992 0.0109 -0.0393
vn -0.2871 -0.1409 -0.9475
vn -0.1946 -0.0232 -0.9806
vn -0.0872 0.9395 -0.3313
vn 0.0075 -0.0540 -0.9985
vn -0.1574 0.0919 -0.9832
vn 0.6029 0.0011 -0.7978
vn -0.9771 -0.0233 0.2114
vn -0.1692 -0.9818 -0.0857
vn -0.4424 -0.0557 -0.8951
vn 0.0019 -0.0482 -0.9988
vn 0.0059 1.0000 -0.0017
vn 0.8914 0.0356 0.4518
vn 0.1464 -0.3604 -0.9212
vn 0.0811 0.2219 0.9717
vn -0.7169 0.4363 0.5438
vn 0.9995 -0.0313 0.0012
vn 0.9984 -0.0527 0.0179
vn 0.1183 -0.0020 -0.9930
vn 0.9987 0.0453 0.0216
vn 0.0211 -0.0421 -0.9989
vn 0.1713 0.1986 -0.9650
vn 0.4709 -0.8357 0.2826
vn -0.0898 0.9955 0.0287
vn -0.0953 0.9750 -0.2006
vn -0.1415 0.9631 -0.2289
vn -0.3607 0.0402 0.9318
vn -0.0371 -0.9992 0.0138
vn -0.0040 -0.9990 -0.0456
vn -0.1465 0.9791 0.1412
vn -0.6328 0.7263 0.2683
vn -0.9999 -0.0159 0.0036
vn -0.2682 0.0805 -0.9600
vn -0.4671 0.1017 -0.8784
vn 0.0123 0.9524 0.3045
vn -0.1210 0.0239 0.9924
vn 0.0073 0.9380 0.3466
vn 0.2697 0.4799 0.8349
vn 0.0236 0.0547 0.9982
vn 0.2508 -0.0308 0.9675
vn 0.0004 -1.0000 -0.0003
vn 0.9983 0.0375 0.0436
vn 0.0132 -0.9999 -0.0030
vn 0.1232 0.0858 0.9887
vn 0.0671 0.9976 -0.0184
vn -0.0037 0.9995 -0.0310
vn -0.2148 0.8302 0.5145
vn 0.0453 -0.9990 -0.0022
vn 0.3779 0.4116 -0.8294
vn 0.6430 0.7652 0.0317
vn 0.2508 0.1184 -0.9608
vn 0.1080 0.9928 -0.0525
vn 0.1049 -0.4818 0.8700
vn -0.8946 -0.4469 -0.0005
vn -0.5734 0.8192 -0.0020
vn -0.9870 -0.1606 -0.0017
vn -0.9871 -0.1601 -0.0030
vn -0.9930 -0.0582 -0.1024
vn -0.7122 -0.3411 0.6135
vn -0.9962 -0.0716 -0.0501
vn -0.7913 -0.6114 0.0066
vn -0.4100 -0.9121 -0.0044
vn -0.0167 -0.9999 0.0026
vn -0.1288 -0.9903 0.0516
vn 0.7496 0.5935 0.2931
vn 0.9434 0.0991 0.3166
vn -0.9996 0.0156 -0.0223
vn 0.0170 0.9949 -0.0994
vn -0.0210 0.9725 -0.2320
vn 0.0115 0.0023 -0.9999
vn 0.1006 0.0082 -0.9949
vn 0.2006 0.9788 0.0423
vn 0.9987 0.0150 -0.0486
vn -0.0051 0.0211 -0.9998
vn 0.1593 0.7650 -0.6240
vn 0.8979 0.4345 0.0709
vn 0.8795 0.4582 -0.1284
vn 0.8500 0.5127 -0.1209
vn 0.9378 0.3179 -0.1395
vn -0.8437 -0.0529 -0.5342
vn 0.0377 0.9456 -0.3231
vn -0.9239 0.3790 0.0532
vn 0.3174 -0.2435 0.9165
vn 0.0158 -0.0111 0.9998
vn -0.6681 0.7394 0.0833
vn 0.3373 0.9373 0.0875
vn 0.0170 -0.1544 -0.9879
vn -0.0138 0.2303 -0.9730
vn -0.0924 -0.9804 -0.1740
vn 0.0509 -0.1236 -0.9910
vn -0.0352 0.4160 -0.9087
vn 0.6804 0.2311 -0.6955
vn 0.1198 -0.8078 -0.5771
vn -0.0175 0.9589 -0.2833
vn -0.7732 -0.0201 -0.6338
vn 0.5620 0.6742 -0.4792
vn -0.4107 0.3752 -0.8310
vn 0.5139 0.5698 -0.6413
vn 0.2492 0.0254 0.9681
vn 0.0010 -0.0327 -0.9995
vn 0.9773 0.0295 -0.2098
vn -0.0557 0.4754 -0.8780
vn -0.0401 0.0671 -0.9969
vn 0.6335 0.5774 0.5150
vn 0.0059 1.0000 0.0038
vn 0.0013 0.9999 -0.0111
vn -0.0143 -0.2344 0.9720
vn -0.9507 -0.2573 0.1729
vn 0.0029 -0.2799 -0.9600
vn -0.9755 -0.2190 0.0208
vn -0.9660 -0.2563 -0.0330
vn 0.0931 0.7042 0.7039
vn 0.0204 -0.2005 0.9795
vn -0.0083 -0.2633 0.9647
vn -0.0212 0.0004 0.9998
vn 0.0446 -0.0160 0.9989
vn 0.1049 -0.8336 0.5424
vn -0.0679 -0.9194 0.3875
vn -0.0190 -0.4557 0.8899
vn -0.2855 -0.1093 0.9521
vn -0.8452 0.0435 -0.5327
vn -0.0584 0.1579 0.9857
vn 0.3865 0.1363 0.9122
vn 0.3260 0.0109 0.9453
vn -0.0279 0.9996 -0.0010
vn -0.6120 -0.7210 -0.3249
vn 0.9731 0.1906 0.1297
vn 0.0199 -0.0134 -0.9997
vn -0.0985 -0.1526 -0.9834
vn 0.7860 0.2577 -0.5619
vn -0.0255 0.3143 0.9490
vn -0.0076 -0.1268 0.9919
vn -0.3976 0.5017 0.7682
vn -0.0298 0.9976 0.0618
vn 0.0154 -0.0001 0.9999
vn 0.0267 -0.0056 0.9996
vn -0.9963 0.0843 -0.0157
vn -0.9997 -0.0151 0.0209
vn -0.9784 -0.0081 0.2067
vn -0.9734 -0.2290 -0.0011
vn -0.9993 0.0073 0.0378
vn -0.9895 0.1446 0.0091
vn -0.3498 -0.1657 0.9220
vn 0.2712 0.0065 0.9625
vn 0.0178 -0.9440 0.3294
vn 0.9999 0.0001 -0.0101
vn 0.6372 -0.6139 -0.4660
vn -0.4713 0.8816 0.0260
vn -0.6406 0.7636 0.0809
vn 0.8897 0.4563 -0.0153
vn 0.6029 0.7899 0.1122
vn 0.1416 -0.0334 0.9894
vn -0.1556 0.1373 -0.9782
vn 0.9079 0.3852 -0.1656
vn 0.4496 -0.3956 -0.8008
vn -0.3698 -0.1553 0.9160
vn -0.5099 0.4382 0.7402
vn -0.9899 -0.1416 -0.0064
vn -0.3000 -0.1333 0.9446
vn 0.3436 -0.0351 -0.9385
vn -0.5772 -0.2151 0.7878
vn 0.5881 0.1582 0.7932
vn -0.3234 0.1281 0.9376
vn 0.9964 0.0830 -0.0191
vn 0.0141 0.9996 0.0228
vn 0.8806 -0.4660 0.0861
vn -0.0001 -0.8784 -0.4779
vn 0.0555 0.2393 -0.9694
vn 0.1750 0.0209 0.9843
vn 0.5637 -0.3382 -0.7536
vn 0.8366 0.4459 -0.3182
vn -0.9048 0.0365 0.4242
vn 0.3157 -0.9487 -0.0159
vn -0.0029 0.0006 1.0000
vn -0.0068 0.0033 1.0000
vn -0.9948 -0.0282 -0.0979
vn 0.0183 0.9735 0.2279
vn -0.0026 -0.0066 1.0000
vn 0.6158 0.0595 0.7857
vn -0.8803 0.0318 0.4734
vn 0.7278 -0.2131 -0.6518
vn -0.0576 0.5816 -0.8115
vn 0.1326 -0.0008 0.9912
vn 0.0034 -0.9998 0.0206
vn -0.3807 0.7216 0.5782
vn -0.6959 -0.0614 0.7155
vn 0.0636 0.8799 0.4710
vn 0.0696 -0.0284 0.9972
vn 0.0946 -0.5025 0.8594
vn -0.5502 0.6934 -0.4653
vn 0.7260 0.0866 0.6823
vn -0.4067 0.0358 0.9129
vn 0.0021 -1.0000 -0.0060
vn 0.1219 0.0053 0.9925
vn 0.2200 0.4273 -0.8769
vn -0.7724 0.6350 -0.0135
vn -0.7900 -0.0199 -0.6127
vn -0.9841 0.1770 -0.0117
vn -0.5549 0.3887 0.7355
vn -0.7995 0.0225 0.6002
vn -0.0779 -0.9969 -0.0138
vn -0.4376 0.5696 0.6958
vn 0.9980 -0.0434 -0.0456
vn -0.3714 0.3963 -0.8396
vn 0.9663 -0.2574 -0.0015
vn 0.9322 -0.3615 0.0194
vn 0.1721 -0.9317 -0.3198
vn -0.0027 -1.0000 0.0001
vn 0.8679 0.0069 0.4967
vn 0.8143 0.2698 0.5139
vn 0.0244 0.0386 0.9990
vn 0.0243 0.9995 -0.0179
vn -0.8630 -0.5052 -0.0030
vn -0.2013 0.1968 0.9596
vn 0.0031 0.0645 -0.9979
vn -0.0165 0.0139 -0.9998
vn -0.9405 -0.3390 -0.0248
vn 0.0010 1.0000 0.0018
vn 0.0007 0.0033 -1.0000
vn 0.0356 -0.9992 -0.0179
vn 0.0772 -0.9969 0.0129
vn 0.8549 -0.1631 0.4926
vn 0.0385 0.9991 -0.0163
vn -0.0291 0.9996 0.0004
vn -0.9992 -0.0194 -0.0351
vn -0.3667 -0.0347 -0.9297
vn -0.3575 -0.0133 -0.9338
vn -0.3703 -0.0157 -0.9288
vn -0.3560 -0.0109 -0.9344
vn -0.1228 0.9161 -0.3817
vn -0.1509 -0.0130 -0.9885
vn -0.1663 -0.0409 -0.9852
vn -0.0006 -0.9990 -0.0449
vn 0.1970 0.0881 -0.9764
vn 0.0481 0.0075 -0.9988
vn 0.0443 0.0259 -0.9987
vn 0.2126 -0.1333 -0.9680
vn -0.1074 -0.0718 -0.9916
vn -0.1425 -0.0546 -0.9883
vn 0.0263 -0.0339 -0.9991
vn -0.1077 -0.0731 -0.9915
vn -0.0186 -0.0676 -0.9975
vn 0.0246 -0.6010 -0.7988
vn 0.2235 0.9523 -0.2077
vn 0.1128 -0.6601 -0.7426
vn -0.2698 -0.8418 -0.4676
vn 0.0682 -0.0519 -0.9963
vn -0.0566 -0.9932 -0.1015
vn 0.6977 -0.2407 -0.6748
vn 0.5080 -0.0475 -0.8601
vn 0.9943 -0.0321 -0.1017
vn 0.9946 -0.0389 -0.0967
vn 0.2572 0.8646 0.4317
vn -0.0673 -0.5370 -0.8409
vn 0.3395 -0.0266 0.9402
vn -0.0058 -1.0000 -0.0015
vn 0.0021 -0.9999 -0.0107
vn 0.0068 0.9999 -0.0126
vn -0.0009 -1.0000 -0.0078
vn 0.0039 -1.0000 -0.0002
vn 0.0182 -0.9985 -0.0516
vn 0.4581 0.0446 -0.8878
vn -0.0314 0.9869 -0.1582
vn -0.4476 0.6286 -0.6360
vn 0.6635 0.6728 -0.3273
vn 0.0351 -0.9989 0.0309
vn -0.4414 -0.7054 0.5546
vn -0.1474 0.8222 -0.5498
vn -0.9203 -0.1295 0.3691
vn -0.9431 0.1399 -0.3018
vn 0.5683 0.5885 -0.5751
vn 0.2827 0.0178 -0.9590
vn 0.2822 0.0174 -0.9592
vn -0.8033 -0.3365 -0.4914
vn -0.0510 -0.9969 0.0607
vn 0.9969 -0.0279 -0.0741
vn 0.2042 -0.0465 0.9778
vn -0.0187 -0.1075 0.9940
vn -0.1543 -0.0066 -0.9880
vn -0.9978 0.0007 -0.0657
vn 0.8724 0.0173 -0.4886
vn 0.0126 0.0504 0.9987
vn 0.9999 -0.0140 0.0043
vn 0.9880 0.1539 0.0120
vn -0.3311 -0.4194 0.8453
vn -0.9586 0.0063 0.2846
vn -0.0091 0.8326 0.5538
vn -0.9404 0.0152 -0.3397
vn -0.9489 -0.0400 -0.3129
vn -0.4027 0.0204 0.9151
vn -0.1902 0.0888 0.9777
vn 0.6298 -0.0287 -0.7762
vn 0.0048 0.0224 0.9997
vn 0.9930 -0.0686 0.0960
vn -0.0432 -0.9986 -0.0294
vn 0.9934 -0.1139 0.0092
vn -0.0960 -0.9951 0.0215
vn 0.2086 -0.9780 -0.0037
vn 0.6473 -0.7621 0.0125
vn 0.0070 -0.9999 -0.0122
vn -0.8780 -0.4316 0.2069
vn 0.7168 0.4173 -0.5586
vn -0.1195 -0.8072 0.5780
vn -0.0063 -0.9242 0.3820
vn -0.1898 -0.1128 -0.9753
vn -0.6420 -0.1054 -0.7594
vn 0.0023 -0.0067 1.0000
vn 0.9813 0.1703 -0.0898
vn 0.1102 -0.0199 0.9937
vn -0.8614 -0.0340 -0.5067
vn 0.9929 -0.0126 0.1186
vn 0.2269 0.8758 0.4260
vn -0.1905 -0.8466 0.4970
vn -0.0841 -0.5415 -0.8365
vn -0.6974 -0.3443 -0.6285
vn 0.6428 -0.2712 -0.7164
vn -0.6150 -0.6752 -0.4072
vn 0.8563 -0.5160 -0.0214
vn -0.8030 -0.5859 -0.1092
vn 0.1269 0.0118 -0.9918
vn -0.0097 -0.9991 0.0415
vn -0.2701 -0.0567 0.9612
vn 0.9924 0.0348 -0.1181
vn -0.9497 -0.0325 0.3116
vn 0.4659 0.0664 -0.8824
vn 0.0224 0.5635 -0.8258
vn -0.7472 0.0108 -0.6645
vn -0.6806 0.2197 -0.6990
vn -0.8074 -0.0287 -0.5893
vn 0.3434 0.3502 0.8715
vn -0.2975 0.8292 0.4732
vn -0.9779 0.1567 0.1383
vn -0.0173 -0.9983 -0.0558
vn -0.0706 0.0070 0.9975
vn 0.6415 -0.7669 0.0204
vn -0.0535 0.7858 0.6162
vn -0.0038 -1.0000 0.0084
vn -0.0709 -0.1329 0.9886
vn -0.0641 0.7889 0.6111
vn 0.6038 0.0988 0.7910
vn 0.1343 0.8190 0.5578
vn -0.0030 -0.9996 0.0264
vn -0.9991 0.0242 0.0350
vn 0.2316 0.0114 -0.9728
vn 0.0407 -0.9990 -0.0191
vn 0.0863 -0.0498 -0.9950
vn 0.2304 0.0165 -0.9730
vn -0.9963 -0.0076 -0.0857
vn -0.1734 -0.0305 -0.9844
vn 0.8410 -0.1177 -0.5280
vn -0.9685 0.2419 -0.0595
vn 0.8431 -0.0873 -0.5307
vn -0.7798 0.2288 -0.5827
vn -0.0899 0.2077 0.9741
vn -0.9993 0.0367 -0.0018
vn -0.1136 0.9922 0.0509
vn -0.5243 -0.8255 -0.2088
vn 0.3169 0.7417 -0.5911
vn -0.5582 0.6858 -0.4670
vn 0.2263 0.0002 0.9741
vn -0.7792 -0.5973 0.1899
vn -0.8575 -0.3357 -0.3898
vn 0.4025 0.0848 0.9115
vn 0.2216 -0.8027 0.5537
vn 0.3798 0.0357 0.9244
vn 0.3108 0.8199 0.4808
vn 0.3458 0.8005 0.4895
vn 0.1507 0.7925 0.5910
vn 0.2573 0.8199 0.5113
vn 0.6179 0.7861 0.0133
vn 0.3788 0.7587 0.5300
vn 0.5207 0.8034 0.2886
vn 0.5765 0.8168 0.0224
vn 0.2186 0.7604 0.6115
vn 0.1537 0.7307 0.6651
vn 0.4775 0.8376 0.2655
vn 0.1236 0.8442 0.5215
vn 0.2899 0.9447 0.1533
vn -0.0394 0.6901 0.7226
vn -0.1330 0.7412 0.6580
vn -0.0515 0.7570 0.6514
vn -0.0881 0.7175 0.6910
vn -0.0951 0.7911 0.6043
vn -0.0538 0.7691 0.6368
vn -0.0496 0.7848 0.6178
vn -0.1246 -0.2139 0.9689
vn 0.5583 0.8288 0.0364
vn 0.6135 0.7896 0.0086
vn 0.5795 0.8149 0.0075
vn 0.5796 0.8149 0.0033
vn 0.5918 0.8061 -0.0000
vn 0.9998 -0.0207 0.0001
vn 0.9995 -0.0311 -0.0007
vn 0.5923 0.8057 0.0015
vn 0.2759 0.8400 -0.4672
vn 0.6133 0.7899 0.0037
vn 0.6226 0.7824 -0.0099
vn 0.5379 0.7990 -0.2689
vn 0.4710 0.8461 -0.2495
vn 0.2990 0.8175 -0.4923
vn 0.3560 0.7851 -0.5068
vn 0.1032 0.8497 -0.5170
vn 0.3581 0.7834 -0.5080
vn 0.1734 0.7965 -0.5793
vn 0.1713 0.7801 -0.6017
vn 0.3674 -0.9185 -0.1462
vn 0.3992 -0.3255 -0.8572
vn -0.1585 0.9516 0.2634
vn -0.3334 0.9426 -0.0200
vn -0.5224 0.8370 0.1628
vn -0.4004 0.8185 0.4121
vn -0.6855 0.6945 0.2186
vn -0.1851 0.8377 0.5138
vn -0.5137 0.8488 -0.1251
vn -0.7397 0.6728 -0.0091
vn -0.4819 0.8140 -0.3243
vn -0.6718 0.7407 -0.0033
vn -0.6401 0.7675 -0.0353
vn -0.6064 0.7951 -0.0041
vn -0.5864 0.8093 -0.0331
vn -0.7283 0.6853 0.0039
vn -0.6342 0.7534 0.1735
vn -0.6029 0.7978 0.0080
vn -0.5477 0.8353 0.0476
vn -0.5765 0.8171 -0.0012
vn -0.9908 -0.1356 0.0023
vn -0.0683 0.8315 -0.5513
vn -0.9908 -0.1354 0.0088
vn -0.1252 0.8146 0.5663
vn -0.9736 -0.1537 -0.1688
vn -0.1043 0.8169 -0.5673
vn -0.4646 0.8540 0.2340
vn -0.3243 0.8077 0.4924
vn 0.0258 0.9977 0.0628
vn -0.2201 0.7750 -0.5924
vn 0.0110 0.9997 0.0203
vn -0.1887 0.7480 -0.6363
vn -0.0970 0.7984 -0.5942
vn -0.1117 0.7233 -0.6815
vn -0.0378 0.7611 -0.6475
vn -0.0659 -0.1551 -0.9857
vn -0.0539 0.7525 -0.6564
vn 0.9215 0.2989 0.2478
vn -0.1607 -0.0899 -0.9829
vn 0.7237 -0.0340 -0.6892
vn 0.9363 -0.3173 0.1504
vn -0.8656 -0.0037 -0.5008
vn 0.2675 0.0111 -0.9635
vn 0.2479 0.0039 -0.9688
vn 0.9975 -0.0705 -0.0000
vn 0.6547 0.0995 -0.7493
vn 0.5278 0.7286 -0.4365
vn -0.1759 -0.9648 0.1953
vn -0.2757 -0.9524 0.1297
vn -0.2191 -0.4068 -0.8868
vn -0.8145 0.4185 0.4018
vn 0.9983 0.0030 0.0589
vn 0.1248 0.9645 0.2325
vn 0.3748 0.9033 -0.2089
vn -0.4306 0.4288 0.7941
vn 0.7770 -0.2086 0.5939
vn -0.2476 0.8850 0.3944
vn -0.2640 0.8097 0.5240
vn 0.9674 -0.1085 0.2288
vn -0.9999 0.0083 -0.0138
vn -0.4861 -0.1291 0.8643
vn 0.1513 0.9883 -0.0173
vn 0.3666 0.9304 -0.0016
vn -0.9951 0.0982 -0.0111
vn 0.2049 0.9788 0.0012
vn -0.9127 -0.3068 -0.2699
vn 0.9897 0.1432 0.0076
vn 0.5983 0.7174 0.3571
vn -0.9999 0.0033 -0.0158
vn 0.4722 -0.8803 0.0462
vn 0.0418 0.7983 -0.6008
vn 0.0144 -0.9977 -0.0658
vn 0.2904 -0.8610 -0.4175
vn 0.5224 -0.0117 -0.8526
vn -0.8970 -0.2769 -0.3445
vn 0.3200 0.9379 -0.1337
vn -0.3004 0.6848 0.6639
vn -0.0055 -0.9539 -0.3002
vn 0.0271 -0.9818 -0.1881
vn -0.9215 -0.3324 -0.2006
vn 0.0415 -0.9717 -0.2324
vn -0.8296 -0.5407 0.1392
vn -0.0017 -0.9995 -0.0307
vn 0.0036 -0.9996 -0.0282
vn -0.1593 -0.2598 -0.9524
vn -0.0250 0.7750 -0.6314
vn 0.5561 -0.0562 -0.8292
vn -0.0649 0.8238 -0.5632
vn 0.1778 0.8012 -0.5713
vn -0.9686 -0.1775 -0.1739
vn 0.4880 0.0043 -0.8729
vn -0.2192 -0.4891 0.8442
vn 0.0578 -0.2347 -0.9704
vn 0.3394 -0.8421 -0.4191
vn 0.9998 0.0189 0.0001
vn 0.8992 0.4375 0.0036
vn 0.7144 -0.2943 -0.6348
vn 0.2109 -0.9775 0.0046
vn 0.6641 -0.4331 -0.6094
vn 0.2143 -0.9758 0.0444
vn 0.5948 -0.5690 -0.5678
vn -0.0405 0.5299 -0.8471
vn -0.0573 -0.7661 0.6402
vn 0.0136 -0.9997 -0.0191
vn -0.0095 0.9967 0.0808
vn -0.5743 -0.0049 -0.8186
vn 0.0001 -0.3155 -0.9489
vn 0.9824 0.1700 -0.0775
vn 0.4491 0.4331 -0.7815
vn 0.9704 -0.0331 0.2394
vn -0.3740 0.0464 0.9263
vn -0.7185 -0.0503 0.6937
vn -0.0670 0.0003 0.9978
vn -0.9229 0.3407 0.1793
vn -0.3675 -0.6182 0.6948
vn 0.2801 -0.2463 -0.9278
vn 0.4684 -0.8833 0.0196
vn -0.6291 -0.2462 -0.7373
vn 0.3333 0.3892 -0.8587
vn 0.8891 0.0729 -0.4518
vn -0.8384 0.4440 -0.3161
vn 0.0027 0.0125 -0.9999
vn -0.5721 -0.7102 0.4102
vn -0.0951 -0.3836 -0.9186
vn -0.0753 -0.3315 -0.9405
vn -0.1059 0.0217 0.9941
vn 0.1438 0.3716 -0.9172
vn -0.9016 0.0364 -0.4311
vn 0.0164 -0.9998 0.0112
vn -0.2208 0.9753 0.0062
vn -0.0524 -0.9986 0.0024
vn -0.0775 0.9964 0.0335
vn -0.0848 0.9964 0.0048
vn -0.0672 -0.9977 0.0011
vn -0.1203 0.9927 0.0105
vn -0.0821 -0.9966 0.0094
vn -0.9937 0.0426 -0.1034
vn 0.9759 0.1402 0.1673
vn -0.0448 -0.1967 -0.9794
vn 0.0633 0.8014 -0.5948
vn 0.9989 0.0265 0.0379
vn -0.9982 0.0589 -0.0075
vn 0.0660 -0.9812 -0.1815
vn -0.0561 -0.9834 -0.1723
vn 0.4643 -0.0106 -0.8856
vn -0.2560 -0.3161 -0.9135
vn -0.0819 0.9026 -0.4227
vn -0.0013 0.9997 0.0240
vn -0.0633 -0.9979 0.0110
vn 0.0045 -0.9999 0.0097
vn -0.0667 -0.3878 0.9193
vn -0.0335 -0.9796 -0.1983
vn 0.7027 -0.7112 -0.0211
vn 0.1746 0.9281 -0.3288
vn -0.0097 0.0048 -0.9999
vn 0.4550 -0.0104 -0.8904
vn 0.2914 -0.8612 0.4163
vn -0.0623 0.7444 0.6648
vn 0.3616 -0.8142 0.4543
vn 0.1465 0.0925 -0.9849
vn 0.9652 -0.2425 -0.0983
vn -0.0131 0.9589 0.2834
vn 0.0203 -0.0454 -0.9988
vn 0.1542 -0.9837 -0.0924
vn 0.0098 0.0583 -0.9983
vn 0.0691 0.9868 -0.1466
vn 0.0962 -0.9580 -0.2702
vn 0.1282 -0.4606 -0.8783
vn 0.2316 -0.9638 -0.1321
vn 0.0758 0.0335 0.9966
vn 0.9991 -0.0420 -0.0033
vn -0.1277 -0.0204 -0.9916
vn -0.2645 0.9642 0.0163
vn -0.0198 -0.9996 -0.0178
vn 0.0056 1.0000 -0.0036
vn -0.0014 -1.0000 -0.0045
vn 0.0299 -0.0535 -0.9981
vn 0.0033 0.8469 -0.5318
vn -0.1212 -0.9925 -0.0170
vn 0.0175 0.9998 -0.0091
vn 0.2388 0.9116 0.3347
vn 0.8344 0.5345 -0.1346
vn 0.4621 0.8868 -0.0078
vn -0.6953 0.7187 -0.0062
vn 0.6810 0.1611 0.7143
vn -0.8550 -0.3429 0.3892
vn -0.9405 -0.2942 -0.1699
vn -0.8251 -0.4328 0.3632
vn 0.9848 0.0817 0.1530
vn -0.5516 0.0666 -0.8314
vn 0.7800 0.0006 -0.6257
vn 0.1092 0.9940 0.0009
vn 0.9492 0.1584 -0.2719
vn 0.1517 0.9381 0.3114
vn 0.0182 0.0064 0.9998
vn 0.8987 0.4315 0.0785
vn 0.9817 -0.0418 -0.1859
vn 0.9397 -0.0128 -0.3419
vn -0.9922 -0.0813 -0.0947
vn -0.9954 0.0475 -0.0833
vn 0.6624 -0.6853 -0.3026
vn 0.1120 0.0207 0.9935
vn -0.4915 -0.3855 0.7809
vn 0.9935 0.0021 0.1142
vn -0.4770 0.7036 0.5267
vn -0.8029 0.3551 0.4788
vn -0.7503 0.5065 0.4248
vn -0.1035 -0.0027 0.9946
vn 0.9093 0.0357 0.4147
vn -0.9039 0.3895 0.1767
vn -0.7913 0.6112 -0.0158
vn -0.0869 0.0928 0.9919
vn -0.8742 0.4768 -0.0916
vn 0.6864 -0.4926 -0.5350
vn 0.7779 0.6082 0.1579
vn 0.8884 -0.2926 -0.3538
vn 1.0000 -0.0027 0.0004
vn -0.4916 0.8702 0.0339
vn 1.0000 -0.0006 0.0002
vn 0.9993 -0.0176 0.0319
vn 0.9702 0.2413 -0.0214
vn 0.9714 0.0666 -0.2279
vn 0.9953 0.0819 -0.0511
vn 0.8250 -0.1068 -0.5550
vn -0.4537 -0.8892 -0.0586
vn 0.8943 -0.4472 -0.0157
vn 0.9997 -0.0161 -0.0200
vn 0.0059 -0.0276 -0.9996
vn -0.0159 0.6143 -0.7889
vn 0.7197 0.0476 0.6927
vn 0.6803 -0.1788 -0.7108
vn 0.9150 -0.0312 0.4022
vn -0.3448 0.9278 -0.1426
vn 0.0087 -0.0161 0.9998
vn 0.8515 -0.1782 0.4931
vn 0.0014 0.0006 -1.0000
vn -0.0215 0.6141 -0.7890
vn -0.0747 0.2888 0.9545
vn 0.0631 -0.7549 -0.6527
vn 0.0223 -0.9995 -0.0232
vn -0.0068 -0.9999 0.0075
vn -0.0044 0.0087 -1.0000
vn 0.9645 -0.2641 0.0015
vn 0.3828 -0.6918 -0.6123
vn -0.1150 0.9788 0.1698
vn -0.0549 0.9696 -0.2386
vn -0.7015 0.2510 -0.6670
vn 0.0282 0.1196 0.9924
vn 0.1743 -0.9352 0.3082
vn 0.9815 0.1905 -0.0171
vn -0.9904 0.0700 -0.1188
vn 0.9996 -0.0058 0.0260
vn -0.1646 -0.0619 0.9844
vn 0.3979 0.1317 0.9079
vn 0.5731 0.0922 0.8143
vn -0.9645 -0.2637 0.0137
vn 0.3296 0.9440 0.0117
vn 0.8290 -0.5029 -0.2446
vn -0.9928 0.1092 0.0496
vn 0.0154 0.9504 0.3106
vn 0.0683 0.4637 -0.8833
vn 0.0074 -0.9969 0.0788
vn -0.7908 0.2273 0.5683
vn -0.0719 -0.9925 -0.0993
vn -0.0312 -0.9892 -0.1431
vn -0.9756 -0.2047 0.0794
vn 0.9486 -0.1017 0.2995
vn -0.2222 -0.8845 -0.4102
vn -0.6703 -0.5570 -0.4904
vn 0.3005 0.0600 -0.9519
vn 0.3862 -0.7739 -0.5019
vn 0.2822 0.8339 -0.4743
vn -0.6470 -0.3469 -0.6791
vn -0.5012 0.7195 0.4807
vn 0.9999 -0.0165 0.0022
vn 0.0617 0.9977 0.0265
vn 0.9953 0.0870 -0.0426
vn 0.9992 -0.0021 0.0393
vn -0.9856 0.1644 -0.0400
vn 0.8689 0.4950 -0.0034
vn 0.9932 0.0627 0.0978
vn -0.7543 0.6553 -0.0392
vn 0.4138 -0.9101 -0.0213
vn -0.9846 0.1700 -0.0415
vn -0.5960 0.8017 -0.0457
vn 0.9808 0.1937 0.0222
vn 0.0669 0.9970 -0.0397
vn 0.2679 0.9624 -0.0454
vn 0.9996 -0.0276 -0.0015
vn 0.4056 -0.4966 -0.7673
vn -0.1163 0.5685 0.8144
vn -0.5740 0.6683 -0.4732
vn 0.1827 0.0259 0.9828
vn 0.1046 -0.1041 0.9891
vn 0.9848 0.0266 0.1718
vn -0.2681 0.7565 -0.5964
vn -0.1872 0.9495 0.2518
vn 0.1535 0.5477 -0.8225
vn -0.3046 0.0154 -0.9524
vn -0.4033 -0.0084 -0.9150
vn 0.0209 0.9852 0.1700
vn -0.0350 0.3227 -0.9458
vn -0.9838 0.1597 0.0819
vn -0.2376 -0.0402 0.9705
vn -0.6341 0.1620 0.7561
vn 0.9265 0.2778 0.2538
vn 0.2089 -0.3967 -0.8938
vn -0.8669 0.3918 -0.3082
vn -0.0762 -0.5964 0.7991
vn 0.1095 -0.8965 -0.4293
vn 0.8836 -0.3707 0.2860
vn 1.0000 -0.0024 0.0015
vn 0.1529 0.9868 0.0526
vn 0.6195 -0.7849 -0.0124
vn 0.9982 -0.0130 -0.0587
vn -0.9516 0.2940 -0.0890
vn -0.3788 -0.9255 0.0037
vn -0.4045 0.3817 -0.8311
vn -0.0000 -0.9983 0.0587
vn 0.1892 0.9776 -0.0918
vn 0.3081 0.6653 -0.6800
vn -0.0819 -0.9965 -0.0165
vn -0.9878 -0.1554 -0.0092
vn -0.9789 -0.2040 0.0119
vn -0.8314 -0.3786 0.4067
vn -0.0107 -0.9979 -0.0637
vn 0.4222 -0.0722 -0.9036
vn 0.2117 -0.0655 -0.9751
vn -0.0117 -0.0730 -0.9973
vn 0.0290 0.8947 0.4457
vn -0.0279 -0.9963 -0.0817
vn -0.0554 -0.0088 -0.9984
vn -0.0059 -0.9907 -0.1356
vn -0.0087 -0.9889 -0.1483
vn 0.0287 -0.9910 -0.1307
vn 0.9275 -0.0003 -0.3739
vn 0.6200 0.7845 0.0112
vn -0.9807 -0.1950 -0.0109
vn -0.9800 -0.1985 -0.0117
vn -0.6257 0.7716 -0.1148
vn 0.0740 0.9971 0.0179
vn -0.5545 0.4257 -0.7150
vn 0.7224 0.2597 0.6408
vn 0.5921 -0.8057 -0.0164
vn -0.3706 0.6924 0.6191
vn -0.6044 -0.7963 -0.0233
vn 0.9886 -0.1465 -0.0345
vn -0.4140 0.9102 -0.0097
vn -0.2327 0.9725 0.0010
vn -0.5569 0.8305 -0.0044
vn 0.0484 0.7097 0.7029
vn 0.9986 -0.0207 0.0494
vn -0.2874 0.6134 -0.7357
vn 0.9985 -0.0512 0.0179
vn 0.9996 -0.0258 -0.0064
vn -0.1652 0.8403 0.5163
vn 0.1762 -0.7658 -0.6184
vn 0.0965 -0.0083 -0.9953
vn 0.9856 -0.1643 0.0404
vn 0.0292 0.0377 -0.9989
vn 0.0428 -0.0111 -0.9990
vn -0.9092 0.4132 -0.0513
vn 0.1758 -0.9664 0.1875
vn -0.0082 0.0417 0.9991
vn -0.1017 -0.9938 0.0441
vn -0.3001 -0.7566 0.5810
vn 0.9172 -0.3981 -0.0171
vn 0.3437 0.7937 -0.5018
vn 0.9764 -0.0041 -0.2159
vn -0.1555 -0.3364 -0.9288
vn 0.8052 0.0218 -0.5926
vn 0.2820 0.9511 0.1258
vn -0.0490 0.1485 0.9877
vn -0.0556 -0.9984 0.0082
vn 0.1657 -0.9862 -0.0020
vn 1.0000 -0.0006 0.0004
vn 0.6525 -0.7578 -0.0008
vn 0.6933 -0.7009 -0.1675
vn 0.9951 -0.0989 -0.0000
vn 0.9954 -0.0956 0.0023
vn 0.7728 0.6347 0.0040
vn 0.5581 -0.8297 -0.0142
vn 0.9204 0.3908 0.0093
vn 0.6821 0.2416 -0.6902
vn 0.6113 -0.7911 0.0221
vn 0.9775 0.2013 0.0629
vn 0.7687 0.1838 0.6127
vn 0.1881 0.4520 -0.8719
vn 0.0080 -0.0324 -0.9994
vn -0.9620 -0.1720 -0.2120
vn 0.2237 -0.1003 -0.9695
vn 0.2589 -0.9319 -0.2541
vn 0.0931 -0.9745 0.2041
vn -0.5772 0.8104 -0.1009
vn 0.2834 -0.0556 -0.9574
vn 0.6180 -0.5489 -0.5628
vn 0.8582 -0.2162 0.4656
vn 0.4820 -0.7114 -0.5115
vn 0.9518 0.2195 0.2141
vn 0.9737 -0.1446 0.1763
vn -0.1684 -0.0059 -0.9857
vn -0.2742 0.9565 -0.0999
vn 0.0387 -0.0142 0.9991
vn 0.1328 -0.2564 -0.9574
vn 0.9485 0.2083 0.2385
vn 0.3554 0.0595 -0.9328
vn 0.0165 -0.9997 -0.0205
vn -0.9232 0.1575 0.3505
vn 0.1644 0.0525 0.9850
vn -0.1796 0.1217 0.9762
vn 0.9845 0.1645 -0.0610
vn 0.1269 -0.0831 -0.9884
vn 0.3288 -0.8959 0.2987
vn 0.0097 0.0432 -0.9990
vn -0.2586 0.2874 -0.9223
vn 0.6835 0.0062 -0.7299
vn 0.9981 0.0518 0.0333
vn 0.9930 0.0414 0.1108
vn -0.0372 -0.9992 -0.0149
vn 0.9881 -0.0337 -0.1503
vn 0.1765 0.0104 -0.9843
vn 0.9743 -0.0176 -0.2244
vn -0.0617 -0.0796 0.9949
vn 0.8192 -0.2663 -0.5080
vn -0.8278 -0.0940 -0.5531
vn 0.1933 -0.9802 0.0422
vn 0.9297 -0.2335 0.2848
vn 0.8110 -0.2108 0.5458
vn 0.5843 0.7453 -0.3211
vn 0.0078 -0.7327 0.6805
vn 0.5947 -0.3721 0.7126
vn -0.9445 -0.0459 -0.3254
vn -0.0280 0.0069 0.9996
vn 0.9935 -0.0004 0.1140
vn -0.0552 0.0138 0.9984
vn -0.1003 -0.0506 -0.9937
vn 0.0541 0.1641 0.9850
vn -0.4378 0.4080 -0.8012
vn -0.1131 0.4460 0.8879
vn -0.1996 0.3759 0.9049
vn 0.0189 0.0148 0.9997
vn -0.7873 -0.6166 0.0001
vn 0.0445 0.0135 0.9989
vn -0.8854 -0.0783 0.4582
vn 0.0227 -0.0669 0.9975
vn -0.4745 0.7976 0.3725
vn -0.1361 -0.5488 -0.8248
vn -0.9861 0.1587 -0.0484
vn -0.2319 -0.0689 0.9703
vn -0.9146 -0.0992 -0.3919
vn 0.8085 0.4427 -0.3877
vn -0.7106 -0.0262 -0.7031
vn 0.0011 0.9959 -0.0900
vn 0.1903 0.7775 -0.5995
vn 0.3752 0.0705 -0.9242
vn -0.2922 0.7846 0.5469
vn 0.7501 0.0921 0.6549
vn 0.9931 -0.0960 -0.0668
vn 0.3956 -0.6987 -0.5961
vn 0.0006 0.9971 -0.0762
vn 0.9896 -0.0895 0.1123
vn 0.6936 0.5873 -0.4171
vn 0.2737 -0.0634 -0.9597
vn -0.6064 0.5080 0.6118
vn 0.5824 0.2713 0.7663
vn 0.2625 0.9623 -0.0714
vn 0.0594 -0.5324 0.8444
vn -0.1124 0.4839 0.8679
vn -0.9420 -0.0077 0.3354
vn -0.5217 -0.2885 0.8028
vn 0.7630 -0.0431 0.6450
vn 0.1574 -0.0023 0.9875
vn 0.0384 -0.0111 0.9992
vn -0.4948 0.6655 -0.5589
vn -0.2337 0.1157 0.9654
vn -0.2230 -0.0637 0.9727
vn -0.0541 -0.0273 -0.9982
vn -0.2219 0.6888 -0.6902
vn -0.9944 0.0211 -0.1031
vn 0.3339 0.3466 -0.8766
vn 0.5789 0.4420 0.6852
vn -0.9874 0.0375 0.1540
vn -0.5858 0.8064 0.0813
vn -0.3491 -0.0273 -0.9367
vn 0.6051 -0.0236 -0.7958
vn 0.0246 0.1515 -0.9881
vn -0.1623 -0.0114 -0.9867
vn 0.2182 -0.3087 0.9258
vn -0.7598 0.5148 0.3970
vn -0.7059 -0.4899 -0.5116
vn -0.0294 -0.9746 0.2219
vn 0.9955 0.0828 -0.0467
vn -0.2555 -0.0344 0.9662
vn -0.5790 -0.6681 -0.4673
vn 0.8144 0.4667 0.3448
vn -0.9262 0.3465 0.1484
vn -0.0590 0.1955 0.9789
vn -0.9677 0.1765 0.1799
vn 0.7316 -0.2872 -0.6183
vn 0.8247 0.2464 -0.5091
vn -0.1449 0.2222 0.9642
vn -0.0061 -0.9998 -0.0180
vn 0.0760 -0.0418 0.9962
vn -0.6178 0.3258 -0.7156
vn -0.0107 -0.9827 -0.1849
vn 0.0782 0.2928 0.9530
vn -0.8993 0.3002 -0.3181
vn -0.7883 0.5531 -0.2697
vn 0.0042 -0.0094 0.9999
vn -0.8399 0.0113 0.5426
vn 0.1833 0.3468 -0.9198
vn 0.0012 -0.1150 -0.9934
vn 0.5862 0.6228 -0.5181
vn -0.2367 0.7965 -0.5564
vn -0.6230 -0.5397 -0.5663
vn -0.5318 -0.7868 -0.3133
vn -1.0000 -0.0079 0.0057
vn -0.2152 0.8763 -0.4309
vn 0.5181 -0.8548 -0.0303
vn -0.9772 -0.1930 -0.0881
vn 0.9629 -0.2487 -0.1052
vn -0.6402 0.7139 0.2837
vn -0.7972 0.2477 0.5505
vn -0.9278 0.3722 0.0258
vn -0.7323 0.6809 -0.0120
vn 0.1248 -0.7934 0.5958
vn -0.0638 0.9940 -0.0885
vn 0.0501 -0.2186 -0.9745
vn -0.0466 0.9930 -0.1084
vn 0.0517 -0.9613 -0.2706
vn -0.9999 -0.0099 -0.0016
vn -0.9866 0.0452 -0.1566
vn 0.7826 0.6123 0.1121
vn 0.0038 -0.9999 0.0153
vn 0.0597 -0.9972 -0.0456
vn 0.9115 -0.3959 -0.1114
vn 0.0926 0.9955 -0.0180
vn -0.0189 -0.9956 -0.0922
vn 0.1661 0.8207 0.5466
vn 0.9517 0.0714 -0.2987
vn 0.4895 0.0493 -0.8706
vn -0.8717 -0.4147 0.2611
vn -0.8643 -0.3740 0.3363
vn -0.5873 0.0033 0.8093
vn -0.9583 0.2488 -0.1407
vn 0.0064 -0.9996 -0.0292
vn 0.7370 0.6647 0.1229
vn -0.8251 -0.0074 0.5649
vn -0.9259 -0.0000 0.3778
vn 0.2147 0.0372 0.9760
vn 0.9981 0.0598 0.0121
vn 0.1736 -0.9847 0.0126
vn -0.9988 -0.0454 -0.0202
vn -0.2553 -0.2028 -0.9454
vn -0.1873 -0.4397 -0.8784
vn -0.1663 0.0259 -0.9857
vn 0.8905 0.3841 0.2440
vn 0.9776 0.2103 -0.0083
vn 0.0419 -0.5717 0.8194
vn 0.0841 -0.9935 -0.0771
vn -0.0011 -0.0390 0.9992
vn 0.2155 0.3579 0.9086
vn -0.0447 0.1035 0.9936
vn -0.4432 -0.0248 0.8961
vn -0.9653 -0.2613 0.0020
vn -0.9917 -0.1201 -0.0461
vn -0.9733 -0.2294 0.0002
vn 0.0067 -0.2560 -0.9667
vn -0.9995 -0.0273 -0.0177
vn 0.6774 -0.7310 0.0821
vn 0.7006 -0.1607 -0.6952
vn 0.5508 -0.6618 -0.5086
vn 0.0656 0.2840 -0.9566
vn -0.1342 0.1657 -0.9770
vn -0.4563 0.4229 0.7829
vn -0.6429 0.6167 -0.4542
vn 0.9998 0.0115 0.0162
vn -0.0006 0.9981 -0.0622
vn 0.0149 -0.9965 -0.0822
vn -0.0117 0.9990 -0.0425
vn -0.3216 0.3827 -0.8661
vn 0.4912 0.8690 0.0596
vn 0.9981 -0.0603 0.0128
vn -0.9911 0.1318 -0.0212
vn 0.4255 0.9049 -0.0059
vn -0.5709 0.4945 0.6553
vn 0.9488 0.3123 0.0473
vn 0.0986 -0.8363 -0.5393
vn -0.8321 -0.1137 -0.5428
vn 0.9943 -0.1029 0.0296
vn 0.9702 0.0465 0.2377
vn -0.0897 -0.6631 0.7431
vn 0.3262 0.0556 -0.9436
vn 0.0265 -0.9817 -0.1887
vn -0.0091 0.9812 -0.1930
vn -0.5537 -0.6337 -0.5403
vn 0.7298 0.6800 -0.0704
vn 0.6963 0.6986 -0.1647
vn 0.4306 0.3380 0.8369
vn -0.1347 -0.9324 -0.3353
vn 0.2879 0.3322 0.8982
vn -0.1697 0.7928 -0.5853
vn -0.0077 -0.9034 -0.4288
vn -0.4632 -0.2989 -0.8343
vn 0.1659 -0.9846 0.0543
vn -0.0206 0.0253 0.9995
vn 0.9933 -0.0407 0.1079
vn -0.9412 0.3101 0.1344
vn 0.4212 -0.7513 0.5081
vn 0.0230 -0.9162 -0.4002
vn -0.0234 -0.5298 -0.8478
vn -0.7124 0.7015 -0.0187
vn -0.0588 0.9392 -0.3382
vn 0.9982 -0.0562 -0.0195
vn 0.0173 -0.0021 0.9998
vn 0.0227 0.9980 0.0586
vn 0.2155 0.0317 0.9760
vn 0.0208 -0.9552 -0.2953
vn -0.9966 0.0378 -0.0731
vn -0.9979 -0.0640 0.0023
vn -0.6201 -0.0282 -0.7840
vn -0.9990 0.0416 -0.0165
vn -0.1163 0.9927 -0.0331
vn 0.1149 -0.2841 -0.9519
vn -0.0892 0.4537 -0.8867
vn -0.0527 -0.8087 -0.5858
vn -0.2901 -0.5147 -0.8068
vn 0.0229 0.9997 -0.0043
vn -0.1182 0.8948 -0.4306
vn -0.0141 0.9872 -0.1590
vn -0.0944 0.0276 0.9951
vn 0.6613 0.4530 0.5978
vn 0.9991 0.0415 0.0032
vn -0.2343 0.9421 0.2398
vn 0.3717 -0.8529 -0.3665
vn 0.6976 -0.0098 -0.7164
vn -0.9761 0.2149 -0.0312
vn -0.7859 0.6130 -0.0812
vn 0.8186 -0.5743 -0.0057
vn -0.4757 0.8796 -0.0018
vn -0.2902 0.9570 -0.0014
vn -0.2178 0.0530 -0.9745
vn -0.6394 -0.1188 0.7597
vn 0.9891 -0.0063 -0.1474
vn 0.4745 0.7744 -0.4185
vn -0.0322 -0.0096 0.9994
vn 0.0150 -0.0314 0.9994
vn 0.3506 -0.3510 0.8683
vn 0.2811 0.2489 -0.9268
vn -0.6610 0.3006 -0.6875
vn -0.0348 -0.8148 -0.5787
vn 0.6239 0.2789 0.7301
vn -0.9645 0.2232 -0.1414
vn -0.5721 -0.8081 -0.1405
vn 0.3478 -0.4598 0.8171
vn 0.9503 -0.0856 -0.2992
vn -0.8707 0.4854 -0.0789
vn -0.2551 -0.9266 0.2765
vn 0.7859 0.3290 0.5237
vn -0.5263 -0.3802 -0.7605
vn 0.9986 -0.0482 0.0232
vn 0.0148 -0.9983 0.0563
vn 0.1903 -0.0734 -0.9790
vn -0.0684 -0.9085 0.4122
vn 0.0025 -0.9058 0.4236
vn -0.1934 0.9765 -0.0946
vn -0.5754 -0.8168 0.0425
vn 0.8167 -0.0046 -0.5771
vn 0.9962 -0.0833 -0.0269
vn -0.1752 -0.3892 0.9043
vn -0.2564 0.8609 0.4394
vn -0.6765 0.5908 -0.4396
vn 0.2833 0.0429 -0.9581
vn 0.0323 -0.0024 0.9995
vn -0.0033 0.6223 -0.7828
vn 0.0045 0.6407 -0.7678
vn -0.7823 0.3434 0.5197
vn 0.0314 -0.1791 -0.9833
vn 0.0001 0.9995 -0.0323
vn 0.0322 -0.0693 -0.9971
vn -0.0374 0.9992 -0.0131
vn 0.4661 -0.7552 0.4609
vn 0.9952 0.0303 0.0928
vn -0.2520 0.9620 -0.1048
vn 0.9843 -0.1314 0.1180
vn 0.0334 -0.4004 -0.9157
vn 0.0869 0.1847 -0.9789
vn 0.0335 0.6523 -0.7572
vn -0.0030 0.6252 -0.7805
vn -0.0828 0.5601 -0.8242
vn -0.5413 0.5592 -0.6279
vn 0.1693 -0.6370 -0.7521
vn -0.1094 0.0837 0.9905
vn 0.9392 -0.0483 0.3399
vn 0.5593 -0.2580 0.7878
vn 0.3240 0.9390 0.1153
vn 0.4506 0.1201 -0.8846
vn -0.1736 -0.9676 -0.1831
vn 0.4900 -0.1648 0.8560
vn 0.2376 -0.1126 0.9648
vn 0.3513 -0.8985 0.2633
vn 0.8413 0.5391 -0.0403
vn 0.9726 0.2297 -0.0360
vn 0.8965 0.4206 -0.1393
vn -0.0093 -0.0099 0.9999
vn 0.5279 -0.8403 0.1233
vn 0.9669 -0.0438 -0.2513
vn -0.1996 0.9770 -0.0748
vn -0.0667 0.1207 0.9904
vn -0.5368 0.2198 -0.8146
vn 0.8741 -0.0143 -0.4856
vn 0.2292 0.1541 0.9611
vn 0.7581 0.2660 0.5954
vn 0.9061 0.0860 -0.4142
vn -0.0570 0.9969 0.0551
vn 0.9723 -0.1733 0.1566
vn -0.0033 0.0059 -1.0000
vn 0.0035 -0.4411 -0.8974
vn 0.0046 -0.0705 0.9975
vn -0.0097 0.9897 0.1427
vn -0.6523 0.7552 0.0650
vn -0.1238 0.6098 0.7828
vn -0.1001 -0.9825 -0.1568
vn 0.7646 0.6444 0.0003
vn -0.0554 -0.9939 -0.0957
vn -0.8889 0.3910 0.2388
vn -0.1418 0.3128 -0.9392
vn -0.9999 0.0113 -0.0121
vn -0.2438 -0.7774 0.5799
vn -0.0822 -0.0427 0.9957
vn -0.0453 -0.9984 -0.0331
vn 0.1139 0.1582 -0.9808
vn -0.2190 -0.9001 0.3766
vn -0.2402 0.7628 -0.6004
vn 0.0125 -0.7362 -0.6766
vn 0.3234 -0.1415 -0.9356
vn 0.3804 0.6002 0.7036
vn 0.0125 0.0033 0.9999
vn 0.9365 -0.0741 0.3428
vn -0.2029 0.9771 -0.0643
vn -0.3007 0.2926 0.9077
vn -0.3411 0.9387 0.0501
vn -0.7453 0.6668 0.0002
vn -0.7541 0.6418 -0.1397
vn 0.7486 -0.0071 -0.6629
vn 0.8815 0.0131 -0.4721
vn -0.9974 0.0194 0.0688
vn 0.1035 -0.9594 -0.2623
vn 0.0137 0.9995 0.0279
vn 0.0922 -0.0096 -0.9957
vn 0.9806 0.1526 0.1233
vn -0.1631 -0.9775 -0.1336
vn 0.9991 0.0405 0.0081
vn 0.0462 -0.9632 0.2649
vn 0.1861 -0.1275 0.9742
vn -0.0423 -0.1384 0.9895
vn -0.8344 0.5354 -0.1309
vn -0.1234 0.9211 0.3693
vn -0.4578 0.7896 0.4086
vn -0.3593 0.0303 0.9327
vn -0.9998 -0.0190 0.0116
vn -1.0000 -0.0031 0.0062
vn -0.9911 -0.1332 -0.0083
vn -0.0973 -0.9952 0.0030
vn -0.0112 -0.9999 0.0041
vn -0.0251 -0.9980 -0.0576
vn -0.0330 0.0419 -0.9986
vn -0.0058 0.0068 -1.0000
vn -0.2389 0.6828 -0.6904
vn 0.0900 0.0084 -0.9959
vn -0.1691 -0.0063 -0.9856
vn -0.9055 0.0200 -0.4238
vn -0.0093 0.0084 -0.9999
vn -0.1719 -0.5032 -0.8469
vn -0.3409 0.4025 0.8496
vn -0.0767 0.9068 0.4144
vn 0.6992 0.7149 -0.0036
vn 0.0751 -0.9966 -0.0343
vn 0.0144 -0.9997 -0.0199
vn 0.4508 -0.1990 -0.8702
vn 0.3118 0.7821 -0.5396
vn 0.7068 -0.1301 0.6953
vn 0.8313 -0.5017 0.2390
vn -0.8652 0.4383 0.2435
vn 0.1450 -0.1052 0.9838
vn -0.2107 -0.9411 -0.2643
vn 0.4535 0.3384 0.8245
vn -0.6446 0.1167 -0.7556
vn -0.5119 0.8564 0.0669
vn -0.0098 0.9986 0.0523
vn -0.0472 0.9792 -0.1975
vn 0.0830 0.9848 -0.1528
vn 1.0000 -0.0038 0.0029
vn 0.1088 -0.9617 -0.2517
vn -0.6487 -0.0932 -0.7553
vn 0.9586 0.1890 -0.2132
vn 0.1792 0.1029 0.9784
vn 0.0279 -0.3489 0.9367
vn -0.9733 -0.1731 -0.1504
vn -0.4223 -0.5808 0.6959
vn 0.9407 0.1058 -0.3223
vn 0.0090 -0.9997 -0.0240
vn -0.2137 0.9768 -0.0125
vn -0.9202 -0.0172 0.3910
vn -0.0072 0.8926 0.4508
vn 0.0416 0.4702 0.8816
vn 0.9857 0.0707 0.1527
vn 0.8275 0.5558 -0.0792
vn -0.9877 -0.0236 -0.1544
vn -0.9543 0.0288 0.2974
vn -0.4723 0.7528 -0.4586
vn -0.8706 -0.4913 -0.0238
vn -0.4167 -0.7153 -0.5610
vn 0.5322 -0.3989 0.7467
vn 0.9971 0.0756 0.0024
vn 0.6211 -0.5712 0.5366
vn 0.9951 0.0985 0.0008
vn 0.9962 -0.0810 0.0312
vn 0.3456 0.0680 -0.9359
vn 0.9948 0.1014 -0.0052
vn 0.9951 0.0987 -0.0041
vn 0.3389 0.0103 -0.9408
vn 0.9983 0.0587 0.0012
vn 0.9992 0.0397 -0.0077
vn 0.9926 0.1191 0.0217
vn 0.9983 0.0573 0.0058
vn 0.9986 -0.0202 0.0489
vn 0.9993 0.0337 0.0175
vn 0.9998 0.0202 0.0025
vn 0.9996 0.0149 -0.0220
vn 0.9940 -0.1090 -0.0030
vn 0.9944 -0.1058 0.0034
vn 0.9999 0.0149 0.0072
vn 0.9989 0.0444 -0.0124
vn 0.7595 0.0339 0.6497
vn 0.7476 -0.4700 0.4693
vn 0.8330 0.0308 0.5524
vn 0.3106 0.2524 0.9164
vn 0.3576 0.0819 -0.9303
vn 0.3355 0.2601 -0.9054
vn 0.3557 0.0285 -0.9342
vn 0.9753 0.2206 0.0072
vn 0.9822 0.0590 0.1783
vn 0.6792 -0.7338 0.0137
vn 0.9723 -0.2337 -0.0029
vn 0.3271 0.0176 0.9448
vn 0.9416 -0.3366 0.0131
vn 0.9726 0.2323 -0.0044
vn 0.9262 -0.2321 0.2972
vn 0.9704 0.2414 -0.0028
vn 0.9998 -0.0023 -0.0181
vn 0.3036 0.2363 0.9230
vn 0.3041 0.0676 0.9502
vn 0.0017 -1.0000 0.0015
vn 0.9999 -0.0114 -0.0004
vn 0.9864 -0.0007 -0.1642
vn 0.0004 -0.9973 -0.0736
vn 0.3550 0.2634 -0.8970
vn 0.4662 0.0205 -0.8845
vn 0.9998 -0.0186 -0.0033
vn 0.7420 -0.6665 0.0725
vn 0.6993 -0.7014 0.1381
vn 0.6912 -0.7226 -0.0011
vn 0.2493 -0.7064 0.6624
vn 0.2388 0.7576 0.6075
vn -0.7516 -0.3505 0.5588
vn 0.2832 0.0181 -0.9589
vn 0.7762 -0.0516 -0.6284
vn 0.4027 0.9153 -0.0016
vn 0.5125 0.4522 0.7300
vn 0.0001 0.9191 0.3939
vn 0.7397 -0.0065 0.6729
vn 0.9999 -0.0005 0.0171
vn -0.2037 0.8707 0.4477
vn 0.0109 -0.9999 0.0010
vn 0.6594 -0.3802 0.6486
vn -0.0610 0.6431 -0.7633
vn -0.0112 -0.4705 0.8824
vn 0.0333 0.9882 0.1493
vn -0.0222 0.9969 0.0757
vn 0.1075 0.9817 0.1571
vn -0.3207 -0.0418 0.9462
vn -0.1846 -0.0109 0.9827
vn 0.7120 -0.7015 -0.0310
vn -0.6341 -0.7712 0.0568
vn 0.9998 0.0208 -0.0068
vn -0.5543 0.7036 -0.4447
vn 0.9334 0.1704 -0.3159
vn -0.5716 0.4465 -0.6884
vn -0.0068 -0.9999 0.0078
vn 0.9978 -0.0663 0.0031
vn 0.9942 0.0157 0.1065
vn 0.9969 -0.0785 0.0028
vn -0.0117 -0.9999 0.0013
vn 0.1641 0.2490 0.9545
vn -0.0209 -0.9998 0.0010
vn -0.0048 -1.0000 0.0001
vn 0.8341 0.5497 -0.0454
vn 0.0279 -0.9987 -0.0420
vn -0.0724 -0.9969 -0.0295
vn -0.9435 0.3294 -0.0363
vn 0.6143 0.7163 -0.3310
vn 0.0264 0.1539 0.9877
vn -0.3160 0.2624 -0.9118
vn 0.0476 0.0050 0.9989
vn -0.9103 0.4138 0.0130
vn -0.4084 0.0633 0.9106
vn 0.3382 -0.9406 0.0285
vn -0.0501 0.0230 0.9985
vn -0.4705 0.8348 -0.2860
vn 0.0398 -0.8148 -0.5784
vn -0.1358 0.0046 -0.9907
vn -0.8720 0.4894 -0.0037
vn -0.7501 0.3110 -0.5837
vn 0.6318 0.2406 -0.7368
vn -0.0887 0.9083 0.4087
vn 0.0447 0.9879 0.1484
vn -0.0054 -0.0018 -1.0000
vn 0.0259 0.0278 -0.9993
vn 0.0634 0.9839 0.1671
vn 0.0031 0.0040 1.0000
vn -0.9938 -0.0543 -0.0966
vn 0.7103 -0.7033 0.0302
vn -0.9880 -0.1495 -0.0379
vn -0.4744 0.3297 0.8162
vn 0.4046 -0.8551 -0.3241
vn -0.4719 -0.1369 -0.8709
vn -0.1983 0.9746 0.1045
vn 0.9907 0.1280 -0.0468
vn 0.0024 -0.2865 -0.9581
vn 0.1868 0.9798 -0.0713
vn -0.9951 0.0645 -0.0744
vn -0.8644 0.4657 -0.1898
vn -0.7502 -0.0618 0.6584
vn -0.3866 -0.8357 -0.3901
vn 0.0358 -0.8569 0.5143
vn 0.2747 0.1870 0.9432
vn -0.1237 -0.5428 -0.8307
vn -0.0139 0.0140 0.9998
vn -0.1015 -0.1059 0.9892
vn -0.0336 0.1922 0.9808
vn -0.9752 -0.2052 0.0827
vn -0.2308 -0.1841 0.9554
vn 0.0094 -0.9991 0.0410
vn -0.1937 0.9810 -0.0149
vn 0.0308 -0.9994 0.0133
vn 0.1585 -0.6338 0.7571
vn 0.0912 -0.2524 0.9633
vn 0.1015 0.0021 -0.9948
vn -0.9938 0.0145 -0.1104
vn -0.1458 -0.7450 -0.6510
vn 0.9986 0.0513 0.0090
vn 0.9998 0.0206 -0.0043
vn 0.6471 -0.6280 -0.4322
vn 0.2028 -0.5349 -0.8202
vn -0.0545 0.1974 -0.9788
vn -0.0469 0.0636 -0.9969
vn 0.9011 -0.4035 -0.1589
vn 0.8916 0.4515 -0.0339
vn 0.1049 -0.9926 0.0616
vn -0.0866 0.9943 -0.0622
vn -0.9699 0.0790 0.2305
vn 0.4076 -0.9129 -0.0218
vn 0.3265 -0.9452 -0.0009
vn -0.1944 0.9781 0.0749
vn 0.0921 0.4702 -0.8777
vn -0.2017 0.6476 -0.7348
vn 0.7625 -0.6451 -0.0498
vn 0.8132 -0.0090 -0.5820
vn 0.8490 -0.2464 0.4675
vn 0.7475 0.1802 -0.6393
vn 0.9998 0.0092 0.0199
vn 0.9993 0.0337 -0.0151
vn -0.3273 -0.0432 0.9439
vn 0.2906 -0.2260 0.9298
vn 0.9722 -0.2291 -0.0490
vn 0.6121 0.7898 -0.0392
vn 0.1137 -0.9933 -0.0224
vn -0.9978 0.0126 -0.0645
vn 0.0111 0.9784 0.2066
vn 0.0466 -0.1683 0.9846
vn 0.0024 -0.9950 0.0997
vn -0.0038 -0.1034 0.9946
vn -0.2566 -0.0777 0.9634
vn 0.9993 0.0378 0.0080
vn 0.9366 -0.3463 0.0538
vn 0.9948 -0.1017 0.0036
vn 0.9990 0.0072 0.0435
vn -0.0001 0.0197 -0.9998
vn -0.0099 0.0067 -0.9999
vn 0.0016 0.0038 -1.0000
vn -0.0042 0.0087 -1.0000
vn -0.1491 -0.1664 -0.9747
vn -0.9726 -0.2327 -0.0009
vn -0.1083 0.9940 0.0124
vn -0.9999 0.0125 0.0113
vn -0.1389 0.9901 -0.0214
vn -0.0064 0.0238 -0.9997
vn -0.8934 0.0093 -0.4492
vn 0.7288 -0.6779 0.0969
vn 0.3360 -0.1929 -0.9219
vn 0.9978 -0.0137 -0.0643
vn -0.4260 -0.4897 -0.7607
vn -0.0728 0.0682 0.9950
vn -0.5471 0.1140 -0.8293
vn -0.2625 0.3605 0.8951
vn 0.0064 -0.6783 0.7347
vn 0.2096 0.7170 0.6649
vn -0.4891 0.4843 0.7254
vn 0.0411 0.7814 0.6227
vn 0.7661 -0.0012 -0.6427
vn 0.7622 -0.1853 -0.6203
vn 0.0041 0.4563 0.8898
vn -0.9327 0.2836 0.2227
vn 0.0267 0.7113 0.7024
vn 0.1666 0.9817 0.0923
vn -0.0756 -0.0182 0.9970
vn 0.0007 0.0001 1.0000
vn 0.0011 0.2217 0.9751
vn -0.8817 0.4518 0.1362
vn -0.2513 -0.6080 0.7531
vn 0.9191 0.0625 0.3892
vn -0.0342 -0.8754 0.4821
vn 0.9938 -0.0550 0.0971
vn -0.0878 0.8244 0.5591
vn 0.0300 -0.9899 0.1386
vn -0.2346 -0.8170 0.5268
vn -0.6832 0.3247 0.6541
vn -0.4591 -0.8130 0.3581
vn 0.4344 0.0510 -0.8993
vn -0.1198 -0.9911 -0.0572
vn 0.9939 -0.0920 -0.0605
vn -0.4255 0.0330 0.9044
vn 0.6880 -0.0126 0.7256
vn -0.9998 0.0013 -0.0179
vn -0.9888 0.1492 -0.0018
vn -0.3242 0.8143 0.4814
vn -0.9946 0.0950 0.0427
vn -0.9953 0.0954 0.0143
vn -0.9945 0.1030 0.0210
vn -0.0982 -0.0026 0.9952
vn -0.9918 0.1274 -0.0062
vn -0.9964 0.0847 0.0028
vn -0.7863 -0.6179 0.0015
vn -0.7654 -0.6436 0.0049
vn -0.9999 -0.0137 0.0071
vn -0.9533 -0.3019 -0.0059
vn -0.8264 0.5629 0.0181
vn -0.9831 -0.0182 -0.1822
vn -0.9561 0.2356 -0.1741
vn -0.9926 0.1178 0.0310
vn -0.1786 0.9839 0.0109
vn -0.7139 0.7001 0.0142
vn -0.8452 0.5343 0.0129
vn -0.7725 0.0851 0.6293
vn -0.9965 0.0818 0.0160
vn -0.9996 0.0278 0.0035
vn -0.9574 0.1079 0.2677
vn -0.0417 -0.6714 0.7399
vn -0.9972 0.0286 0.0690
vn -0.9965 0.0424 -0.0714
vn -0.6250 0.2182 0.7495
vn -0.9757 0.0243 0.2179
vn -0.7778 0.6283 -0.0120
vn -0.5040 -0.0126 0.8636
vn -1.0000 -0.0093 0.0023
vn -0.9783 0.0462 0.2019
vn -0.9951 0.0981 0.0067
vn -0.0920 0.0562 0.9942
vn -0.1935 0.9806 -0.0330
vn -0.9997 0.0240 -0.0024
vn -0.9723 0.2339 0.0043
vn -0.7673 -0.1575 0.6217
vn -0.9790 0.2039 -0.0070
vn -0.9787 0.2042 -0.0228
vn -0.9943 0.1065 0.0026
vn -0.9997 0.0256 0.0002
vn -0.8081 0.0395 -0.5877
vn -0.9987 0.0254 -0.0453
vn -0.9936 0.0261 -0.1098
vn -0.9638 0.2549 -0.0783
vn -0.8987 0.3045 -0.3155
vn -0.0801 0.0266 -0.9964
vn -0.9984 0.0450 -0.0341
vn -0.9884 0.0649 -0.1375
vn -0.1008 0.0454 -0.9939
vn -0.1573 0.0815 -0.9842
vn -0.7394 -0.6732 0.0126
vn -1.0000 -0.0084 0.0020
vn -0.9993 0.0216 0.0303
vn -0.8481 0.5298 0.0002
vn -0.9883 0.1524 0.0005
vn -0.1513 0.3836 -0.9110
vn -0.8587 0.3172 0.4025
vn -0.9692 0.2420 0.0464
vn -0.9208 0.0099 -0.3899
vn -0.9829 0.1830 0.0179
vn -0.7433 0.6688 -0.0137
vn -0.5953 0.2755 0.7548
vn -0.9805 0.1951 0.0226
vn -0.7005 -0.0072 -0.7136
vn -0.9268 -0.1014 -0.3617
vn 0.2034 0.0114 -0.9790
vn 0.9993 -0.0375 0.0088
vn 0.9990 -0.0447 0.0043
vn 0.9994 -0.0350 -0.0074
vn 0.9950 -0.0346 0.0932
vn 0.9972 -0.0741 0.0017
vn 0.9984 -0.0571 -0.0005
vn 0.9980 -0.0625 -0.0054
vn 0.9977 -0.0403 -0.0552
vn 0.0989 0.0196 0.9949
vn 0.9994 -0.0333 -0.0052
vn 0.9984 -0.0263 -0.0499
vn 0.5681 0.8229 -0.0082
vn 0.9968 -0.0719 0.0345
vn 0.9370 -0.3449 0.0553
vn 0.0202 0.7765 0.6298
vn -0.0546 0.9951 -0.0818
vn 0.9647 -0.2635 0.0002
vn 0.9789 -0.2043 -0.0049
vn 0.9941 -0.0256 0.1059
vn 0.9832 -0.0489 0.1759
vn -0.0541 -0.9985 0.0114
vn 0.9510 -0.0592 0.3034
vn 0.9780 -0.0225 0.2073
vn 0.9947 -0.0239 -0.1000
vn 0.9803 -0.0318 0.1949
vn 0.9891 -0.0232 0.1453
vn 0.5083 -0.0074 0.8612
vn 0.3053 0.4993 0.8108
vn -0.1505 -0.1664 0.9745
vn 0.0744 -0.0270 0.9969
vn -0.1370 -0.0241 0.9903
vn -0.1464 -0.0144 0.9891
vn -0.3788 -0.0118 0.9254
vn 0.7128 -0.3531 -0.6061
vn -0.1128 0.8506 0.5136
vn -0.2373 0.6922 0.6815
vn -0.3764 -0.0235 0.9262
vn -0.1650 -0.0567 0.9847
vn 0.9538 0.2801 -0.1087
vn 0.6826 0.7261 -0.0829
vn -0.0866 -0.7522 0.6532
vn 0.0171 -0.0496 0.9986
vn -0.4847 0.7043 -0.5187
vn 0.1762 -0.0789 0.9812
vn 0.0423 -0.1017 0.9939
vn -0.9989 -0.0294 0.0357
vn -0.3746 -0.0114 0.9271
vn -0.9959 -0.0885 0.0200
vn -0.2502 -0.3934 0.8847
vn -0.3099 -0.7860 0.5349
vn -0.0504 0.9958 0.0760
vn -0.0914 -0.7675 0.6345
vn -0.9986 -0.0443 0.0271
vn 0.0195 -0.1043 0.9944
vn -0.2827 0.9537 0.1027
vn 0.0630 -0.0415 0.9971
vn 0.9819 0.0087 0.1894
vn 0.0961 -0.0315 0.9949
vn 0.0634 0.8787 0.4732
vn -0.9996 -0.0239 0.0117
vn -0.9924 0.1230 0.0070
vn -0.9999 0.0101 -0.0078
vn -0.8895 -0.4569 -0.0048
vn -0.9995 0.0316 0.0067
vn -0.9995 -0.0300 0.0020
vn -0.9988 -0.0487 0.0063
vn -0.9987 -0.0504 -0.0030
vn -0.9983 -0.0549 -0.0185
vn -0.9985 -0.0541 0.0130
vn -0.9997 -0.0228 -0.0003
vn -0.3706 -0.0059 0.9288
vn -0.9902 -0.1394 -0.0021
vn -0.9992 -0.0290 -0.0257
vn -0.3785 -0.0125 -0.9255
vn -0.5022 0.0330 -0.8641
vn -0.4252 -0.9047 -0.0288
vn -0.9286 -0.3711 0.0063
vn -0.9987 -0.0358 -0.0374
vn -0.9739 -0.2269 -0.0065
vn -0.9810 -0.1940 0.0018
vn -0.9975 -0.0705 -0.0060
vn -0.0129 0.9999 -0.0005
vn 0.0035 0.9999 -0.0097
vn -0.9954 -0.0954 -0.0089
vn -0.1541 -0.9877 0.0249
vn 0.0665 -0.9977 0.0092
vn -0.9965 -0.0834 0.0094
vn -0.9274 -0.3740 -0.0073
vn -0.3784 -0.0992 0.9203
vn -0.9807 -0.1956 -0.0065
vn -0.7288 0.4095 0.5487
vn -0.3889 0.6533 -0.6496
vn -0.7897 -0.2200 0.5727
vn -0.4701 0.0610 0.8805
vn -0.0258 0.9986 0.0463
vn -0.9998 -0.0157 0.0089
vn -0.2216 0.9750 0.0148
vn -0.0730 -0.9973 -0.0110
vn -0.9999 -0.0017 -0.0102
vn -0.2934 -0.0347 -0.9553
vn -0.0831 0.9733 0.2141
vn -0.1477 -0.0827 0.9856
vn -0.3841 -0.7845 0.4868
vn 0.0172 0.1081 0.9940
vn -0.9287 -0.3705 0.0133
vn -0.0265 0.0451 0.9986
vn 0.5656 -0.8238 -0.0382
vn -0.0187 0.0257 0.9995
vn -0.9994 0.0236 -0.0267
vn -0.2620 -0.4761 0.8394
vn 0.1426 -0.7217 0.6774
vn -0.0149 -0.7380 0.6746
vn -0.1655 -0.5807 0.7971
vn -0.0470 0.0212 0.9987
vn -0.0517 0.0996 0.9937
vn -0.0185 0.5490 0.8356
vn -0.0087 0.3573 0.9340
vn -0.0018 0.3115 0.9503
vn -0.0073 0.0817 0.9966
vn -0.0698 0.3556 0.9320
vn 0.0048 -0.9999 -0.0155
vn -0.0914 0.0648 0.9937
vn -0.0818 -0.6479 0.7573
vn 0.2079 0.2387 0.9486
vn 0.3651 0.1974 0.9098
vn 0.3115 0.0223 0.9500
vn 0.3607 0.2021 0.9105
vn 0.8089 0.0575 0.5851
vn 0.3327 0.0158 0.9429
vn 0.3491 0.0369 0.9363
vn 0.9974 0.0608 0.0391
vn 0.1205 0.8614 0.4935
vn 0.2119 -0.0237 0.9770
vn 0.3393 -0.0009 0.9407
vn 0.1981 -0.7204 0.6647
vn 0.2597 -0.0035 0.9657
vn 0.1038 0.9163 0.3869
vn -0.6123 -0.2734 0.7418
vn 0.4601 0.0785 0.8844
vn -0.5907 -0.0292 0.8064
vn 0.0126 -0.9995 0.0295
vn -0.0686 -0.0068 -0.9976
vn 0.9722 -0.0101 0.2337
vn 0.0027 -0.9999 -0.0167
vn -0.9993 -0.0162 0.0323
vn -0.7692 0.0119 0.6389
vn 0.1792 0.2487 0.9518
vn 0.1475 0.0259 0.9887
vn -0.6447 0.0182 0.7642
vn -0.1430 0.0167 0.9896
vn -0.0516 0.0259 0.9983
vn -0.8817 0.0319 0.4707
vn -0.3105 0.0124 0.9505
vn -0.2097 0.0268 0.9774
vn -0.2054 0.0793 0.9755
vn -0.4215 0.6917 0.5865
vn -0.0820 0.0368 0.9960
vn 0.0039 0.5765 0.8171
vn -0.8518 0.0048 0.5239
vn 0.0140 0.0037 0.9999
vn -0.1340 0.2079 0.9689
vn 0.0128 -0.6644 0.7473
vn -0.0221 -0.6938 0.7198
vn -0.0102 -0.0320 0.9994
vn -0.9571 -0.2899 -0.0021
vn -0.7634 0.0596 0.6432
vn -0.0308 0.1281 0.9913
vn -0.0141 0.0302 0.9994
vn 0.1699 0.2566 0.9515
vn 0.8519 0.3812 0.3591
vn -0.7710 0.4878 0.4093
vn -0.0067 0.1750 0.9845
vn 0.1721 -0.7178 0.6746
vn 0.5376 0.2827 0.7944
vn -0.3123 0.0650 0.9477
vn 0.3531 0.0088 0.9356
vn 0.1599 0.0279 0.9867
vn 0.3638 0.0102 0.9314
vn -0.9113 -0.0217 0.4113
vn -0.0261 0.1454 0.9890
vn 0.0129 -0.6689 0.7433
vn 0.0183 0.2419 0.9701
vn 0.0863 -0.1170 0.9894
vn 0.2726 0.0145 0.9620
vn 0.1329 0.0149 0.9910
vn 0.1981 -0.7217 0.6632
vn -0.9629 0.1870 0.1946
vn -0.0092 -0.0291 0.9995
vn -0.2838 0.0357 0.9582
vn -0.0266 0.2772 0.9604
vn -0.0781 0.3530 -0.9324
vn -0.6603 0.1478 0.7363
vn -0.0127 -0.9998 -0.0160
vn -0.2696 -0.9213 -0.2802
vn 0.0194 -0.8142 -0.5803
vn -0.0254 -0.9331 0.3588
vn -0.1705 -0.7703 -0.6145
vn -0.6135 -0.7541 -0.2344
vn -0.3956 -0.7744 -0.4938
vn -0.1422 -0.7709 -0.6209
vn -0.3549 -0.8109 -0.4653
vn -0.3368 -0.8206 -0.4616
vn -0.1584 -0.8231 -0.5453
vn 0.4945 -0.8692 0.0047
vn -0.2485 -0.8597 -0.4462
vn -0.6490 -0.7605 -0.0204
vn 0.0506 -0.7892 -0.6121
vn 0.1268 -0.8089 -0.5742
vn 0.0683 -0.7946 -0.6033
vn 0.5842 0.7844 -0.2082
vn 0.5174 -0.8554 -0.0257
vn 0.1665 -0.5932 -0.7877
vn 0.0007 -0.3219 -0.9468
vn 0.0076 0.0022 -1.0000
vn 0.0153 0.0594 -0.9981
vn -0.5607 -0.7930 -0.2383
vn 0.5073 -0.4642 -0.7261
vn 0.6726 -0.7400 -0.0017
vn 0.8930 -0.4501 0.0036
vn -0.4324 -0.8709 -0.2337
vn 0.0268 0.8056 -0.5919
vn -0.6433 0.4243 -0.6373
vn -0.5128 -0.8531 -0.0963
vn -0.5555 -0.8315 -0.0070
vn -0.4289 -0.9027 0.0330
vn -0.4770 -0.8788 0.0145
vn -0.3114 0.2006 -0.9288
vn -0.0973 -0.9832 -0.1546
vn 0.0863 -0.6886 -0.7200
vn -0.5689 -0.8201 -0.0611
vn -0.5362 -0.8441 -0.0060
vn 0.9877 0.0178 0.1554
vn -0.5509 -0.8345 -0.0074
vn -0.6200 -0.3161 0.7180
vn -0.6243 -0.7651 0.1576
vn -0.6052 -0.7946 0.0479
vn -0.6906 -0.7228 -0.0236
vn 0.8141 -0.5797 -0.0352
vn -0.0391 -0.9974 -0.0610
vn -0.5072 -0.8594 0.0649
vn -0.5451 -0.8382 -0.0177
vn -0.5663 -0.8241 -0.0135
vn -0.3974 -0.7038 0.5888
vn -0.3830 -0.9235 -0.0200
vn 0.9941 -0.1053 0.0242
vn -0.9288 -0.3705 -0.0003
vn -0.0103 0.9993 0.0367
vn 0.0025 0.9985 0.0538
vn -0.0000 0.9817 0.1903
vn -0.0006 0.9656 0.2602
vn -0.0082 0.7122 0.7019
vn -0.0102 0.9953 0.0961
vn 0.1627 0.9827 0.0886
vn -0.0001 0.9672 0.2539
vn 0.6528 0.7517 0.0939
vn 0.9998 0.0179 -0.0043
vn 0.0164 0.8908 0.4540
vn 0.0112 -0.3872 0.9219
vn 0.0352 0.9993 -0.0094
vn 0.9628 0.2495 -0.1037
vn 0.9254 0.3789 -0.0061
vn 0.9728 0.2248 -0.0560
vn 0.8746 -0.0515 -0.4821
vn 0.0264 -0.6878 -0.7255
vn 0.0076 -0.0410 -0.9991
vn 0.5122 0.8589 -0.0032
vn 0.6964 0.7177 0.0016
vn -0.0277 0.8974 0.4402
vn 0.0124 0.8520 0.5234
vn -0.3723 0.2230 -0.9009
vn -0.4695 0.3308 0.8186
vn -0.1279 0.9572 -0.2598
vn -0.9999 0.0121 0.0002
vn 0.1925 0.9729 -0.1279
vn -0.4279 0.0435 0.9028
vn -0.9337 0.3501 -0.0751
vn -0.1016 0.9737 0.2040
vn -0.3671 0.0401 0.9293
vn 0.4898 0.5488 0.6774
vn -0.0327 0.9989 0.0333
vn -0.0797 0.9962 0.0357
vn -0.1116 0.9878 0.1085
vn 0.1080 0.9797 -0.1688
vn -0.3867 0.0511 -0.9208
vn 0.5209 -0.4558 -0.7217
vn -0.4161 -0.0370 -0.9086
vn -0.3737 -0.0171 -0.9274
vn 0.6266 -0.0186 -0.7791
vn 0.2361 0.9622 0.1358
vn -0.2278 0.2413 0.9433
vn 0.7137 -0.1111 -0.6916
vn 0.4352 0.9002 -0.0111
vn -0.3258 0.8510 0.4118
vn 0.4496 0.8932 -0.0116
vn 0.7933 0.1877 -0.5792
vn -0.1722 0.5182 -0.8377
vn -0.2710 0.1751 0.9465
vn -0.2186 -0.9003 0.3763
vn -0.2070 0.9392 0.2741
vn -0.1301 -0.8145 0.5654
vn -0.2861 -0.8280 0.4822
vn -0.1359 -0.7552 0.6412
vn 0.0334 -0.7648 0.6434
vn 0.0633 -0.7451 0.6639
vn -0.1835 0.3158 0.9309
vn 0.5390 -0.2473 0.8052
vn 0.1122 -0.7916 0.6007
vn 0.3667 -0.8841 0.2894
vn 0.0626 -0.7848 0.6165
vn 0.4581 0.2862 0.8416
vn 0.9172 -0.3979 0.0216
vn 0.5379 -0.8428 0.0199
vn 0.4902 -0.8715 -0.0111
vn 0.5495 -0.8349 -0.0323
vn 0.3765 -0.8726 -0.3112
vn 0.7913 0.6114 0.0044
vn 0.1893 -0.7429 0.6421
vn 0.0458 0.3263 0.9442
vn 0.5788 -0.8155 0.0024
vn 0.6956 0.3749 -0.6129
vn -0.1766 -0.7624 0.6226
vn -0.0018 0.4980 0.8672
vn 0.5561 -0.8299 0.0440
vn 0.8272 -0.5619 -0.0049
vn 0.6426 -0.7654 -0.0336
vn 0.0300 -0.9487 -0.3148
vn 0.6597 -0.7505 0.0387
vn -0.4011 -0.8188 0.4108
vn 0.3716 -0.8342 0.4074
vn 0.0860 -0.7000 0.7089
vn 0.3484 -0.9213 0.1728
vn -0.9120 0.4100 0.0112
vn -0.6892 0.1017 0.7174
vn -0.1740 -0.9210 0.3485
vn 0.9987 -0.0448 -0.0247
vn 0.0795 0.0156 0.9967
vn -0.9094 0.4159 0.0116
vn 0.1863 -0.9825 0.0065
vn 0.2913 -0.9566 0.0110
vn -0.9946 0.1030 -0.0108
vn 0.0815 -0.9966 0.0120
vn 0.0344 0.0820 0.9960
vn -0.1205 0.2460 0.9618
vn -0.3784 0.0759 0.9225
vn 0.0068 0.9495 -0.3138
vn -0.0308 0.0114 0.9995
vn -0.5165 -0.4422 0.7332
vn 0.1739 0.2341 0.9565
vn -0.0750 0.3716 -0.9254
vn -0.0979 0.9568 0.2739
vn -0.1441 0.0834 0.9860
vn -0.4593 0.0687 0.8856
vn 0.8548 0.3744 0.3593
vn 0.6033 0.6730 -0.4278
vn 0.9047 -0.0342 0.4246
vn -0.7616 0.6387 -0.1098
vn 0.0078 -0.0126 0.9999
vn 0.8112 0.0285 0.5841
vn 0.9882 -0.0290 -0.1503
vn -0.8588 0.0263 -0.5117
vn -0.0494 -0.0069 -0.9988
vn -0.1356 -0.9349 -0.3280
vn -0.1282 -0.0184 -0.9916
vn -0.1300 -0.9915 -0.0056
vn 0.0547 -0.0323 -0.9980
vn 0.8198 0.5553 -0.1402
vn 1.0000 -0.0054 -0.0006
vn 0.3372 -0.2459 -0.9087
vn 1.0000 0.0036 0.0019
vn 0.9999 -0.0119 -0.0004
vn 0.7986 0.6019 0.0023
vn 0.9599 -0.0550 -0.2749
vn 0.9574 0.0080 0.2887
vn 0.2846 0.9566 0.0629
vn 0.9987 -0.0377 -0.0331
vn -0.0476 0.9989 -0.0032
vn 1.0000 -0.0050 0.0003
vn 0.4194 -0.5124 -0.7494
vn -0.9442 -0.1119 -0.3098
vn -0.9954 -0.0220 0.0929
vn 0.0294 -0.0802 0.9963
vn 0.9995 -0.0141 -0.0291
vn 0.8718 0.4896 -0.0170
vn 0.9993 0.0225 -0.0283
vn 0.9795 0.1921 -0.0608
vn 0.9401 -0.0095 -0.3409
vn 0.4799 0.8773 -0.0069
vn 0.7525 0.6571 0.0448
vn 0.7807 -0.0277 -0.6243
vn 0.8771 -0.0056 0.4803
vn 0.0320 0.3873 0.9214
vn 0.9951 -0.0024 0.0991
vn 0.3528 0.2214 -0.9091
vn 0.9991 0.0314 0.0274
vn 0.9591 0.2832 -0.0038
vn 0.8033 0.0669 0.5919
vn -0.0096 -1.0000 0.0007
vn 0.0023 -1.0000 -0.0003
vn -0.9774 -0.2108 0.0149
vn -0.7875 -0.5860 0.1909
vn -0.4776 -0.8636 -0.1615
vn -0.0096 -0.0353 -0.9993
vn -0.6885 -0.0545 0.7232
vn 0.8181 -0.5732 -0.0465
vn 0.6550 -0.7552 -0.0267
vn 0.6190 -0.7848 0.0314
vn -0.9602 -0.2600 -0.1018
vn 0.1615 0.8350 0.5260
vn 0.3465 -0.0002 0.9380
vn 0.9912 0.0069 0.1326
vn 0.2035 0.7715 0.6029
vn 0.1635 0.8323 0.5297
vn -0.2397 -0.9705 0.0267
vn -0.9999 -0.0117 -0.0026
vn -0.9972 -0.0745 0.0002
vn -0.9970 -0.0774 0.0057
vn 0.0131 -0.0354 -0.9993
vn 0.5614 0.0007 -0.8276
vn -0.1499 0.0778 -0.9856
vn 0.2526 0.6314 -0.7332
vn -0.8567 -0.0807 -0.5094
vn -0.3722 -0.9151 -0.1549
vn -0.9314 -0.3578 -0.0666
vn 0.4594 0.7018 -0.5444
vn 0.6042 -0.5123 0.6103
vn 0.9952 0.0921 0.0321
vn 0.8689 -0.1763 0.4624
vn 0.1028 0.9809 0.1654
vn -0.3203 0.8353 0.4468
vn 0.9325 0.3115 -0.1828
vn 0.2446 0.1023 -0.9642
vn -0.2393 -0.0822 0.9675
vn -0.0347 0.9975 0.0617
vn 0.2551 0.8734 0.4149
vn -0.6036 0.5744 -0.5529
vn -0.3191 0.0770 0.9446
vn 0.1392 0.0442 0.9893
vn -0.7861 -0.3118 -0.5337
vn -0.1946 0.0388 -0.9801
vn -0.7469 -0.5229 -0.4108
vn -0.3797 -0.4196 0.8245
vn 0.4823 -0.5754 0.6606
vn -0.9688 0.2465 -0.0269
vn -0.0316 -0.9995 0.0005
vn 0.0100 0.9999 -0.0059
vn -0.2315 0.0895 -0.9687
vn -0.3344 -0.8329 0.4409
vn -0.1944 -0.8981 0.3944
vn -0.1450 -0.8842 -0.4441
vn -0.3930 0.0221 -0.9193
vn 0.1173 -0.9687 -0.2189
vn 0.9585 0.0185 -0.2846
vn -0.5810 0.3178 0.7493
vn -0.0301 -0.0139 0.9995
vn -0.0448 -0.0125 0.9989
vn -0.9503 -0.3083 0.0429
vn 0.2294 0.8398 0.4921
vn 0.2218 0.8353 0.5031
vn 0.9652 0.2214 0.1391
vn 0.5546 0.8291 0.0705
vn 0.8905 0.4375 -0.1248
vn 0.9576 0.0851 -0.2752
vn -0.9836 -0.1790 -0.0196
vn -0.0281 -0.9996 -0.0021
vn 0.8596 0.4004 -0.3174
vn -0.9841 0.1718 -0.0455
vn 0.5715 0.0381 -0.8197
vn -0.2485 -0.0065 0.9686
vn -0.2535 -0.1051 0.9616
vn 0.0190 0.9997 -0.0145
vn -0.9638 -0.0165 -0.2662
vn -0.5374 0.6304 0.5602
vn -0.8705 -0.4914 -0.0281
vn 0.9100 0.4125 0.0418
vn -0.9163 -0.0350 -0.3989
vn 0.9398 -0.3372 0.0546
vn 0.9802 -0.0105 0.1978
vn 0.7805 -0.5535 0.2907
vn -0.2075 -0.8327 -0.5133
vn -0.9043 -0.0075 0.4268
vn 0.0221 -0.9995 -0.0211
vn -0.3466 -0.0263 -0.9377
vn 0.0355 -0.9992 0.0191
vn -0.9278 -0.3727 0.0177
vn 0.5896 0.2142 -0.7788
vn 0.2813 0.8474 0.4502
vn 0.9812 0.0394 0.1890
vn -0.7267 0.6866 -0.0226
vn -0.9312 -0.3624 0.0386
vn 0.0728 0.9940 -0.0816
vn -0.9175 0.3978 0.0023
vn 0.9736 -0.2190 0.0636
vn 0.8735 -0.4402 -0.2079
vn 0.2024 0.7913 -0.5769
vn -0.9981 0.0582 -0.0225
vn 0.0255 0.9996 0.0143
vn -0.0635 -0.8511 -0.5212
vn -0.9911 -0.1334 -0.0024
vn 0.2688 0.9629 0.0251
vn 0.0173 0.9996 0.0215
vn 0.0381 0.9980 0.0505
vn -0.9981 0.0616 -0.0080
vn -0.6296 -0.5454 -0.5533
vn 0.5749 0.0109 0.8181
vn 0.3838 0.0676 -0.9209
vn -0.1402 0.0884 -0.9862
vn 0.3790 -0.0107 -0.9253
vn -0.0377 0.0338 -0.9987
vn -0.7912 -0.4724 -0.3883
vn 0.9462 0.3176 0.0624
vn -0.5668 0.6994 -0.4354
vn -0.6028 -0.0827 -0.7936
vn -0.2608 0.1763 -0.9492
vn -0.0990 0.9095 0.4038
vn -0.0188 0.9976 -0.0672
vn 0.2787 0.7161 -0.6400
vn -0.8602 -0.1488 -0.4878
vn -0.1642 0.0475 -0.9853
vn -0.9006 -0.1842 0.3937
vn 0.3512 0.7882 -0.5053
vn 0.0082 -0.9957 0.0925
vn 0.0351 -0.9906 0.1320
vn -0.3236 -0.2268 0.9186
vn -0.1052 -0.0320 0.9939
vn -0.0310 0.9960 -0.0841
vn 0.1860 0.8101 -0.5560
vn 0.0026 0.0368 -0.9993
vn 0.0027 0.0359 -0.9994
vn -0.0079 -1.0000 -0.0059
vn 0.1592 -0.0213 -0.9870
vn 0.9683 -0.0237 -0.2487
vn 0.6410 0.0088 0.7675
vn 0.2213 0.0428 -0.9743
vn -0.0123 -0.9999 0.0028
vn -0.6114 0.3308 -0.7188
vn 0.8930 -0.1100 0.4365
vn 0.1145 0.9353 -0.3349
vn 0.0492 -0.9973 0.0540
vn -0.2124 -0.6957 0.6862
vn 0.1274 -0.9913 -0.0337
vn 0.8732 0.2091 0.4402
vn -0.6918 -0.2696 0.6698
vn -0.2094 0.8603 0.4647
vn 0.6411 -0.3181 0.6985
vn 0.2341 0.6602 0.7137
vn 0.2352 0.6580 0.7154
vn -0.6645 -0.1579 0.7304
vn -0.9817 -0.1036 0.1600
vn 0.9413 -0.0064 0.3374
vn -0.5321 0.1603 0.8314
vn -0.9997 0.0066 -0.0239
vn 0.6060 0.2160 -0.7656
vn 0.2738 -0.8307 -0.4847
vn -0.0533 0.1504 -0.9872
vn 0.1019 -0.9940 -0.0399
vn -0.3731 -0.6948 -0.6149
vn -0.0879 0.1229 -0.9885
vn -0.0636 -0.0833 -0.9945
vn 0.2272 -0.9499 -0.2147
vn -0.0210 0.0523 -0.9984
vn 0.0242 0.9997 -0.0085
vn -0.3585 0.6995 0.6181
vn 0.0551 0.9984 -0.0081
vn 0.9042 0.0115 0.4269
vn -0.0092 0.0712 -0.9974
vn -0.0902 -0.0818 0.9926
vn -0.0863 -0.0094 0.9962
vn 0.8938 0.4483 -0.0107
vn -0.0024 0.0278 -0.9996
vn 0.9265 0.1672 0.3371
vn -0.9248 0.0322 0.3790
vn -0.0860 -0.0486 0.9951
vn 0.9148 0.4005 -0.0529
vn -0.8083 -0.3052 0.5035
vn 0.9840 0.1569 -0.0845
vn 0.0092 0.0854 0.9963
vn 0.0539 0.0533 0.9971
vn -0.0779 -0.1913 -0.9784
vn 0.9492 0.3115 0.0453
vn 0.7765 0.6214 -0.1042
vn 0.2045 0.9787 0.0198
vn -0.4656 -0.8360 -0.2902
vn -0.0565 0.7878 0.6133
vn 0.0273 0.0299 0.9992
vn -0.0267 0.6235 0.7814
vn 0.0195 0.9744 0.2241
vn 0.0020 0.0251 0.9997
vn -0.3478 -0.2507 0.9034
vn 0.0405 0.0010 0.9992
vn -0.0075 -0.0002 1.0000
vn 0.7685 0.0152 0.6397
vn -0.0760 0.1714 0.9823
vn 0.5172 -0.0067 0.8559
vn 0.9823 -0.0059 -0.1874
vn -0.0587 -0.0015 -0.9983
vn 0.5824 0.7811 -0.2253
vn -0.9279 -0.1595 -0.3371
vn 0.9367 0.0908 0.3382
vn 0.3085 -0.4252 0.8509
vn 0.9914 0.0865 -0.0982
vn -0.9898 -0.0237 0.1402
vn 0.9231 0.0118 0.3845
vn 0.1929 0.0966 0.9764
vn -0.1994 -0.9781 0.0593
vn 0.9122 0.0459 0.4071
vn 0.7070 0.5761 0.4101
vn 0.9883 -0.1336 -0.0734
vn 0.1422 0.0749 0.9870
vn 0.0008 -1.0000 0.0024
vn -0.1656 -0.0832 -0.9827
vn -0.0522 0.9985 0.0185
vn -0.9991 0.0407 0.0144
vn -0.7996 -0.5676 -0.1963
vn -0.4501 -0.0446 -0.8919
vn 0.1392 -0.9296 0.3412
vn 0.5598 -0.6469 0.5179
vn 0.9985 0.0310 -0.0457
vn -0.3999 -0.6268 -0.6687
vn 0.1788 0.6333 -0.7530
vn -0.3608 0.0957 0.9277
vn -0.0144 0.9968 0.0786
vn 0.9105 0.0399 0.4116
vn -0.8389 0.0581 0.5411
vn -0.4319 -0.0181 -0.9017
vn -0.9581 -0.0101 0.2863
vn 0.7143 -0.0633 -0.6969
vn -0.2882 0.9533 0.0898
vn 0.2307 -0.9717 -0.0516
vn -0.9878 -0.1393 -0.0700
vn 0.8529 -0.2582 -0.4537
vn 0.1647 -0.9122 0.3752
vn 0.2437 -0.8746 -0.4191
vn 0.9557 -0.0864 -0.2813
vn 0.2221 -0.0350 -0.9744
vn 0.0417 0.1112 0.9929
vn 0.0035 0.9982 -0.0607
vn 0.0695 0.2111 0.9750
vn -0.0039 0.5013 0.8653
vn 0.0070 -0.0153 0.9999
vn 0.9107 0.0407 0.4110
vn -0.6870 0.2448 0.6842
vn -0.3749 0.8906 0.2574
vn -0.1500 0.8729 0.4643
vn -0.0211 0.9987 0.0462
vn -0.0116 0.9996 0.0274
vn -0.5355 -0.1908 0.8227
vn -0.1421 0.7394 0.6582
vn -0.3048 -0.2636 0.9152
vn 0.7007 -0.6366 -0.3221
vn -0.3694 0.1550 -0.9162
vn 0.1030 -0.6572 -0.7466
vn -0.0249 -0.9990 -0.0359
vn -0.7086 0.0021 0.7056
vn -0.3172 0.2497 0.9149
vn -0.5914 -0.0113 0.8063
vn 0.0139 0.9983 0.0572
vn -0.0508 0.9962 0.0706
vn 0.5832 0.1729 0.7937
vn 0.2245 -0.9470 0.2299
vn 0.0222 0.9980 0.0599
vn 0.0133 0.0058 0.9999
vn 0.0452 0.9980 -0.0436
vn -0.7181 0.5788 0.3864
vn -0.4701 0.7281 -0.4989
vn 0.0080 -0.0671 -0.9977
vn 0.0687 0.9893 -0.1284
vn 0.2678 0.9629 -0.0331
vn -0.9518 -0.1166 0.2836
vn 0.0144 -0.0362 -0.9992
vn -0.9902 0.1130 -0.0819
vn 0.0184 0.1691 -0.9854
vn -0.9809 0.1641 -0.1041
vn -0.2003 0.4563 -0.8670
vn -0.0239 -0.0017 -0.9997
vn -0.0189 -0.6958 -0.7180
vn 0.0257 -0.9994 0.0214
vn -0.9797 -0.1995 0.0211
vn -0.0208 -0.7003 -0.7135
vn 0.0315 -0.9500 -0.3107
vn 0.1430 -0.1579 -0.9770
vn -0.1256 0.7812 0.6115
vn 0.0042 -0.0088 -1.0000
vn -0.0115 0.0029 -0.9999
vn -0.7388 0.6702 0.0713
vn 0.0127 -0.9997 -0.0227
vn -0.0010 -0.9925 -0.1223
vn 0.1332 -0.8493 0.5108
vn 0.5038 -0.8546 0.1261
vn 0.3691 -0.9117 0.1804
vn 0.8574 -0.3092 -0.4114
vn -0.6865 0.7104 0.1552
vn 0.6625 -0.5257 -0.5336
vn 0.3540 -0.8941 0.2744
vn 0.1200 -0.0630 -0.9908
vn -0.4721 0.8224 -0.3176
vn 0.0375 0.9954 -0.0879
vn -0.0012 -0.0435 -0.9991
vn 0.0014 0.9978 -0.0663
vn -0.6493 0.7293 -0.2158
vn -0.6086 -0.1295 -0.7828
vn 0.1147 0.0699 0.9909
vn -0.9869 0.0760 -0.1423
vn -0.8569 0.1801 -0.4829
vn -0.4765 0.7819 -0.4020
vn 0.8421 -0.1030 -0.5294
vn 0.1774 -0.2554 -0.9504
vn -0.9928 -0.0525 -0.1079
vn -0.0307 -0.0490 -0.9983
vn -0.1309 -0.1472 -0.9804
vn -0.0446 0.6233 -0.7807
vn -0.8171 -0.0194 -0.5762
vn 0.0130 -0.8556 -0.5174
vn 0.7775 0.3164 0.5435
vn 0.0006 -0.0877 0.9961
vn -0.8234 -0.2708 0.4988
vn 0.4662 -0.5579 0.6866
vn -0.0061 -0.8710 -0.4912
vn -0.1368 -0.5789 -0.8039
vn -0.3741 -0.8420 -0.3886
vn 0.0810 -0.2005 -0.9763
vn 0.9213 0.0254 0.3879
vn 0.0003 -0.9979 -0.0642
vn -0.1477 0.8117 -0.5651
vn 0.6579 0.5344 -0.5306
vn 0.0978 -0.9935 0.0588
vn 0.7395 0.2649 0.6188
vn 0.9345 -0.3558 0.0109
vn 0.0140 -0.0162 0.9998
vn 0.0203 -0.0094 0.9997
vn 0.7778 -0.0180 -0.6283
vn -0.9941 -0.0363 -0.1019
vn 0.8209 -0.0078 -0.5710
vn -0.9906 -0.0824 -0.1090
vn -0.6977 0.3588 -0.6201
vn -0.9721 -0.0099 -0.2344
vn -0.0031 -0.0002 -1.0000
vn -0.0553 0.0302 -0.9980
vn -0.7335 0.2217 -0.6425
vn -0.8023 -0.0011 -0.5970
vn -0.0500 -0.0321 0.9982
vn -0.1141 -0.0613 0.9916
vn -0.9949 0.0709 -0.0725
vn -0.5838 -0.4891 -0.6481
vn 0.0291 -0.2215 0.9747
vn 0.5064 0.2087 -0.8367
vn 0.0055 -0.0018 1.0000
vn -0.0066 -0.9997 0.0247
vn 0.6196 -0.7710 -0.1472
vn 0.9941 -0.1078 0.0079
vn -0.0466 0.9270 0.3722
vn 0.0188 -0.0000 0.9998
vn 0.8807 0.4719 0.0416
vn -0.5570 -0.2143 -0.8024
vn 0.4117 0.2033 0.8883
vn 0.0712 -0.9260 -0.3706
vn 0.1195 0.0338 -0.9923
vn 0.0686 -0.3812 0.9220
vn 0.5490 -0.0887 -0.8311
vn -0.0896 -0.9426 0.3216
vn -0.0390 0.0071 -0.9992
vn 0.9954 -0.0075 0.0954
vn 0.0128 -0.9999 -0.0089
vn 0.4767 -0.0010 -0.8791
vn -0.0790 -0.9505 0.3007
vn 0.9973 -0.0007 0.0733
vn -0.0020 -0.0023 -1.0000
vn 0.0135 -0.0072 -0.9999
vn 0.0710 0.9040 -0.4215
vn -0.8802 -0.0051 -0.4746
vn -0.4262 -0.7896 0.4414
vn -0.2980 -0.1899 -0.9355
vn -0.8260 -0.0127 -0.5636
vn -0.2689 -0.9562 0.1153
vn -0.5526 -0.7597 0.3428
vn -0.8233 0.5673 0.0172
vn 0.0162 0.9999 0.0042
vn -0.9589 0.2823 0.0272
vn 0.1506 -0.9881 0.0315
vn -0.9522 0.3040 0.0304
vn 0.0889 0.9960 -0.0006
vn 0.0039 1.0000 0.0085
vn 0.0425 0.0260 -0.9988
vn 0.0650 0.9954 -0.0697
vn 0.2867 0.9578 -0.0210
vn 0.9967 0.0770 -0.0261
vn 0.8573 0.5146 0.0131
vn 0.5625 -0.8267 -0.0122
vn 0.0308 0.9995 0.0048
vn -0.9130 0.4053 -0.0460
vn 0.0939 0.9946 0.0447
vn 0.2314 0.6887 -0.6871
vn 0.0248 0.4228 0.9059
vn 0.0077 0.0403 0.9992
vn 0.1869 -0.3983 0.8980
vn 0.1028 -0.9893 -0.1039
vn 0.9981 0.0498 -0.0350
vn -0.9999 -0.0071 0.0122
vn -0.9944 0.0168 -0.1043
vn -0.1418 0.0090 0.9899
vn -0.8062 -0.0107 0.5916
vn -1.0000 0.0069 0.0027
vn -0.1735 0.9844 -0.0274
vn -0.9999 0.0120 0.0010
vn -0.0814 0.9967 -0.0014
vn -0.1587 0.0359 0.9867
vn 0.0077 -0.9998 -0.0166
vn -0.7537 0.1530 0.6391
vn -0.1564 0.0480 0.9865
vn 0.0616 -0.0388 0.9973
vn 0.1078 -0.0219 0.9939
vn 0.0829 0.9831 0.1630
vn 0.3259 0.9454 -0.0089
vn 0.8732 0.4840 -0.0568
vn -0.0457 0.0148 0.9988
vn 0.0179 0.9990 0.0415
vn -0.0600 0.0192 0.9980
vn -0.0221 0.9983 0.0539
vn -0.9203 0.3887 -0.0450
vn -0.9503 0.2620 0.1681
vn -0.2816 0.9595 0.0024
vn 0.9991 -0.0396 -0.0157
vn 0.9997 -0.0205 -0.0135
vn 0.2747 0.9542 -0.1183
vn 0.5648 0.8252 -0.0094
vn 0.3757 0.9267 -0.0001
vn 0.1871 0.9815 -0.0405
vn 1.0000 -0.0038 -0.0034
vn -0.1155 0.3235 0.9391
vn -0.9711 0.2060 -0.1206
vn -0.3792 0.1009 0.9198
vn -0.8340 0.5499 0.0460
vn -0.3089 -0.9491 0.0613
vn -0.9993 -0.0170 0.0320
vn -0.0260 -0.9996 0.0070
vn 0.0055 0.9996 -0.0287
vn 0.9997 0.0241 -0.0058
vn 0.2773 0.9604 0.0253
vn 0.0869 0.9960 0.0208
vn 0.2142 -0.9731 0.0846
vn -0.7151 -0.0231 -0.6986
vn -0.7512 -0.0153 -0.6600
vn -0.9927 0.0850 -0.0859
vn -0.9990 -0.0058 -0.0434
vn -0.9984 -0.0569 0.0044
vn -0.9848 0.1731 -0.0138
vn 0.3894 0.9208 0.0219
vn 0.4080 0.9129 0.0066
vn 0.9703 0.0249 -0.2407
vn 0.9948 -0.0889 0.0501
vn 0.7107 -0.0464 0.7020
vn 0.8630 0.3867 -0.3252
vn 0.9950 -0.0921 0.0394
vn 0.6708 -0.0211 0.7413
vn 0.3960 0.9182 -0.0027
vn -0.0394 -0.7229 0.6898
vn -0.2525 -0.1123 0.9611
vn -0.0334 0.9994 -0.0003
vn -0.3332 -0.9428 0.0017
vn -0.9497 -0.3132 -0.0048
vn 0.9969 -0.0443 0.0644
vn -0.0836 0.4684 0.8796
vn 0.9981 0.0559 -0.0260
vn 0.7182 0.0122 -0.6957
vn 0.0082 -0.0198 -0.9998
vn -0.9973 -0.0678 -0.0265
vn -0.9501 -0.3113 0.0185
vn -1.0000 -0.0034 -0.0003
vn -0.8064 -0.0475 -0.5894
vn -0.9999 -0.0143 0.0021
vn -0.7471 -0.6633 0.0446
vn 0.8787 0.1984 0.4341
vn 0.5838 0.3661 0.7246
vn 0.7175 0.4658 0.5179
vn 0.9638 0.0090 -0.2666
vn 0.9261 0.0304 0.3761
vn -0.1830 0.4471 -0.8756
vn -0.9982 -0.0370 -0.0468
vn -0.9515 -0.1828 -0.2475
vn -0.3419 -0.0128 -0.9396
vn 0.4104 -0.0018 -0.9119
vn 0.5055 0.0017 -0.8628
vn 0.0240 -0.9834 -0.1799
vn 0.9903 0.1389 -0.0079
vn 0.9991 0.0261 -0.0323
vn 0.8344 -0.5258 -0.1651
vn 0.9126 -0.2583 0.3168
vn 0.9984 0.0561 -0.0065
vn 0.2536 0.8256 -0.5040
vn 0.3431 0.6542 -0.6740
vn 0.5722 0.8201 0.0029
vn 0.0463 -0.9988 0.0151
vn 0.0421 -0.9990 0.0137
vn 0.9603 0.0153 -0.2787
vn -0.3160 -0.9483 0.0303
vn 0.0556 0.9916 -0.1167
vn -0.1132 -0.9935 -0.0073
vn -0.8574 -0.4525 0.2450
vn -0.5360 -0.3828 -0.7524
vn -0.9358 0.0088 -0.3524
vn -0.9853 -0.1687 0.0257
vn -0.9951 -0.0977 -0.0134
vn -0.1020 0.0073 -0.9948
vn 0.5296 -0.6220 -0.5767
vn -0.0560 0.0410 -0.9976
vn -0.8398 0.0607 0.5395
vn -0.6771 -0.1138 -0.7271
vn 0.1781 -0.9816 -0.0689
vn 0.6647 -0.2454 -0.7057
vn -0.5958 -0.0385 -0.8022
vn -0.4244 0.3405 0.8390
vn 0.9517 0.3070 -0.0010
vn 0.6177 0.7821 0.0821
vn -0.4089 0.3436 0.8454
vn -0.0254 -0.9996 0.0147
vn 0.9659 0.2581 -0.0179
vn 0.0270 0.9990 0.0368
vn 0.8245 0.5650 0.0324
vn 0.0056 -1.0000 0.0062
vn 0.5426 0.0383 0.8391
vn -0.9960 -0.0897 -0.0043
vn -0.9974 -0.0702 0.0156
vn 0.9910 0.1182 -0.0624
vn -0.6532 0.4191 0.6307
vn -0.2559 0.8627 0.4363
vn 0.6496 -0.0000 0.7603
vn 0.3852 0.9227 0.0161
vn 0.9946 0.0830 -0.0617
vn 0.5495 0.8249 -0.1324
vn -0.9999 0.0072 0.0073
vn -0.9993 0.0124 0.0351
vn 0.9781 -0.2006 -0.0548
vn 0.9555 0.2547 -0.1491
vn 0.1212 0.7613 -0.6370
vn 0.9119 -0.4004 -0.0903
vn 0.9825 0.1519 -0.1075
vn -0.9970 -0.0346 -0.0697
vn 0.1714 0.0501 0.9839
vn -0.3762 -0.0369 0.9258
vn -0.4272 0.1560 -0.8906
vn -0.5355 0.1089 -0.8375
vn -0.9458 -0.3180 -0.0662
vn 0.0164 0.9998 -0.0089
vn -0.3747 0.0599 -0.9252
vn -0.9997 -0.0225 0.0137
vn 0.1303 -0.9915 -0.0038
vn -0.0979 -0.9951 -0.0148
vn -0.4824 0.2678 -0.8340
vn -0.9792 -0.2028 0.0007
vn 0.5942 0.8043 -0.0013
vn -0.5934 0.8049 -0.0068
vn -0.5557 0.8314 -0.0042
vn -0.0574 0.9983 -0.0079
vn -0.9907 0.1356 0.0050
vn -0.7506 0.6422 0.1555
vn -0.1192 -0.9927 -0.0159
vn -0.6801 0.5876 -0.4384
vn -0.7059 -0.0297 -0.7077
vn -0.6779 0.5896 -0.4391
vn 0.5550 0.0081 -0.8318
vn -0.0143 0.9522 -0.3052
vn -0.2157 0.8990 0.3811
vn 0.3717 0.5973 0.7107
vn -0.1989 0.9398 0.2780
vn -0.2786 -0.8544 -0.4385
vn -0.6570 0.4458 -0.6079
vn 0.0505 -0.9979 0.0403
vn -0.0485 -0.9981 -0.0367
vn -0.8849 -0.0818 0.4585
vn -0.1451 0.1044 -0.9839
vn -0.2768 -0.5313 -0.8007
vn -0.7992 -0.4454 -0.4037
vn -0.1644 0.9820 0.0934
vn 0.3963 0.3373 0.8539
vn -0.0090 -0.9944 0.1049
vn -0.3909 -0.0320 0.9199
vn -0.1203 -0.1172 0.9858
vn -0.9524 0.1114 -0.2837
vn 0.9420 0.0004 -0.3357
vn 0.6973 -0.0230 0.7164
vn -0.9669 0.1071 -0.2316
vn -0.9093 0.4097 -0.0731
vn 0.3552 -0.3979 0.8459
vn -0.2315 0.0068 0.9728
vn 0.9955 -0.0433 0.0847
vn 0.9005 -0.1732 0.3989
vn -0.4906 -0.8298 -0.2659
vn -0.9092 0.4082 -0.0819
vn -0.4219 0.1617 -0.8921
vn 0.9948 -0.0793 -0.0642
vn -0.0091 0.9979 -0.0634
vn -0.0015 -1.0000 -0.0060
vn -0.0277 -0.9994 -0.0192
vn 0.2417 0.2977 0.9235
vn 0.4597 0.2611 0.8488
vn 0.5665 0.3354 0.7527
vn -0.7748 -0.3617 0.5185
vn 0.9034 0.0002 0.4287
vn -0.2209 0.8885 -0.4022
vn -0.0019 -0.9982 -0.0599
vn -0.2083 0.0595 -0.9762
vn -0.4000 0.0763 -0.9133
vn -0.0249 -0.9994 -0.0242
vn -0.0003 0.9998 -0.0173
vn 0.7428 -0.0008 -0.6696
vn -0.0003 0.9998 -0.0222
vn -0.0110 0.0256 -0.9996
vn -0.0143 -0.9991 -0.0396
vn -0.0000 -0.2205 0.9754
vn -0.1243 -0.8099 0.5733
vn 0.1416 -0.2883 0.9470
vn -0.0029 -0.2188 0.9758
vn -0.0819 -0.9601 0.2674
vn 0.3182 -0.9116 -0.2604
vn 0.0010 -1.0000 -0.0022
vn 0.3264 0.1525 -0.9329
vn 0.0987 0.9695 -0.2242
vn 0.1496 0.6606 -0.7357
vn -0.0747 0.5058 0.8594
vn -0.0420 0.5462 -0.8366
vn -0.0269 -0.1140 -0.9931
vn 0.0941 0.1886 -0.9775
vn 0.5315 0.0037 -0.8471
vn 0.0042 -0.9968 -0.0794
vn -0.1117 -0.8711 0.4783
vn 0.1895 -0.3500 0.9174
vn -0.8690 0.1279 0.4779
vn 0.9880 0.1479 -0.0455
vn -0.6584 0.0781 0.7486
vn 0.9690 0.2330 0.0825
vn -0.0214 0.9990 0.0385
vn 0.0143 0.1510 0.9884
vn 0.0052 0.9996 -0.0287
vn -0.7497 -0.2144 0.6261
vn 0.1548 -0.0025 -0.9879
vn -0.8465 0.0870 -0.5252
vn 0.3299 0.1859 -0.9255
vn -0.6470 -0.3188 -0.6926
vn 0.0321 0.9942 -0.1025
vn 0.8726 -0.0721 -0.4831
vn 0.3255 0.5353 -0.7795
vn 0.8319 0.5497 -0.0759
vn 0.9902 0.1385 -0.0195
vn 0.9406 0.1208 0.3174
vn -0.0468 -0.0069 0.9989
vn -0.9531 0.1868 0.2381
vn 0.0515 -0.0062 0.9987
vn 0.3326 -0.2617 0.9060
vn -0.0103 -0.0213 0.9997
vn -0.4146 -0.0121 -0.9099
vn 0.8046 -0.1765 -0.5669
vn -0.0009 -0.0267 0.9996
vn 0.0969 -0.9920 0.0811
vn -0.3936 0.9082 0.1426
vn -0.0180 -0.9989 0.0436
vn -0.1236 0.9879 0.0941
vn 0.5159 0.8540 -0.0670
vn -0.6276 -0.7289 0.2735
vn 0.1283 -0.6630 -0.7376
vn 0.0077 0.6644 -0.7474
vn -0.0080 0.6566 -0.7542
vn -0.9204 -0.1026 -0.3772
vn 0.0111 -0.0029 -0.9999
vn 0.0178 0.0077 -0.9998
vn -0.9387 0.3225 -0.1221
vn -0.0139 0.1122 -0.9936
vn -0.0070 -0.0062 1.0000
vn -0.0359 0.1381 -0.9898
vn -0.1769 0.5096 -0.8421
vn -0.0241 0.0482 -0.9985
vn -0.0216 -0.7663 -0.6422
vn -0.0009 -0.8317 -0.5552
vn 0.1237 -0.7717 -0.6238
vn 0.0019 -0.9973 -0.0731
vn 0.1559 -0.9166 0.3681
vn 0.3498 0.3509 -0.8686
vn 0.0162 -0.4844 -0.8747
vn 0.9972 0.0139 -0.0732
vn 0.9985 0.0489 -0.0249
vn 0.0260 0.9787 0.2038
vn -0.0059 0.6207 0.7841
vn -0.0145 0.0197 -0.9997
vn -0.9574 0.2886 0.0080
vn -0.0052 0.0145 -0.9999
vn 0.1010 0.9864 0.1297
vn 0.0764 0.1112 -0.9909
vn -0.0119 0.3442 -0.9388
vn -0.0725 -0.0648 0.9953
vn 0.9696 -0.0036 0.2446
vn -0.7145 -0.0585 0.6972
vn 0.9950 -0.0092 0.0993
vn -0.9555 -0.0956 0.2792
vn 0.0222 -0.8798 0.4749
vn -0.8311 0.0158 0.5558
vn 0.0216 -0.8764 0.4812
vn -0.5040 0.4538 0.7348
vn 0.0441 0.0142 -0.9989
vn -0.7921 -0.0383 -0.6092
vn 0.0594 0.2268 -0.9721
vn -0.8720 -0.3747 -0.3148
vn 0.0194 -0.9711 0.2378
vn 0.3294 -0.6831 0.6518
vn -0.0083 -1.0000 0.0001
vn -0.0167 -0.1412 -0.9898
vn -0.4003 -0.9020 -0.1615
vn -0.9142 -0.1502 -0.3763
vn 0.0157 -0.0020 0.9999
vn -0.9788 -0.1614 0.1258
vn 0.5102 -0.1497 -0.8469
vn 0.1303 -0.8870 -0.4430
vn -0.0376 0.9984 -0.0429
vn 0.1176 -0.9351 -0.3343
vn -0.0885 -0.9960 -0.0098
vn 0.6768 -0.5357 -0.5050
vn -0.7886 0.5644 -0.2442
vn -0.7802 0.4636 0.4199
vn 0.9486 -0.1193 0.2932
vn -0.8155 0.5262 -0.2410
vn 0.0035 0.9961 0.0884
vn -0.5644 -0.2091 -0.7986
vn -0.5992 -0.5612 0.5710
vn -0.0351 0.2482 -0.9681
vn 0.9666 -0.1724 0.1897
vn 0.0153 -0.9998 -0.0111
vn 0.1463 0.8659 -0.4783
vn 0.0196 0.9283 -0.3714
vn -0.0432 0.9989 0.0201
vn -0.0057 0.7698 -0.6382
vn -0.9003 -0.0162 -0.4349
vn 0.0398 0.0159 -0.9991
vn -0.0342 -0.9971 0.0683
vn 0.8564 0.0857 0.5092
vn -0.1313 0.8750 0.4659
vn 0.8190 0.5735 -0.0191
vn 0.2531 -0.9670 -0.0303
vn -0.0221 -0.9954 0.0928
vn -0.0256 0.0654 -0.9975
vn -0.8919 0.4510 -0.0348
vn 0.0669 0.9977 0.0085
vn 0.9997 -0.0233 -0.0068
vn 0.9994 -0.0327 -0.0113
vn 0.0056 1.0000 0.0075
vn 0.0361 -0.0573 -0.9977
vn 0.0871 -0.0447 -0.9952
vn -0.0039 -0.9903 -0.1388
vn 0.4542 0.7404 -0.4956
vn -0.4201 0.7873 0.4514
vn -0.9961 -0.0211 0.0857
vn -0.5902 -0.0181 0.8071
vn -0.3537 0.5311 0.7700
vn 0.5153 0.7311 -0.4471
vn 0.2684 -0.8708 0.4119
vn 0.0166 -0.9133 -0.4069
vn -0.9991 -0.0176 -0.0384
vn -0.0743 -0.3661 -0.9276
vn -0.4767 -0.8667 0.1469
vn -0.8105 0.5852 0.0234
vn 0.6935 -0.7183 0.0553
vn 0.8706 -0.1973 0.4506
vn -0.1804 0.0270 0.9832
vn -0.0316 -0.9867 0.1594
vn -0.1877 -0.9808 0.0528
vn -0.1854 0.0554 0.9811
vn -0.5750 0.8181 0.0067
vn -0.1053 0.8292 0.5489
vn -0.0451 0.9126 -0.4063
vn 0.0545 0.0233 -0.9982
vn 0.5500 -0.3262 -0.7688
vn 0.8940 0.4440 -0.0598
vn 0.8575 -0.5145 -0.0036
vn 0.8161 0.5776 0.0198
vn 0.4830 -0.8752 0.0278
vn 0.9932 0.0947 0.0673
vn -0.9707 0.1285 -0.2028
vn -0.9097 -0.4139 0.0327
vn 0.0689 -0.9975 0.0134
vn 0.8809 0.4654 -0.0865
vn 0.7153 -0.5790 -0.3913
vn 0.4574 0.2333 0.8581
vn 0.5141 -0.8500 0.1152
vn 0.9037 0.4282 0.0011
vn -0.8236 0.4943 0.2781
vn -0.0922 0.9951 0.0348
vn -0.8037 0.5048 0.3151
vn 0.9987 -0.0360 -0.0358
vn 0.6902 0.6667 -0.2812
vn 0.0426 -0.0014 -0.9991
vn 0.0143 0.0170 -0.9998
vn -0.0336 0.8770 -0.4793
vn 0.0910 -0.9919 -0.0886
vn 0.0829 -0.9951 0.0530
vn 0.1626 -0.9864 -0.0222
vn 1.0000 -0.0022 0.0012
vn 0.3566 -0.9312 -0.0762
vn 0.5632 0.3070 0.7672
vn -0.5852 -0.2780 -0.7618
vn -0.9690 0.2286 0.0936
vn 0.0212 -0.0172 -0.9996
vn -0.6535 -0.1796 0.7353
vn 0.3309 -0.4105 -0.8497
vn 0.1676 -0.8394 0.5170
vn -0.9994 -0.0296 0.0151
vn -0.4934 0.5651 0.6612
vn -0.0179 0.9998 0.0026
vn -0.8024 0.5967 -0.0126
vn -0.5155 0.5579 0.6504
vn -0.2135 0.1447 -0.9662
vn -0.8658 0.0269 -0.4997
vn -0.0841 -0.0133 -0.9964
vn 0.1567 0.4675 -0.8700
vn -0.6904 0.4818 -0.5397
vn 0.1025 0.9947 -0.0017
vn 0.1040 0.9946 -0.0032
vn 1.0000 -0.0057 -0.0003
vn -0.3367 -0.2608 -0.9048
vn 0.0074 -0.0062 -1.0000
vn 0.6024 0.7967 -0.0489
vn 0.9999 0.0044 0.0095
vn 0.2514 0.0033 -0.9679
vn -0.8786 -0.4725 -0.0694
vn -0.9852 -0.1712 -0.0050
vn 0.1175 0.8737 -0.4720
vn -0.9296 -0.1211 -0.3481
vn 0.1293 0.8637 -0.4872
vn 0.1204 -0.0349 -0.9921
vn 0.1305 -0.3897 -0.9116
vn 0.9954 -0.0942 -0.0150
vn -0.2083 -0.3630 0.9082
vn -0.9998 0.0117 -0.0149
vn -0.5266 -0.8051 -0.2728
vn -0.9997 0.0236 0.0032
vn -0.2204 -0.6596 -0.7185
vn 0.6908 -0.7229 0.0122
vn -0.2580 -0.9591 0.1164
vn -0.1406 -0.7682 -0.6246
vn 0.6312 -0.5031 -0.5903
vn -0.2967 0.3273 0.8971
vn 0.7783 0.5911 -0.2116
vn -0.6346 0.4234 -0.6465
vn -0.7815 0.0163 0.6237
vn -0.3612 -0.0082 0.9325
vn -0.9999 -0.0087 -0.0066
vn -0.7311 -0.6823 -0.0014
vn -0.9990 0.0442 -0.0071
vn -0.9952 0.0967 -0.0132
vn 0.8598 0.0164 -0.5104
vn -0.9827 -0.1502 -0.1084
vn -0.8835 -0.0184 -0.4680
vn -0.8510 -0.0690 -0.5207
vn 0.0010 0.0046 1.0000
vn -0.5535 0.8328 0.0015
vn -0.8571 0.5142 0.0320
vn -0.4888 0.8723 -0.0118
vn 0.0841 0.9962 0.0203
vn 0.8046 0.5936 0.0153
vn -0.8390 -0.5441 0.0003
vn -0.9983 -0.0531 -0.0220
vn -0.7364 -0.1595 -0.6575
vn -0.6825 -0.7274 0.0709
vn -0.1452 0.9893 0.0122
vn 0.7260 0.3800 0.5732
vn -0.1840 0.5130 -0.8384
vn 0.9629 0.0106 -0.2696
vn -0.9577 -0.2865 -0.0249
vn -0.9619 0.1438 -0.2325
vn -0.2053 -0.0455 0.9776
vn -0.0871 -0.9715 -0.2205
vn 0.5987 -0.7996 -0.0466
vn 0.9206 -0.1503 0.3605
vn -0.5130 -0.0711 0.8555
vn -0.9590 -0.2801 -0.0441
vn 0.8478 -0.3214 0.4219
vn 0.9580 -0.0956 0.2705
vn 0.6718 -0.7354 -0.0889
vn 0.9713 -0.2031 0.1236
vn 0.9953 -0.0135 -0.0964
vn 0.9910 -0.0534 0.1231
vn -0.4260 -0.4628 -0.7774
vn 0.3818 0.0481 0.9230
vn 0.9767 0.1750 0.1246
vn 0.7747 -0.6311 0.0389
vn 0.3388 0.5797 -0.7410
vn -0.2064 0.9248 0.3194
vn -0.1323 -0.1798 0.9748
vn -0.8083 -0.5267 -0.2633
vn 0.1393 0.6261 -0.7672
vn 0.3587 0.2784 0.8910
vn -0.4012 0.0963 0.9109
vn -0.9975 -0.0442 0.0560
vn -0.5011 0.1706 0.8484
vn -0.9986 -0.0209 0.0477
vn -0.2673 0.0020 0.9636
vn -0.9903 -0.1145 -0.0786
vn 0.2126 -0.7313 -0.6481
vn 0.3593 -0.3273 -0.8739
vn 0.3048 0.7946 0.5250
vn 0.2022 0.8327 0.5155
vn 0.3085 0.8034 -0.5092
vn 0.3809 -0.3345 -0.8620
vn 0.2863 0.7818 -0.5540
vn 0.3041 0.0126 0.9526
vn 0.9930 -0.0957 -0.0698
vn -0.0743 -0.0211 0.9970
vn -0.9134 -0.1848 -0.3626
vn -0.8999 -0.0687 0.4307
vn 0.2206 -0.4324 0.8743
vn 0.0176 -0.9998 0.0004
vn 0.0083 0.2695 0.9630
vn -0.8523 -0.1075 0.5119
vn 0.1765 0.1345 0.9751
vn 0.2596 0.0022 -0.9657
vn -0.5689 0.7028 -0.4271
vn -0.0891 0.6851 -0.7230
vn -0.0581 0.1569 0.9859
vn 0.6149 0.0424 0.7874
vn -0.5788 0.7189 -0.3850
vn 0.2239 -0.0292 0.9742
vn 0.5420 0.8403 0.0133
vn -0.3445 0.7972 0.4958
vn -0.5680 0.0736 -0.8197
vn -0.9093 0.4123 -0.0572
vn 0.1295 -0.0507 0.9903
vn 0.7285 0.0040 -0.6851
vn 0.1584 0.9522 0.2613
vn 0.3890 -0.0049 0.9212
vn -0.2249 0.0552 -0.9728
vn -0.3809 0.0621 -0.9225
vn -0.4169 -0.2915 -0.8609
vn 0.1176 -0.6175 -0.7777
vn -0.3891 -0.2714 -0.8803
vn -0.3653 -0.2459 -0.8978
vn 0.0156 0.9997 0.0199
vn -0.0189 -0.9952 -0.0961
vn 0.0253 -0.8188 -0.5735
vn -0.5047 -0.8393 -0.2022
vn 0.1021 0.0077 0.9947
vn 0.0174 0.8176 0.5756
vn -0.0384 -0.4619 0.8861
vn 0.9941 -0.0333 -0.1035
vn -0.1162 0.0190 0.9930
vn -0.0649 0.8361 0.5448
vn -0.2996 -0.3480 -0.8883
vn 0.0223 0.9901 -0.1387
vn -0.2444 -0.0754 -0.9667
vn -0.0016 -0.0001 1.0000
vn -0.0008 -0.9998 0.0214
vn 0.0314 -0.0092 0.9995
vn -0.9380 -0.0106 0.3465
vn -0.0115 0.9998 -0.0132
vn 0.1478 0.1232 0.9813
vn -0.0797 -0.0846 0.9932
vn 0.1734 0.0098 0.9848
vn -0.0797 -0.0615 0.9949
vn 0.0140 -0.9996 0.0262
vn -0.0892 -0.0047 0.9960
vn 0.0815 -0.2211 0.9718
vn -0.0170 -0.5566 0.8306
vn -0.0201 -0.1177 -0.9929
vn 0.0083 0.0366 -0.9993
vn 0.4353 0.8707 -0.2289
vn 0.1714 -0.7170 0.6756
vn -0.1016 -0.2763 0.9557
vn 0.1265 0.0190 0.9918
vn 0.9037 -0.0411 -0.4262
vn 0.9324 -0.0068 -0.3614
vn 0.0898 0.9944 -0.0560
vn -0.3132 0.1715 -0.9341
vn 0.0034 0.9986 0.0520
vn -0.0005 -0.2114 0.9774
vn -0.0237 0.9981 0.0572
vn -0.5862 -0.0976 0.8042
vn -0.6765 -0.2051 0.7073
vn -0.4890 0.0663 -0.8698
vn -0.0780 0.9119 -0.4029
vn -0.8822 -0.2035 0.4246
vn -0.8975 -0.0023 0.4410
vn -0.8019 -0.1390 -0.5811
vn 0.0499 0.0081 -0.9987
vn -0.8616 -0.5052 0.0490
vn -0.9641 -0.1736 -0.2007
vn 0.5276 -0.0190 0.8493
vn 0.9848 0.1155 0.1300
vn -0.8943 0.1846 -0.4076
vn 0.0244 0.9854 0.1687
vn 0.4857 -0.0091 0.8741
vn -0.5588 -0.0057 0.8293
vn -0.0549 0.9289 -0.3661
vn 0.6950 -0.0228 -0.7186
vn -0.6130 0.1657 -0.7725
vn 0.0074 0.0143 0.9999
vn 0.7664 0.6396 0.0599
vn 0.0275 0.0181 0.9995
vn -0.9714 -0.0550 -0.2308
vn -0.9907 -0.0098 -0.1360
vn 0.0021 0.9998 0.0200
vn 0.0068 0.8674 0.4976
vn 0.0614 -0.9272 0.3696
vn 0.0157 0.8666 0.4987
vn -0.0279 -0.8677 0.4964
vn 0.0137 0.1438 0.9895
vn -0.5894 -0.0396 0.8069
vn -0.0172 -0.9959 -0.0890
vn 0.0685 0.2067 -0.9760
vn -0.0806 -0.9935 0.0809
vn -0.5575 -0.7484 0.3592
vn -0.5655 -0.6763 -0.4720
vn -0.2347 0.7741 -0.5880
vn 0.9204 -0.1055 -0.3766
vn -0.2341 0.7816 -0.5782
vn -0.0000 -0.9980 -0.0635
vn -0.1511 0.3460 -0.9260
vn -0.2392 0.6680 -0.7047
vn 0.0488 0.9981 -0.0374
vn -0.0337 0.3724 -0.9275
vn 0.9068 0.4181 -0.0529
vn -0.0078 0.1239 -0.9923
vn -0.0111 -0.2036 0.9790
vn 0.2570 -0.9502 -0.1762
vn 0.1268 -0.9543 0.2708
vn -0.0256 0.1931 -0.9808
vn -0.1028 0.6978 0.7089
vn 0.0222 -0.1218 0.9923
vn 0.0178 0.8610 0.5083
vn -0.1671 0.0947 0.9814
vn -0.0435 0.7642 0.6435
vn -0.0171 0.0555 0.9983
vn -0.0902 -0.3014 -0.9492
vn 0.0363 0.9640 -0.2634
vn 0.2305 0.8889 0.3959
vn -0.8226 0.5681 0.0255
vn -0.7267 0.6863 0.0296
vn -0.1310 0.6480 0.7503
vn -0.4688 0.0334 -0.8827
vn -0.6086 0.7927 0.0336
vn 0.0214 -0.2072 -0.9781
vn 0.5049 0.8567 0.1057
vn -0.0693 0.3479 -0.9350
vn -0.0018 0.0015 1.0000
vn 0.7254 -0.6820 0.0937
vn -0.0031 -0.0073 1.0000
vn -0.3225 -0.8944 0.3098
vn 0.8785 0.0191 0.4773
vn -0.0042 0.0330 0.9994
vn -0.0514 0.3976 -0.9161
vn 0.0452 0.2552 -0.9658
vn -0.2198 -0.5447 -0.8093
vn 0.0114 -0.9993 -0.0358
vn 0.0464 0.9002 -0.4331
vn -0.0156 -0.9940 -0.1083
vn -0.0113 -0.3401 -0.9403
vn -0.7102 0.3487 -0.6116
vn -0.9167 -0.1009 -0.3867
vn -0.0782 0.8685 -0.4894
vn -0.0359 0.0546 -0.9979
vn -0.0657 0.0296 -0.9974
vn -0.0078 0.0319 -0.9995
vn 0.9884 -0.1515 -0.0100
vn 0.8868 0.0142 -0.4619
vn 0.1243 0.0271 0.9919
vn 0.0039 0.4543 0.8909
vn 0.0079 0.2293 0.9733
vn 0.0946 0.9860 0.1376
vn -0.7678 -0.6162 -0.1757
vn 0.9930 -0.0412 0.1104
vn -0.0023 -0.9960 0.0890
vn 0.1718 -0.1913 0.9664
vn -0.9520 -0.0210 0.3054
vn -0.5511 0.8338 -0.0330
vn -0.5384 0.8386 -0.0826
vn 0.9858 -0.1616 0.0462
vn 0.9995 -0.0241 -0.0202
vn 0.0422 0.0295 -0.9987
vn 0.0571 -0.9983 0.0125
vn -0.0662 0.8325 -0.5500
vn -0.1276 -0.0752 -0.9890
vn -0.5790 0.8120 -0.0735
vn 0.0482 -0.9966 -0.0673
vn -0.0360 0.0372 -0.9987
vn 0.1118 -0.9628 -0.2462
vn 0.7292 -0.6440 0.2313
vn 0.0087 -0.9993 -0.0369
vn 0.5692 -0.6924 -0.4433
vn -0.7506 0.6517 -0.1085
vn 0.2577 -0.9655 -0.0378
vn -0.7785 -0.1105 0.6179
vn -0.3345 -0.1848 0.9241
vn 0.2714 -0.9480 0.1663
vn -0.4992 0.2764 -0.8213
vn 0.9725 -0.1985 -0.1218
vn 0.7296 -0.6814 -0.0571
vn 0.7413 -0.6690 -0.0529
vn 0.9903 -0.1326 -0.0408
vn 0.0383 -0.0198 -0.9991
vn -0.4063 -0.2893 -0.8667
vn 0.6610 0.4576 -0.5947
vn 0.0256 -0.0078 -0.9996
vn 0.5711 -0.1564 -0.8058
vn 0.0257 0.0223 0.9994
vn 0.9989 0.0430 0.0159
vn -0.3651 -0.7085 0.6039
vn -0.1446 0.0901 0.9854
vn -0.1669 0.7628 0.6247
vn 0.9999 -0.0085 0.0067
vn -0.6577 -0.2844 0.6976
vn -0.0195 -0.0221 0.9996
vn 0.1165 -0.4691 0.8754
vn -0.5665 -0.1726 0.8058
vn 0.1025 -0.3453 0.9329
vn -0.9615 0.0430 0.2713
vn -0.5094 0.0561 -0.8587
vn -0.9997 0.0220 0.0110
vn -0.7990 0.0223 0.6009
vn -0.0144 0.0408 0.9991
vn 0.0158 0.0466 0.9988
vn -0.7964 0.0213 0.6044
vn 0.6933 0.5672 0.4445
vn -0.0838 0.5923 -0.8014
vn -0.9235 0.3837 -0.0009
vn 0.7241 0.5824 0.3694
vn 0.1504 -0.0591 0.9869
vn 0.7621 0.5087 -0.4006
vn 0.1551 0.9054 -0.3951
vn -0.9996 -0.0277 -0.0058
vn -0.9997 0.0262 0.0027
vn -0.9997 -0.0073 0.0239
vn -0.8399 -0.5426 -0.0132
vn -0.1008 -0.0759 0.9920
vn 0.4653 0.0759 0.8819
vn 0.6262 0.7796 0.0104
vn 0.4278 0.0693 0.9012
vn 0.8173 -0.5649 0.1134
vn 1.0000 0.0047 -0.0019
vn -0.0218 0.1723 0.9848
vn 0.3862 0.9224 -0.0104
vn 0.9310 -0.3650 0.0014
vn -0.9994 0.0341 -0.0025
vn 0.2130 0.0486 0.9758
vn -0.9996 0.0297 -0.0030
vn -0.7650 -0.0309 -0.6432
vn -0.9887 -0.1497 -0.0015
vn -0.5768 0.8169 -0.0027
vn -0.9832 0.0752 0.1661
vn -0.1412 -0.0488 0.9888
vn -0.4348 0.1015 0.8948
vn 0.1543 0.6890 -0.7081
vn 0.8205 0.5683 0.0622
vn 0.9993 0.0076 -0.0362
vn 0.9094 0.4151 -0.0265
vn -0.9979 -0.0595 0.0253
vn -0.9964 0.0099 0.0838
vn -0.8437 -0.1052 0.5264
vn -0.9969 0.0779 -0.0067
vn -0.9989 0.0458 0.0025
vn 0.9984 0.0230 -0.0516
vn 0.8726 0.4883 -0.0052
vn 0.9476 0.0079 0.3193
vn 0.1949 -0.0712 0.9782
vn 0.9436 0.0050 0.3310
vn 0.7821 0.0097 -0.6231
vn -0.2392 0.8159 -0.5263
vn 0.5722 0.8201 0.0024
vn -0.4926 0.8702 -0.0111
vn -0.0447 0.9415 0.3342
vn -0.9949 0.1007 0.0011
vn -0.9006 -0.4347 0.0006
vn -0.9894 0.1449 0.0067
vn -0.3459 0.9379 -0.0273
vn 0.8618 -0.1404 -0.4875
vn 0.9987 0.0519 0.0020
vn 0.6146 -0.7888 -0.0070
vn 0.9980 0.0101 0.0621
vn -0.6335 -0.2864 -0.7188
vn 0.9165 0.1763 -0.3590
vn 0.2890 0.9081 -0.3032
vn 0.1239 -0.1936 -0.9732
vn 0.9728 -0.1832 0.1415
vn 0.9948 0.0982 -0.0265
vn -0.9636 -0.0354 -0.2650
vn -0.9040 -0.3240 0.2790
vn 0.7349 -0.6658 -0.1287
vn -0.3433 -0.0310 0.9387
vn -0.3486 -0.0137 0.9372
vn -0.0964 -0.9953 0.0013
vn -0.4302 -0.9003 -0.0660
vn -0.7754 -0.0691 -0.6277
vn -0.9998 -0.0217 -0.0046
vn 0.9877 0.1415 -0.0671
vn 0.2917 0.2947 -0.9100
vn 0.9576 0.2613 -0.1209
vn 0.3386 0.0944 -0.9362
vn 0.2720 0.9603 0.0624
vn -0.9946 0.0516 -0.0904
vn -0.7668 0.6418 0.0022
vn 0.0927 0.0519 -0.9943
vn -0.5166 0.1001 -0.8503
vn 1.0000 0.0034 -0.0034
vn -0.0219 0.9998 -0.0021
vn 0.7732 -0.1778 0.6088
vn -0.9998 0.0095 -0.0159
vn 0.1871 -0.7880 -0.5866
vn 0.4212 -0.0465 -0.9058
vn -0.9912 -0.0372 0.1269
vn -0.6801 0.4452 0.5824
vn -0.5086 0.8575 0.0775
vn 0.3724 0.9275 -0.0336
vn 0.9789 0.0922 -0.1822
vn -0.0076 -0.8798 0.4753
vn -0.0139 -0.4288 -0.9033
vn -0.0170 -0.1776 -0.9840
vn -0.1997 -0.9175 -0.3440
vn 0.0441 0.0344 -0.9984
vn -0.7748 -0.0203 -0.6319
vn -0.1848 -0.1907 -0.9641
vn 0.9501 -0.3088 0.0444
vn 0.0520 -0.9896 0.1339
vn 0.8066 -0.5473 -0.2234
vn 0.9861 -0.1584 -0.0503
vn -0.9917 0.1148 -0.0582
vn -0.9980 0.0264 -0.0569
vn -0.5641 -0.0670 -0.8230
vn -0.4205 0.1434 -0.8959
vn -0.9998 -0.0135 0.0119
vn -0.5400 -0.0692 -0.8388
vn -0.9864 -0.1644 0.0053
vn 0.0586 -0.8731 -0.4840
vn -0.2849 -0.1018 0.9531
vn 0.1158 0.1355 -0.9840
vn 0.0438 -0.9990 -0.0031
vn -0.2277 0.0453 0.9727
vn 0.2876 -0.0748 -0.9548
vn -0.4844 0.6877 0.5408
vn 0.4447 0.6974 -0.5621
vn -0.1210 0.5455 -0.8293
vn -0.6568 -0.3311 0.6775
vn -0.1241 -0.1732 0.9770
vn -0.2873 0.0150 0.9577
vn -0.2473 0.1462 0.9579
vn 0.2836 0.5692 -0.7717
vn 0.4328 0.6385 -0.6364
vn 0.1162 0.4598 -0.8804
vn 0.1498 0.4449 -0.8830
vn 0.0152 0.9683 0.2494
vn 0.1577 -0.0040 -0.9875
vn 0.3678 -0.7379 -0.5659
vn -0.1345 -0.9371 -0.3221
vn -0.0996 -0.9481 -0.3020
vn -0.3558 -0.0324 -0.9340
vn -0.0232 0.9978 -0.0628
vn 0.0061 0.9851 -0.1720
vn -0.3392 0.9075 0.2478
vn -0.3538 0.2589 0.8988
vn 0.1348 -0.2961 0.9456
vn -0.6723 -0.6146 -0.4127
vn 0.3405 -0.6428 0.6862
vn 0.0626 -0.0975 -0.9933
vn -0.1994 0.0892 0.9759
vn -0.3695 -0.0153 0.9291
vn 0.2693 0.3659 -0.8908
vn -0.1019 -0.9022 -0.4190
vn 0.1640 0.3710 -0.9140
vn 0.3895 -0.9182 0.0724
vn 0.1373 0.8527 -0.5040
vn -0.2550 -0.0539 -0.9655
vn 0.3091 -0.3206 -0.8954
vn 0.1670 -0.9610 -0.2205
vn 0.8119 0.0257 -0.5833
vn -0.0078 -0.9976 0.0693
vn -0.0542 -0.0712 -0.9960
vn -0.0141 0.0794 -0.9967
vn -0.1226 -0.9418 0.3130
vn 0.3609 0.9173 0.1685
vn 0.4585 0.2573 0.8506
vn -0.2795 -0.6904 0.6673
vn -0.8153 0.0373 0.5778
vn -0.9998 -0.0165 -0.0146
vn -0.8122 0.0254 0.5828
vn 0.2324 0.2248 0.9463
vn -0.8099 0.0167 0.5864
vn -0.8687 -0.0910 0.4869
vn -0.0337 -0.8896 -0.4555
vn 0.0089 0.4979 0.8672
vn 0.2529 -0.0270 0.9671
vn -0.9981 0.0022 -0.0611
vn -0.0159 0.0001 -0.9999
vn 0.0097 0.9996 0.0277
vn 0.6788 -0.0044 -0.7343
vn 0.1994 0.2892 0.9363
vn 0.0635 -0.9959 0.0646
vn 0.0015 -1.0000 -0.0084
vn -0.0041 1.0000 -0.0087
vn -0.0485 0.8699 -0.4909
vn 0.5405 0.4578 -0.7059
vn 0.0002 0.9978 -0.0660
vn 0.1027 -0.1340 0.9856
vn 0.9977 -0.0673 0.0115
vn -0.8590 0.0565 0.5088
vn -0.0486 -0.9603 0.2747
vn -0.0064 0.0404 -0.9992
vn -0.7294 0.3024 0.6136
vn 0.0609 0.1879 -0.9803
vn -0.1791 0.0225 -0.9836
vn -0.5716 0.4346 0.6959
vn 0.6896 0.1587 0.7066
vn 0.4645 -0.0394 -0.8847
vn -0.3286 -0.8658 -0.3773
vn 0.0537 -0.9490 -0.3108
vn 0.1519 -0.5335 -0.8320
vn 0.0980 0.9949 -0.0233
vn 0.0862 -0.6125 -0.7857
vn 0.2371 0.9622 0.1336
vn -0.3046 0.9517 -0.0401
vn -0.0213 -0.2223 -0.9747
vn -0.2207 0.0553 -0.9738
vn -0.1456 -0.4395 -0.8864
vn 0.6851 0.1502 0.7128
vn -0.0672 -0.0827 0.9943
vn 0.0418 -0.9748 0.2192
vn 0.9968 0.0462 0.0645
vn -0.1384 -0.0495 0.9891
vn -0.8161 0.0999 0.5692
vn -0.8438 -0.1397 -0.5182
vn 0.6409 0.0526 -0.7658
vn -0.7870 -0.0293 -0.6162
vn 0.0633 -0.7322 -0.6782
vn 0.6392 0.0548 -0.7671
vn -0.0047 -0.0189 -0.9998
vn 0.0161 -0.2853 0.9583
vn 0.0146 0.0051 0.9999
vn -0.0096 -0.9969 0.0785
vn 0.0149 -0.2786 0.9603
vn 0.0103 -0.0143 -0.9998
vn -0.0048 0.9999 0.0138
vn -0.0075 0.0025 -1.0000
vn 0.0039 0.1445 -0.9895
vn 0.8443 0.5198 -0.1303
vn 0.7440 0.6679 -0.0204
vn 0.0132 0.0218 0.9997
vn 0.9929 -0.0130 0.1184
vn 0.2436 -0.1655 0.9556
vn -0.0062 -0.9999 -0.0138
vn 0.1955 -0.9691 0.1506
vn 0.9970 0.0467 0.0621
vn -0.0519 0.9736 0.2222
vn -0.9854 -0.0295 0.1674
vn -0.1775 -0.9560 0.2337
vn 0.6878 0.1553 0.7091
vn -0.4943 0.0118 0.8692
vn -0.9993 0.0335 -0.0193
vn 0.0013 -0.9985 0.0550
vn -0.9999 -0.0069 0.0140
vn -0.0693 0.9942 -0.0822
vn 0.0065 -0.0622 -0.9980
vn -0.1672 -0.7029 -0.6914
vn 0.0427 -0.9971 -0.0626
vn -0.0021 -0.1031 -0.9947
vn 0.0025 0.0617 0.9981
vn -0.3733 0.0404 0.9268
vn 0.0444 0.0767 -0.9961
vn 0.0269 0.0802 -0.9964
vn -0.3168 -0.9485 -0.0006
vn -0.0113 0.9990 -0.0423
vn 0.0134 0.9657 -0.2592
vn 0.1787 -0.0115 0.9838
vn -0.0523 -0.1916 0.9801
vn -0.0027 -0.9871 -0.1603
vn -0.9920 0.0328 -0.1218
vn -0.0072 0.0336 0.9994
vn -0.0725 0.1889 0.9793
vn 0.1469 0.9406 0.3062
vn 0.9868 -0.1453 -0.0712
vn 0.9748 -0.2180 -0.0468
vn -0.0856 0.0851 0.9927
vn 0.0025 0.0034 -1.0000
vn 0.0395 0.0028 -0.9992
vn 0.0063 -0.9991 0.0418
vn 0.0050 -0.9990 0.0452
vn -0.0314 -0.0145 0.9994
vn -0.0914 0.8674 -0.4892
vn 0.0195 -0.0344 -0.9992
vn 0.9339 0.0539 0.3533
vn 0.0070 -0.0094 -0.9999
vn 0.8897 0.3523 0.2905
vn -0.9723 -0.1776 -0.1517
vn -0.9991 0.0147 0.0405
vn -0.9993 -0.0315 -0.0195
vn 0.0314 -0.9754 0.2181
vn -0.4027 0.7566 0.5152
vn -0.8340 0.1519 0.5304
vn -0.2543 -0.2327 -0.9387
vn -0.1553 -0.4068 -0.9002
vn 0.0123 0.9995 -0.0305
vn -0.0002 0.0017 -1.0000
vn 0.7828 0.1031 -0.6137
vn 0.2980 -0.5475 -0.7819
vn -0.0020 -0.0022 -1.0000
vn -0.0365 0.3232 -0.9456
vn 0.9984 -0.0536 0.0152
vn -0.7669 0.5505 0.3299
vn 0.9997 0.0226 -0.0039
vn 0.5086 0.0277 -0.8605
vn -0.1609 -0.0632 0.9849
vn -0.0633 -0.0058 -0.9980
vn 0.1630 0.4433 0.8814
vn -0.1176 0.0111 -0.9930
vn 0.0059 -0.0001 -1.0000
vn -0.0097 -0.0592 -0.9982
vn -0.2539 -0.8074 -0.5325
vn -0.0032 -0.1221 -0.9925
vn 0.0038 -0.1270 -0.9919
vn -0.0877 -0.9961 -0.0101
vn 0.0192 -0.9855 0.1684
vn -0.0372 -0.9985 -0.0407
vn 0.6328 0.1029 0.7674
vn 0.6872 -0.2529 0.6810
vn 0.5743 -0.8169 0.0536
vn -0.1525 -0.0088 0.9883
vn -0.2944 -0.0700 0.9531
vn -0.9221 0.2553 0.2908
vn -0.5344 0.1126 0.8377
vn 0.1108 0.0470 -0.9927
vn 0.8644 -0.2280 -0.4481
vn -0.9731 -0.2286 0.0287
vn -0.8491 0.0562 0.5253
vn -0.1568 -0.3708 -0.9154
vn -0.9910 0.1284 -0.0382
vn -0.4015 -0.1862 -0.8967
vn 0.5192 -0.8540 -0.0334
vn -0.9977 -0.0080 -0.0673
vn 0.7102 -0.7040 -0.0033
vn 0.9283 0.3719 -0.0026
vn -0.0232 -0.6869 0.7264
vn -0.0674 -0.0526 0.9963
vn -0.7772 0.1689 0.6062
vn -0.0450 -0.6664 0.7442
vn -0.9935 -0.0042 0.1141
vn -0.9811 0.1582 -0.1113
vn -0.8821 0.0413 0.4693
vn 1.0000 -0.0003 -0.0005
vn 0.6911 -0.6809 -0.2424
vn 0.0458 -0.9980 -0.0430
vn -0.9999 -0.0049 0.0145
vn 0.7737 0.6187 0.1362
vn -0.9999 -0.0056 0.0090
vn 0.4463 0.4770 -0.7571
vn 0.7937 0.6081 0.0139
vn -0.1123 0.0534 0.9922
vn -0.7885 0.3444 -0.5096
vn -0.7967 0.0215 0.6040
vn -0.9972 -0.0141 -0.0734
vn -0.0115 0.5593 -0.8289
vn -0.1216 -0.6032 0.7883
vn 1.0000 -0.0022 0.0081
vn -0.2389 -0.4737 0.8477
vn 0.3238 -0.9461 -0.0012
vn -0.8374 -0.1531 0.5247
vn 0.9991 0.0401 0.0145
vn 0.9998 -0.0062 -0.0183
vn 0.0021 -0.0000 1.0000
vn 0.9984 -0.0365 -0.0433
vn 0.1087 -0.9940 -0.0117
vn -0.1561 0.9877 0.0030
vn -0.9996 0.0277 -0.0077
vn -0.2309 0.9725 0.0293
vn -0.9997 0.0222 -0.0052
vn 0.8759 0.4791 -0.0575
vn -0.5686 -0.8221 -0.0285
vn -0.7137 -0.0550 0.6983
vn -0.9608 0.0963 0.2600
vn -0.9294 -0.1274 -0.3464
vn -0.2210 0.2585 -0.9404
vn 1.0000 0.0051 -0.0003
vn 0.9835 0.0003 -0.1810
vn -0.9993 0.0381 0.0064
vn 0.0624 0.9865 -0.1517
vn 0.0830 0.9964 -0.0176
vn 0.7927 -0.6082 -0.0415
vn 0.9996 -0.0282 -0.0000
vn 0.8708 0.2485 0.4242
vn 0.6767 -0.0053 -0.7362
vn 0.9981 0.0583 -0.0212
vn 0.9950 -0.0926 0.0375
vn 0.7219 0.0082 -0.6919
vn 0.9948 -0.0895 0.0480
vn -0.9999 -0.0099 -0.0053
vn -0.1655 0.9862 0.0033
vn 0.9953 0.0958 -0.0147
vn 0.9966 0.0811 -0.0122
vn -0.6568 0.7460 0.1105
vn 0.1424 0.9663 0.2143
vn 0.9988 0.0470 -0.0167
vn 0.7828 0.1063 -0.6131
vn 0.9923 0.1104 0.0560
vn 0.0709 0.9973 0.0180
vn 0.9605 0.1669 -0.2226
vn 0.5157 -0.7752 -0.3649
vn 0.9937 0.0998 -0.0502
vn 0.0174 0.9998 -0.0018
vn -0.9703 0.2405 -0.0267
vn -0.0065 1.0000 -0.0033
vn 0.7277 0.0003 0.6858
vn 0.6608 0.0360 0.7497
vn 0.0201 -0.9994 0.0291
vn 0.1729 -0.9144 0.3661
vn 0.0744 -0.9972 -0.0049
vn 0.1953 0.9722 0.1289
vn 0.9959 -0.0888 0.0186
vn 0.9582 0.2830 0.0421
vn -0.3674 0.9298 0.0215
vn -0.9857 -0.0162 0.1676
vn 0.2147 0.7018 0.6793
vn 0.3299 0.0161 0.9439
vn 0.9991 0.0400 0.0112
vn -0.9934 0.0965 -0.0622
vn 0.9808 0.1841 0.0638
vn 0.9695 0.2319 0.0795
vn 0.2287 0.9733 0.0179
vn 0.9864 -0.1013 0.1294
vn 0.9625 0.2687 0.0362
vn 0.4976 0.8674 -0.0027
vn -0.9999 -0.0020 -0.0134
vn -1.0000 0.0005 0.0097
vn 0.9993 -0.0040 -0.0382
vn -0.0004 0.0072 1.0000
vn -0.1025 -0.0100 0.9947
vn 0.8170 0.2350 0.5265
vn 0.6274 -0.3006 0.7183
vn 0.0707 0.0349 -0.9969
vn 0.6519 0.2726 0.7076
vn 0.0728 0.8871 -0.4558
vn -0.0437 -0.9990 -0.0014
vn 0.0016 -0.9998 0.0179
vn -0.3873 0.6702 0.6332
vn -0.5101 -0.6280 -0.5877
vn 0.5426 0.0627 -0.8377
vn 0.1893 0.3793 -0.9057
vn -0.8995 -0.0059 0.4369
vn -0.9999 -0.0172 0.0008
vn -0.0792 -0.9969 0.0021
vn -0.0272 0.5464 -0.8371
vn -0.0598 0.0263 -0.9979
vn 0.7649 -0.0111 -0.6441
vn -0.0716 0.0316 -0.9969
vn -0.6786 0.5890 -0.4389
vn -0.0233 0.0101 -0.9997
vn 0.9390 -0.3403 -0.0495
vn 0.2302 0.0013 -0.9731
vn 0.2981 0.5599 -0.7731
vn -0.0640 -0.3750 0.9248
vn -0.0427 0.9987 0.0272
vn 0.0103 0.9999 -0.0005
vn -0.9985 0.0542 0.0102
vn 0.0251 0.9988 0.0418
vn 0.4402 -0.1296 0.8885
vn -0.1751 0.9812 0.0812
vn 0.4691 -0.0040 0.8832
vn -0.0274 -0.0072 -0.9996
vn 0.3088 -0.1423 -0.9404
vn 0.1448 -0.9399 -0.3092
vn 0.7238 0.0013 0.6900
vn -0.1405 -0.0578 -0.9884
vn -0.2839 -0.0703 -0.9563
vn -0.2591 0.6723 0.6935
vn -0.2697 -0.7854 0.5572
vn 0.0001 0.9903 -0.1389
vn -0.2335 0.8114 -0.5358
vn -0.1723 -0.9689 -0.1776
vn -0.0128 0.0534 0.9985
vn -0.5535 0.5167 0.6532
vn -0.6283 0.4533 0.6322
vn -0.1744 -0.0729 0.9820
vn -0.2885 0.4599 0.8398
vn -0.0225 0.9980 0.0588
vn -0.2190 -0.8303 -0.5124
vn -0.1130 -0.8659 -0.4872
vn -0.2792 -0.8494 -0.4479
vn -0.0894 -0.0053 0.9960
vn 0.5959 0.1177 0.7944
vn -0.0147 -0.0001 -0.9999
vn 0.1183 0.9898 -0.0789
vn 0.9992 -0.0130 -0.0386
vn 0.1935 -0.1569 0.9685
vn -0.0079 -0.9302 0.3671
vn 0.0734 -0.1767 0.9815
vn 0.0928 0.9957 0.0065
vn 0.0110 0.9993 -0.0359
vn 0.2655 0.7561 -0.5981
vn -0.9598 0.0068 0.2806
vn -0.9037 0.0156 -0.4280
vn 0.2395 -0.5806 -0.7782
vn 0.0227 0.9993 -0.0280
vn 0.1109 -0.9776 -0.1787
vn 0.0912 -0.4975 -0.8626
vn -0.1176 -0.8986 -0.4226
vn -0.0200 0.9897 -0.1418
vn 0.1046 0.9944 -0.0136
vn 0.0548 -0.0940 -0.9941
vn 0.0093 0.5502 0.8350
vn 0.5947 0.4767 -0.6474
vn 0.7659 -0.0391 0.6417
vn 0.5241 -0.0369 -0.8508
vn -0.8942 -0.0486 -0.4449
vn -0.7861 0.3871 0.4819
vn -0.1513 0.3450 -0.9263
vn -0.0717 0.5372 0.8404
vn -0.6472 -0.1453 0.7484
vn 0.0631 0.7699 0.6350
vn 0.0272 0.0550 0.9981
vn -0.1809 -0.9807 -0.0742
vn 0.7935 -0.5804 0.1831
vn 0.7480 -0.0156 -0.6635
vn -0.9424 -0.1088 0.3162
vn -0.9757 -0.2082 0.0681
vn -0.9546 -0.0281 -0.2966
vn -0.8178 -0.5746 0.0313
vn 0.0225 0.2292 -0.9731
vn -0.0107 -0.0359 -0.9993
vn 0.0268 -0.6793 -0.7334
vn -0.0096 -0.9942 -0.1075
vn 0.0113 0.9626 0.2706
vn 0.0415 0.1255 0.9912
vn -0.6905 -0.7209 -0.0599
vn 0.0272 -0.1878 0.9818
vn 0.0732 -0.7539 -0.6529
vn 0.0049 -0.9987 -0.0510
vn 0.0110 0.2194 0.9756
vn -0.0245 0.9657 -0.2583
vn 0.9803 0.1616 0.1132
vn -0.1339 -0.9639 -0.2302
vn 0.0507 0.9984 -0.0241
vn 0.2233 0.9747 -0.0095
vn 0.0826 0.9951 -0.0548
vn -0.0700 -0.3444 0.9362
vn 0.1311 -0.9512 0.2794
vn -0.0736 0.9301 0.3599
vn 0.0420 0.9468 0.3189
vn 0.0366 0.9540 -0.2975
vn -0.0190 0.1005 0.9948
vn 0.0161 0.5753 0.8178
vn 0.5447 0.0646 0.8361
vn 0.9224 -0.1067 -0.3712
vn 0.3202 -0.9445 -0.0730
vn 0.0137 -0.2428 -0.9700
vn 0.4668 -0.8768 0.1156
vn -0.0621 0.0118 -0.9980
vn -0.0539 -0.0001 0.9985
vn 0.3906 -0.8972 0.2059
vn 0.8123 -0.5825 0.0314
vn 0.1396 0.2287 0.9635
vn 0.9104 -0.4138 0.0006
vn -0.0702 -0.9501 -0.3039
vn 0.0351 0.1685 -0.9851
vn -0.0929 0.0224 -0.9954
vn 0.0888 0.0109 -0.9960
vn 0.9484 0.2026 -0.2440
vn 0.0461 0.8993 -0.4349
vn 0.0472 0.9002 -0.4330
vn 0.1070 -0.2770 -0.9549
vn -0.1696 0.7823 -0.5994
vn 0.0641 -0.9891 0.1327
vn 0.0088 0.1469 0.9891
vn 0.6998 0.6678 -0.2537
vn -0.2708 0.5239 0.8075
vn 0.8893 0.2813 0.3605
vn 0.4442 0.7983 0.4068
vn -0.9821 -0.1506 -0.1133
vn 0.1000 -0.0130 -0.9949
vn 0.0452 -0.9689 -0.2434
vn -0.1337 0.1895 -0.9727
vn -0.9981 -0.0614 0.0004
vn 0.0662 0.9909 -0.1168
vn 0.0627 -0.9750 0.2130
vn 0.4022 0.8938 -0.1983
vn -0.0692 0.5825 0.8099
vn -0.9297 0.2969 0.2180
vn -0.8975 0.3789 0.2256
vn -0.4322 0.8771 -0.2096
vn -0.7128 0.4374 0.5482
vn 0.0873 0.8426 -0.5314
vn 0.0084 -0.0363 0.9993
vn 0.2864 -0.1889 0.9393
vn -0.9753 -0.1278 -0.1803
vn -0.2591 -0.8773 -0.4039
vn 0.6610 0.1968 0.7241
vn -0.5467 -0.1602 0.8219
vn -0.0264 0.2272 0.9735
vn 0.0006 0.9999 -0.0116
vn 0.0260 -0.7042 -0.7095
vn 0.8848 -0.1363 -0.4456
vn -0.0008 -0.0038 -1.0000
vn 0.0007 -0.0072 -1.0000
vn -0.4979 -0.0098 0.8672
vn 0.0869 -0.0023 0.9962
vn 0.5880 -0.8037 -0.0908
vn -0.1850 -0.9827 0.0115
vn 0.4479 -0.8721 0.1971
vn 0.0721 -0.1051 0.9918
vn 0.0685 0.9976 0.0120
vn -0.6282 -0.1644 -0.7605
vn -0.8407 0.5367 0.0722
vn 0.0585 -0.9954 0.0761
vn -0.9787 -0.2020 -0.0354
vn 0.2056 0.9786 -0.0127
vn 1.0000 -0.0012 0.0004
vn 0.0477 -0.2416 -0.9692
vn 0.9947 -0.0470 -0.0918
vn -0.0627 -0.0976 -0.9932
vn 0.9928 -0.0546 -0.1067
vn 0.2495 0.0191 0.9682
vn -0.9742 -0.1782 0.1388
vn 0.7148 -0.2803 0.6407
vn 0.2159 -0.7453 0.6308
vn -0.9952 0.0929 0.0312
vn -0.9291 0.3693 -0.0207
vn 0.9704 0.0100 -0.2415
vn 0.9781 0.2083 0.0066
vn -0.6564 0.6078 -0.4470
vn -0.3172 0.2217 0.9221
vn 0.1141 -0.0224 -0.9932
vn 0.0594 0.9944 -0.0868
vn -0.7795 -0.6264 0.0017
vn -0.7575 -0.6528 0.0036
vn 1.0000 -0.0088 -0.0019
vn 1.0000 -0.0014 0.0006
vn -0.0038 -0.9995 0.0309
vn 0.0487 -0.9988 -0.0084
vn -0.6522 -0.7237 -0.2255
vn -0.7249 -0.0539 -0.6868
vn -0.7712 -0.0029 -0.6365
vn -0.5754 0.8172 -0.0330
vn 0.0207 -0.9998 -0.0036
vn 0.0108 -0.9999 0.0006
vn 0.9999 -0.0146 -0.0047
vn 0.6256 -0.7801 -0.0039
vn 0.7187 -0.6949 -0.0246
vn -0.8243 -0.1506 0.5458
vn -0.2953 -0.2333 0.9265
vn 0.8266 -0.3943 -0.4016
vn -0.0261 0.9576 0.2868
vn -0.4608 0.1465 0.8753
vn 0.6271 -0.7315 -0.2677
vn 0.9992 -0.0353 -0.0163
vn -0.9995 -0.0080 0.0305
vn -0.3474 0.0417 0.9368
vn 0.0568 -0.9963 0.0648
vn -0.9981 0.0488 0.0376
vn 0.0486 0.9927 0.1105
vn -1.0000 -0.0021 0.0004
vn -0.8505 -0.5259 -0.0060
vn -0.7761 0.0284 0.6300
vn 0.6599 -0.7512 0.0132
vn -0.0337 0.9977 -0.0590
vn -0.2397 0.7668 -0.5954
vn -0.2120 0.9764 -0.0418
vn -0.0920 -0.9958 -0.0005
vn -0.9400 -0.0591 -0.3359
vn -0.9823 -0.1608 0.0956
vn -0.3485 -0.9319 -0.1001
vn -0.9968 -0.0614 -0.0508
vn -0.6402 -0.0018 0.7682
vn -0.3838 -0.9233 0.0150
vn -0.3342 -0.2018 0.9206
vn -0.8067 0.0552 -0.5884
vn -0.9995 0.0089 0.0293
vn -0.9999 0.0104 0.0076
vn -0.0065 1.0000 0.0017
vn -0.0544 0.9985 -0.0028
vn -0.9994 0.0108 0.0322
vn -0.5175 -0.0252 -0.8553
vn 0.9782 0.2037 -0.0397
vn -0.2729 0.9619 0.0161
vn -0.7330 0.5313 0.4248
vn -0.1391 0.9711 0.1940
vn 0.0756 0.9967 -0.0293
vn 0.2731 -0.0110 0.9619
vn 0.8044 0.4420 -0.3970
vn 0.3640 0.6491 0.6680
vn 0.8007 0.4412 -0.4053
vn -0.3796 -0.7300 0.5684
vn -0.2335 0.3034 -0.9238
vn 0.2836 0.0183 -0.9588
vn -0.7602 -0.0393 -0.6485
vn -0.2928 0.8837 0.3652
vn 0.6689 -0.2353 -0.7052
vn -0.4052 0.0304 0.9137
vn -0.2837 -0.0484 -0.9577
vn -0.2708 -0.1136 -0.9559
vn 0.9843 -0.1277 -0.1219
vn -0.0357 0.0156 -0.9992
vn -0.7173 -0.0212 -0.6965
vn -0.9675 0.0522 -0.2475
vn -0.3519 0.5228 -0.7765
vn -0.9947 -0.0836 -0.0603
vn -0.0831 -0.9799 -0.1812
vn 0.8080 0.1608 0.5669
vn 0.5841 0.0973 0.8058
vn 0.0856 0.8892 0.4495
vn -0.3132 -0.1161 -0.9426
vn -0.5101 0.5492 0.6619
vn 0.1029 0.0538 0.9932
vn 0.3125 0.6307 -0.7103
vn -0.1019 0.0667 -0.9926
vn -0.3251 -0.1319 0.9364
vn -0.5097 -0.0506 0.8588
vn -0.5126 -0.0677 0.8560
vn -0.0367 0.9580 0.2842
vn -0.4237 0.6063 0.6729
vn -0.1317 0.9895 -0.0605
vn -0.2135 0.7760 -0.5935
vn -0.1433 -0.9535 0.2650
vn -0.3857 -0.8400 -0.3817
vn -0.2395 0.7651 -0.5977
vn -0.7824 0.6127 0.1116
vn -0.3195 0.9048 0.2815
vn 0.1919 0.9613 -0.1975
vn 0.1840 0.0137 -0.9828
vn -0.5118 0.6419 -0.5710
vn -0.5413 0.5593 -0.6278
vn -0.3767 0.5174 0.7684
vn -0.9514 0.1117 -0.2870
vn -0.1956 0.0561 0.9791
vn 0.1388 -0.0614 -0.9884
vn -0.2510 -0.0720 0.9653
vn 0.0393 0.9983 -0.0425
vn -0.2514 -0.0776 0.9648
vn -0.1098 -0.9907 0.0799
vn 0.9999 0.0009 -0.0120
vn 0.6868 -0.0049 -0.7268
vn 0.9872 -0.0842 -0.1357
vn 0.5351 0.0035 -0.8448
vn 0.0241 -0.3791 -0.9250
vn 0.1102 0.2552 0.9606
vn 0.1505 0.1111 0.9823
vn 0.1818 -0.7949 -0.5788
vn -0.0628 -0.9883 0.1393
vn 0.0027 -0.0521 -0.9986
vn -0.1821 -0.0556 -0.9817
vn 0.5068 0.6294 -0.5891
vn 0.2279 0.0130 0.9736
vn 0.7915 -0.0032 0.6112
vn -0.0188 0.9995 -0.0240
vn 0.2187 0.0077 0.9758
vn 0.2041 -0.0007 0.9790
vn -0.0436 0.9972 -0.0603
vn -0.6295 -0.1274 -0.7665
vn 0.0093 -0.9262 0.3769
vn -0.6402 -0.1086 -0.7605
vn -0.0257 0.9946 -0.1008
vn 0.0585 -0.9943 -0.0892
vn -0.0071 -0.9985 -0.0550
vn -0.0202 -0.9929 -0.1174
vn 0.0369 0.4951 0.8680
vn 0.7679 0.1329 0.6266
vn 0.0072 -1.0000 -0.0042
vn 0.0373 0.4944 0.8684
vn 0.0708 -0.8157 0.5742
vn 0.0789 -0.7707 0.6323
vn 0.1360 -0.7953 0.5908
vn 0.7516 0.2633 0.6047
vn -0.0003 1.0000 0.0029
vn -0.0248 -0.0084 -0.9997
vn -0.8935 0.0432 -0.4470
vn -0.0108 -0.4899 0.8717
vn 0.1235 -0.9923 0.0071
vn -0.0978 -0.6295 0.7709
vn -0.8405 0.5202 -0.1519
vn -0.4782 -0.2112 0.8525
vn -0.3711 0.0900 0.9242
vn 0.0419 0.0930 0.9948
vn 0.5736 0.2621 0.7760
vn 0.1716 -0.8693 0.4635
vn 0.0031 -0.9938 -0.1112
vn -0.9063 0.1969 0.3741
vn 0.0184 -0.2626 -0.9647
vn -0.0002 0.6084 -0.7936
vn -0.0609 0.0858 -0.9944
vn -0.6711 0.0218 -0.7411
vn 0.0107 0.9246 -0.3808
vn 0.0072 -0.0712 -0.9974
vn 0.0364 0.2238 0.9739
vn 0.3310 0.2267 0.9160
vn 0.0395 0.1242 0.9915
vn -0.1845 -0.8200 0.5418
vn 0.2890 -0.9489 -0.1268
vn 0.3078 -0.1022 0.9459
vn -0.1260 0.5912 0.7966
vn 0.0263 0.0055 0.9996
vn -0.9052 0.4238 0.0323
vn 0.0320 -0.6057 -0.7950
vn 0.3498 -0.1013 -0.9313
vn 0.0214 -0.9997 -0.0112
vn 0.0625 -0.6285 -0.7753
vn -0.1410 -0.1745 -0.9745
vn 0.1130 0.9208 -0.3734
vn -0.1290 0.4438 0.8868
vn 0.0340 0.9976 -0.0600
vn -0.0112 -0.0891 0.9960
vn -0.0690 0.9227 -0.3792
vn 0.1148 -0.9840 -0.1361
vn 0.1570 0.8925 0.4228
vn 0.0279 -0.4220 0.9062
vn 0.1966 0.9129 0.3576
vn 0.0126 -0.9999 -0.0118
vn -0.6974 0.6886 -0.1988
vn 0.3221 -0.2788 -0.9047
vn -0.0541 -0.0410 0.9977
vn 0.0402 0.9940 0.1013
vn 0.1531 0.4878 0.8595
vn -0.0260 0.9508 0.3088
vn 0.9994 0.0275 -0.0202
vn 0.7599 0.0186 0.6498
vn 0.8528 0.4984 0.1562
vn 0.1102 0.6501 0.7518
vn 0.0041 -0.1113 0.9938
vn -0.0069 -0.0362 0.9993
vn 0.0306 -0.9931 0.1133
vn 0.8749 0.4753 0.0926
vn 0.8490 0.5137 -0.1236
vn -0.0442 0.0069 -0.9990
vn 0.8287 0.5163 -0.2161
vn -0.7873 0.5221 -0.3280
vn -0.9354 0.1745 0.3075
vn -0.5333 -0.1012 0.8398
vn 0.1390 -0.9108 0.3888
vn -0.7197 -0.1063 0.6861
vn -0.0301 0.3650 0.9305
vn -0.5565 0.8307 0.0184
vn -0.0114 -0.6981 -0.7160
vn -0.0728 -0.6101 -0.7890
vn 0.2073 -0.6395 -0.7403
vn -0.9827 -0.0194 -0.1842
vn -0.2216 0.6062 0.7638
vn -0.0316 0.0376 0.9988
vn -0.0530 0.6359 0.7699
vn 0.0687 0.9022 -0.4259
vn 0.0090 0.8316 -0.5554
vn -0.0237 -0.0089 -0.9997
vn -0.9218 -0.0145 -0.3873
vn 0.5201 0.3399 0.7836
vn -0.2252 0.1667 -0.9600
vn -0.3069 0.0137 0.9516
vn 0.9906 -0.1363 0.0079
vn 0.1496 0.9887 -0.0001
vn 0.4625 0.8861 -0.0311
vn 0.9989 -0.0348 0.0312
vn 0.6981 0.7160 0.0060
vn 0.0317 -0.9995 -0.0083
vn -0.0643 -0.9977 0.0199
vn 0.1673 0.9844 0.0549
vn 0.9962 0.0078 -0.0862
vn -0.5310 0.5525 0.6425
vn -0.0982 0.0744 0.9924
vn -0.6564 -0.1558 -0.7381
vn 0.2836 -0.0766 -0.9559
vn -0.9725 0.0116 -0.2327
vn 0.9987 -0.0316 -0.0391
vn -0.0459 -0.9988 0.0152
vn -0.4633 0.0747 -0.8831
vn -0.9854 0.0014 -0.1705
vn 0.5142 -0.0557 -0.8558
vn -0.6749 -0.0733 -0.7343
vn 0.0997 0.9937 0.0522
vn -0.5678 0.5387 0.6224
vn -0.4018 -0.7251 0.5593
vn -0.0752 0.0347 0.9966
vn -0.9771 0.0083 -0.2126
vn -0.1143 -0.9926 0.0422
vn -0.2790 0.2612 -0.9241
vn 0.7795 0.6264 -0.0004
vn -0.7038 -0.7104 -0.0048
vn 0.0475 0.9964 -0.0696
vn 0.1558 0.8511 -0.5014
vn 0.9999 -0.0056 -0.0151
vn 0.1121 -0.9763 0.1853
vn 0.9822 0.1874 0.0143
vn 0.0699 -0.9975 0.0083
vn 0.0969 -0.0409 0.9944
vn 0.0648 0.8882 0.4548
vn 0.9882 0.1530 -0.0085
vn 0.1139 -0.0033 -0.9935
vn 0.0184 -0.9998 -0.0018
vn 0.9867 0.1620 0.0130
vn 0.1016 0.9946 0.0232
vn 0.2644 -0.9587 0.1048
vn -0.9437 0.1977 0.2652
vn -0.6084 -0.0224 -0.7933
vn -0.9995 0.0245 0.0207
vn -0.8090 0.0405 -0.5865
vn -1.0000 -0.0019 0.0066
vn -0.9976 0.0374 -0.0585
vn -0.9718 0.2260 0.0671
vn -0.6872 -0.0051 0.7264
vn -0.9998 -0.0178 -0.0025
vn -0.6931 0.2240 -0.6851
vn 0.9822 0.0094 0.1879
vn -1.0000 -0.0027 -0.0026
vn -0.9999 0.0099 0.0085
vn -0.0194 -0.9998 -0.0012
vn 0.9233 -0.0291 0.3830
vn 0.6612 -0.6939 0.2852
vn 0.3451 0.0032 0.9386
vn 0.5838 -0.1249 0.8022
vn 0.9984 0.0494 0.0283
vn -0.9863 -0.1651 0.0011
vn -0.7685 -0.2575 0.5858
vn -0.2701 0.6654 0.6959
vn 0.8068 0.2859 -0.5171
vn -1.0000 -0.0006 0.0002
vn -0.7753 0.6315 -0.0047
vn -0.0940 0.7734 -0.6270
vn 0.3533 -0.2187 0.9096
vn 0.0027 0.9992 -0.0387
vn 0.9701 0.2202 -0.1024
vn 0.2610 -0.0029 -0.9653
vn -0.9961 -0.0614 -0.0629
vn -0.1795 0.1795 0.9673
vn -0.9369 0.3143 -0.1533
vn 0.0509 -0.8936 0.4461
vn -0.8929 -0.1883 0.4091
vn 0.1835 -0.0054 0.9830
vn -0.4711 0.0262 0.8817
vn 0.2233 -0.1073 0.9688
vn -0.9265 0.3541 -0.1272
vn -0.5471 0.0027 -0.8371
vn 0.0043 -1.0000 -0.0053
vn -0.0515 0.9981 0.0351
vn 0.2722 0.3900 -0.8797
vn 0.9997 -0.0122 0.0231
vn 0.5969 0.8012 -0.0417
vn 0.6325 0.7745 0.0124
vn 0.9985 0.0447 -0.0306
vn -0.9876 0.1564 -0.0147
vn -0.0563 -0.9984 -0.0063
vn -0.1943 0.9799 -0.0459
vn -0.8959 0.4422 0.0433
vn -0.0291 0.9979 0.0570
vn 0.7624 -0.0972 0.6398
vn -0.3313 -0.8688 0.3681
vn 0.0188 0.0204 0.9996
vn -0.0214 0.0315 0.9993
vn 0.6591 0.3205 -0.6804
vn 0.4570 0.6837 -0.5689
vn 0.0224 -0.8643 0.5025
vn 0.3268 0.2397 -0.9142
vn 0.9482 -0.0164 0.3173
vn 0.8196 0.5730 0.0022
vn 0.9713 0.2177 0.0959
vn 0.0745 -0.9972 -0.0002
vn 0.1663 -0.9860 0.0091
vn -0.9882 -0.1520 -0.0191
vn 0.0079 -0.9995 -0.0296
vn 0.0419 -0.9991 0.0064
vn -0.9757 -0.2192 -0.0008
vn -0.1297 -0.8971 -0.4224
vn -0.2934 0.1347 -0.9465
vn 0.0364 0.7809 -0.6236
vn -0.5125 0.1009 -0.8527
vn 0.0243 -0.9996 -0.0113
vn -0.0165 -0.9997 0.0157
vn -0.9824 -0.1860 0.0145
vn -0.1273 0.9885 0.0813
vn -0.9838 -0.1785 0.0157
vn -0.0654 -0.9976 0.0208
vn 0.1817 -0.7876 0.5888
vn 0.3370 -0.0008 0.9415
vn 0.0508 0.9986 0.0151
vn -0.2449 0.8488 0.4686
vn -0.2972 -0.1359 0.9451
vn 0.2098 0.3887 -0.8971
vn -0.0042 0.9996 -0.0270
vn -0.9901 -0.1382 0.0257
vn -0.3133 0.8322 -0.4575
vn 0.0065 0.9990 0.0444
vn -0.4839 0.0660 0.8726
vn 0.0147 0.9999 0.0088
vn -0.0627 0.9848 0.1619
vn -0.0079 0.9408 0.3388
vn -0.2529 0.4321 0.8657
vn 0.6843 -0.0141 0.7290
vn -0.1685 -0.0146 0.9856
vn -0.0134 0.9987 0.0488
vn -0.1126 -0.6980 0.7072
vn -0.1690 -0.8668 -0.4691
vn 0.8949 0.3985 -0.2008
vn 0.0147 -0.9298 0.3679
vn -0.1566 -0.8752 -0.4578
vn 0.8753 -0.4288 0.2234
vn -0.4339 -0.8322 0.3451
vn 0.0140 -0.9278 0.3727
vn -0.0315 -0.9995 -0.0069
vn -0.1125 -0.9906 -0.0780
vn 0.0671 0.3943 0.9165
vn -0.5659 0.0946 0.8190
vn 0.2153 0.5625 -0.7982
vn -0.2886 0.3081 -0.9065
vn -0.3799 0.2901 -0.8784
vn 0.8946 -0.0507 -0.4440
vn -0.4594 0.4454 -0.7685
vn 0.0020 0.0169 -0.9999
vn -0.7663 0.0096 -0.6424
vn -0.6139 -0.7843 -0.0894
vn -0.3164 -0.8331 0.4536
vn -0.3637 -0.8043 0.4700
vn -0.0204 0.9994 -0.0264
vn 0.0048 0.9482 0.3177
vn 0.7352 -0.0788 0.6733
vn -0.1356 -0.9907 -0.0101
vn 0.0032 0.0212 -0.9998
vn -0.1301 -0.9915 0.0066
vn -0.6324 0.2880 0.7191
vn 0.2201 0.1339 0.9662
vn -0.7792 0.4030 0.4800
vn 0.0184 0.4014 0.9157
vn 0.0719 -0.2396 0.9682
vn -0.1302 -0.9861 0.1035
vn -0.0104 -0.9979 -0.0636
vn 0.6405 0.0530 -0.7661
vn -0.0669 -0.9894 0.1292
vn -0.0578 0.0495 0.9971
vn 0.7686 0.0970 0.6323
vn -0.0519 0.9725 -0.2272
vn -0.0600 0.9486 -0.3106
vn 0.0624 -0.7976 -0.5999
vn 0.1615 0.0832 0.9834
vn 0.0050 -0.9996 0.0293
vn -0.2777 -0.9560 0.0940
vn -0.9572 0.0468 -0.2857
vn 0.2370 -0.0328 -0.9709
vn -0.1803 -0.9823 0.0509
vn -0.3476 0.1031 0.9320
vn 0.0005 0.9974 0.0719
vn -0.0133 0.9918 0.1272
vn -0.0275 0.0614 -0.9977
vn 0.9893 -0.0946 -0.1107
vn 0.6809 0.7282 -0.0787
vn 0.0094 0.0861 0.9962
vn -0.0541 0.0199 -0.9983
vn 0.6805 0.7286 -0.0779
vn 0.2229 0.8828 -0.4135
vn -0.0031 0.0306 -0.9995
vn 0.0105 0.9999 0.0011
vn -0.6848 0.0147 -0.7285
vn 0.0100 0.0315 0.9995
vn 0.4827 0.8362 0.2601
vn 0.9988 -0.0468 -0.0136
vn -0.0081 0.0247 0.9997
vn 0.6448 0.7628 -0.0488
vn -0.7299 -0.0788 -0.6790
vn -0.8813 0.0345 -0.4713
vn 0.1300 0.4187 0.8988
vn 0.1588 -0.7529 0.6387
vn 0.0044 0.9970 -0.0772
vn -0.5009 0.8644 -0.0444
vn 0.1546 -0.8172 -0.5552
vn 0.2926 -0.5339 -0.7933
vn 0.8844 -0.4657 -0.0317
vn -0.0382 0.0043 -0.9993
vn -0.0754 0.9474 0.3112
vn 0.0074 0.9327 -0.3607
vn 0.0154 -0.4757 -0.8795
vn 1.0000 0.0057 -0.0030
vn 0.9990 0.0446 -0.0061
vn -0.0738 -0.1044 -0.9918
vn 0.0192 0.9997 0.0115
vn -0.1032 -0.2791 -0.9547
vn 0.1558 0.9876 -0.0192
vn -0.1117 -0.3186 -0.9413
vn -0.0146 -0.9568 0.2905
vn 0.7207 0.6734 0.1647
vn -0.5407 0.6259 -0.5621
vn -0.0125 0.4802 0.8771
vn 0.7330 0.6801 0.0138
vn 0.0907 -0.0131 0.9958
vn -0.9620 0.2318 0.1442
vn -0.0022 -0.9997 0.0259
vn -0.0009 -0.9990 0.0439
vn -0.0005 0.2125 0.9772
vn -0.0042 -0.9976 0.0691
vn -0.0585 -0.0295 -0.9979
vn 0.9983 0.0129 -0.0561
vn -0.0499 0.0671 -0.9965
vn 0.5155 -0.0686 -0.8541
vn -0.1150 -0.0075 0.9933
vn 0.0843 -0.0307 -0.9960
vn 0.0778 -0.0388 -0.9962
vn -0.0122 0.1229 -0.9923
vn -0.4351 0.0313 0.8998
vn -0.0931 0.0697 0.9932
vn -0.0078 0.9672 0.2539
vn -0.5108 -0.0683 0.8570
vn -0.0417 -0.8694 -0.4924
vn -0.6760 0.0657 0.7339
vn -0.8141 0.5135 0.2714
vn -0.7321 0.6812 -0.0028
vn -0.9953 0.0855 0.0458
vn -0.7333 0.6799 -0.0025
vn -1.0000 0.0055 0.0032
vn -0.7480 0.6637 0.0008
vn -0.9999 0.0107 0.0014
vn 0.9998 0.0100 0.0159
vn 0.8449 0.1542 0.5122
vn 1.0000 0.0025 0.0093
vn 0.9999 0.0103 -0.0124
vn -0.0069 -0.9997 0.0245
vn -0.5759 0.8175 0.0054
vn -0.5756 0.8177 0.0101
vn -0.3428 0.9333 -0.1065
vn -0.9959 -0.0776 0.0469
vn -0.2542 0.9671 -0.0013
vn -0.9863 -0.1632 0.0232
vn -0.8949 0.4041 0.1893
vn -0.0551 0.9984 0.0106
vn 0.0206 0.2585 -0.9658
vn 0.2810 0.8618 -0.4223
vn -0.8233 0.5243 -0.2176
vn 0.2117 0.3619 -0.9078
vn 0.2571 0.1229 -0.9585
vn 0.9887 -0.1485 -0.0222
vn 0.2423 0.1122 -0.9637
vn 0.0049 1.0000 -0.0058
vn 0.0539 -0.9985 -0.0049
vn 0.9161 -0.4008 -0.0090
vn 0.9949 0.0870 0.0514
vn -0.0640 -0.0100 0.9979
vn -0.9971 0.0543 0.0541
vn 0.9994 -0.0342 0.0005
vn 0.0756 -0.9970 0.0178
vn 0.0587 -0.9983 0.0066
vn -0.9918 0.0601 0.1125
vn 0.9651 -0.2407 0.1030
vn 0.1544 -0.3757 0.9138
vn -0.0334 0.9986 0.0401
vn 0.1441 -0.3987 0.9057
vn 0.0247 -0.8943 0.4468
vn -0.9999 0.0026 0.0126
vn -0.9973 -0.0161 -0.0711
vn -0.9999 -0.0133 0.0067
vn -0.9869 0.1223 0.1053
vn 0.9988 -0.0454 0.0155
vn -0.9877 0.1411 -0.0670
vn -0.9999 -0.0026 -0.0112
vn -1.0000 -0.0002 0.0023
vn -0.5026 -0.0128 0.8644
vn -0.9955 0.0941 -0.0071
vn 0.0243 -0.9997 -0.0051
vn 0.9998 -0.0202 -0.0030
vn 0.9997 -0.0218 0.0112
vn 0.4248 0.9053 -0.0039
vn -0.2030 -0.9779 -0.0495
vn 0.4037 0.9148 0.0102
vn 0.7273 0.6851 0.0396
vn 0.9995 -0.0279 -0.0118
vn 0.7552 -0.6539 -0.0452
vn -0.9139 0.4020 0.0566
vn 0.8680 -0.1543 0.4720
vn -0.0812 0.3039 -0.9492
vn 0.9955 0.0355 0.0881
vn 0.9624 -0.0478 0.2673
vn -0.9999 -0.0130 -0.0029
vn -0.4531 -0.0345 0.8908
vn 0.0562 -0.3056 -0.9505
vn -0.2898 0.8243 0.4863
vn -0.4183 -0.2648 0.8688
vn -0.7883 -0.2640 -0.5558
vn -0.3563 -0.0193 0.9342
vn 0.4491 0.8041 -0.3896
vn 0.9938 0.0492 -0.1001
vn -0.9994 0.0287 0.0174
vn -0.2249 -0.1084 0.9683
vn -0.8782 -0.2350 -0.4166
vn 0.9519 0.2936 -0.0876
vn -0.3041 0.9523 -0.0273
vn 0.9366 0.3353 -0.1021
vn -0.6726 0.6972 -0.2480
vn 0.0002 1.0000 -0.0032
vn -0.2746 -0.0472 0.9604
vn -0.5985 -0.1051 -0.7942
vn 0.8178 0.5755 -0.0036
vn 0.9849 -0.1435 -0.0965
vn -0.7731 -0.0194 -0.6340
vn -0.0594 -0.0777 -0.9952
vn -0.5149 -0.8565 0.0372
vn -0.4977 0.5476 0.6726
vn -0.4395 -0.8669 0.2351
vn -0.6636 0.5108 0.5466
vn 0.5975 0.2229 -0.7702
vn -0.7687 0.5603 0.3086
vn 0.2434 0.5792 -0.7780
vn -0.1384 0.9620 0.2353
vn -0.0483 -0.9988 -0.0009
vn -0.0088 -0.9999 0.0094
vn -0.0122 -0.9997 0.0190
vn 0.2563 0.0252 0.9663
vn -0.8677 0.4927 0.0659
vn -0.9735 -0.0064 0.2286
vn -0.8828 0.0165 0.4695
vn -0.1934 0.9605 0.2003
vn -0.8049 -0.0606 -0.5903
vn -0.1316 0.9909 -0.0280
vn -0.5955 -0.1017 -0.7969
vn -0.9993 -0.0357 0.0053
vn 0.0672 -0.9976 -0.0154
vn -0.1452 0.9736 0.1759
vn -0.2320 0.9712 0.0545
vn -0.9597 0.2703 -0.0761
vn -0.4329 0.1194 0.8935
vn -0.1798 0.9836 -0.0148
vn -0.8806 0.4112 -0.2357
vn -0.6101 0.7862 0.0985
vn -0.3520 0.7525 0.5566
vn -0.2200 -0.8996 0.3772
vn -0.1863 0.8971 0.4007
vn -0.9864 0.0713 -0.1482
vn -0.0339 -0.9994 0.0064
vn -0.2441 0.9206 0.3049
vn 0.2207 0.0191 -0.9751
vn -0.3548 -0.7175 0.5994
vn 0.2156 -0.1049 -0.9708
vn 0.9950 -0.0862 -0.0513
vn -0.1356 -0.9904 0.0264
vn -0.4266 -0.6580 0.6206
vn -0.2204 -0.8994 0.3774
vn 0.9958 -0.0810 -0.0431
vn -0.2424 -0.0483 0.9690
vn -0.9079 -0.0794 -0.4116
vn -0.0431 -0.9896 0.1375
vn -0.2276 0.9593 0.1671
vn -0.0033 -1.0000 0.0005
vn -0.2715 0.8392 0.4711
vn -0.0204 -0.0093 -0.9997
vn 0.9331 0.0148 -0.3593
vn 0.8709 0.2052 -0.4467
vn -0.1563 -0.9850 -0.0737
vn 0.0919 -0.0471 0.9947
vn -0.1608 -0.9831 -0.0879
vn -0.0114 -0.0411 -0.9991
vn -0.0507 0.9707 -0.2349
vn -0.1330 -0.8968 -0.4219
vn -0.8890 -0.4514 -0.0768
vn 0.5135 -0.0472 0.8568
vn 0.0862 0.7122 -0.6967
vn 0.1407 0.9893 -0.0382
vn 0.4155 -0.0526 -0.9081
vn 0.1469 0.0472 0.9880
vn -0.0750 0.5292 0.8451
vn 0.8466 0.1472 -0.5115
vn 0.5732 -0.1318 0.8088
vn -0.4150 0.3563 -0.8371
vn -0.7683 0.0105 -0.6400
vn 0.2496 0.9201 -0.3019
vn -0.0812 0.2564 -0.9632
vn -0.0412 0.8850 -0.4638
vn 0.0104 0.9999 0.0004
vn 0.9553 0.2747 -0.1092
vn -0.1014 -0.0690 -0.9924
vn -0.0478 0.0368 -0.9982
vn -0.2063 -0.9668 -0.1507
vn -0.2732 0.9101 -0.3117
vn -0.2437 -0.1922 0.9506
vn -0.7500 -0.3465 0.5634
vn -0.7487 -0.6577 0.0823
vn -0.0023 -0.4499 -0.8931
vn 0.6817 0.7272 -0.0806
vn 0.0247 0.0626 -0.9977
vn -0.0098 0.0397 -0.9992
vn 0.2844 -0.2126 0.9348
vn 0.1959 -0.0483 0.9794
vn 0.9933 -0.0143 0.1148
vn 0.7445 0.1619 0.6477
vn 0.8606 0.3384 0.3807
vn 0.0233 -0.0285 -0.9993
vn -0.1679 0.9424 -0.2892
vn -0.0134 -0.0039 0.9999
vn -0.0024 -0.0032 1.0000
vn -0.8393 -0.1179 -0.5307
vn 0.4735 -0.2140 -0.8544
vn -0.8291 -0.0574 -0.5561
vn -0.8679 -0.0450 -0.4946
vn -0.0066 -0.9983 -0.0583
vn 0.0060 -0.9993 -0.0369
vn -0.8740 -0.0429 -0.4840
vn -0.0120 0.2124 -0.9771
vn 0.9373 -0.0027 -0.3486
vn 0.0065 -0.9957 0.0920
vn 0.0059 0.0028 1.0000
vn 0.8410 -0.1073 0.5302
vn 0.0121 -0.9986 -0.0513
vn 0.9817 0.1341 0.1353
vn -0.7639 0.0564 -0.6428
vn 0.1468 -0.9817 0.1214
vn 0.2627 -0.9260 0.2710
vn -0.9852 0.0200 0.1702
vn 0.1392 0.9421 0.3050
vn 0.7118 0.7002 -0.0558
vn 0.7821 0.5300 0.3279
vn -0.1823 -0.1092 -0.9772
vn -0.9989 0.0061 -0.0467
vn 0.9607 0.1250 0.2480
vn 0.0191 0.7412 0.6710
vn -0.6166 0.7753 0.1366
vn -0.0159 -0.0523 -0.9985
vn -0.6409 0.5679 0.5164
vn 0.9768 0.0377 -0.2109
vn 0.0244 0.9776 0.2089
vn -0.0643 0.8940 -0.4435
vn -0.4449 0.8803 0.1645
vn 0.4042 -0.8857 0.2282
vn 0.6647 -0.4438 -0.6010
vn -0.4896 0.8566 0.1628
vn -0.9982 -0.0383 -0.0472
vn -0.1114 0.7922 -0.6000
vn -0.9977 -0.0415 -0.0545
vn 0.1356 -0.9867 -0.0891
vn -0.9655 0.2340 0.1144
vn -0.0327 0.0102 0.9994
vn 0.6149 0.6990 0.3652
vn -0.4789 0.0263 -0.8775
vn 0.0511 -0.0139 -0.9986
vn -0.1569 -0.5611 -0.8127
vn -0.5614 -0.2112 -0.8001
vn -0.0203 -0.0107 -0.9997
vn -0.6913 -0.4548 0.5614
vn -0.9120 0.1650 -0.3756
vn -0.9957 -0.0540 -0.0748
vn -0.9866 -0.1618 -0.0198
vn 0.2271 -0.1241 -0.9659
vn 0.5718 0.5948 -0.5650
vn 0.4253 -0.0890 -0.9007
vn -0.1106 -0.0980 0.9890
vn -0.1337 0.1285 0.9827
vn 0.7266 -0.0644 0.6840
vn -0.8697 -0.2338 0.4346
vn -0.9960 0.0135 -0.0882
vn -0.9791 -0.1592 -0.1269
vn -0.0106 0.0316 0.9994
vn 0.2794 0.0449 0.9591
vn -0.9408 0.0082 0.3387
vn -0.3687 0.5496 0.7497
vn 0.0884 0.6243 0.7762
vn 0.7565 0.2871 0.5876
vn -0.0721 -0.6543 -0.7528
vn -0.2003 0.8739 -0.4430
vn -0.0126 0.0792 0.9968
vn -0.0745 0.0377 0.9965
vn -0.2347 -0.0884 0.9680
vn -0.0545 0.0229 0.9982
vn -0.9975 0.0584 -0.0385
vn -0.9423 0.3295 -0.0588
vn 0.1269 -0.0911 -0.9877
vn -0.9987 -0.0450 0.0232
vn 0.0850 -0.0161 -0.9962
vn 0.7357 -0.0176 0.6771
vn -0.0699 -0.0284 0.9972
vn 0.1114 0.9935 0.0247
vn 0.1063 0.9942 0.0133
vn 0.9011 -0.4306 0.0508
vn 0.9153 0.4023 0.0171
vn 0.8985 -0.4358 0.0527
vn 0.7217 -0.6922 -0.0055
vn 0.6597 0.0159 0.7513
vn 0.1033 0.8852 -0.4536
vn 0.1102 0.2501 0.9619
vn 0.1461 0.2009 0.9687
vn -0.5738 0.7651 -0.2922
vn 0.0041 -0.9996 0.0295
vn 0.1276 0.9917 0.0156
vn 0.9688 0.0861 0.2326
vn 0.1253 0.9920 0.0148
vn 0.9956 -0.0371 0.0855
vn -0.9994 0.0267 0.0221
vn 0.5730 0.8194 -0.0164
vn 0.4691 -0.8719 0.1403
vn -0.8750 -0.4473 0.1854
vn -0.5342 0.0055 0.8454
vn 0.1197 0.9824 0.1432
vn 0.3504 -0.0253 0.9362
vn 0.0018 0.0372 0.9993
vn 0.7349 -0.2941 0.6110
vn 0.9999 0.0056 -0.0100
vn 0.7639 -0.3146 0.5634
vn -0.9957 -0.0519 0.0771
vn 0.4865 -0.5892 -0.6451
vn -0.8730 0.4400 0.2103
vn -1.0000 -0.0011 0.0065
vn -1.0000 -0.0076 0.0055
vn -0.5228 0.3079 0.7949
vn -0.3763 0.4438 0.8133
vn -0.9998 -0.0075 0.0163
vn 0.1564 0.9268 -0.3415
vn 0.8362 0.5365 0.1141
vn -0.7249 0.4347 -0.5344
vn -0.1643 0.4906 -0.8557
vn 0.2838 -0.4683 0.8367
vn -0.4152 0.4332 0.8000
vn 0.8947 -0.2102 -0.3941
vn -0.9714 0.0513 -0.2317
vn 0.0710 -0.9975 0.0072
vn 0.0408 -0.9974 0.0587
vn 0.2770 -0.0526 0.9594
vn -0.3144 -0.9308 0.1863
vn 0.1547 -0.9878 -0.0162
vn 0.7232 -0.6905 0.0091
vn 0.9903 0.1385 0.0078
vn 1.0000 -0.0067 -0.0008
vn 0.2230 -0.9664 -0.1279
vn 1.0000 -0.0048 0.0006
vn 0.1307 -0.9885 -0.0758
vn -0.3562 -0.9323 0.0631
vn -0.6004 0.3459 -0.7210
vn 0.9951 -0.0521 -0.0838
vn 0.0161 0.9995 0.0268
vn -0.8084 0.0407 -0.5872
vn -0.9986 0.0527 0.0079
vn 0.0112 -0.9999 0.0058
vn -0.9997 -0.0220 0.0076
vn -0.9739 0.0369 0.2240
vn 0.0336 -0.9994 -0.0030
vn -0.0770 0.6353 -0.7684
vn -0.1172 0.0341 -0.9925
vn -0.6429 0.5946 -0.4828
vn -0.0765 0.6363 -0.7676
vn -0.0705 0.0285 -0.9971
vn -0.7240 0.6316 -0.2774
vn 0.8438 0.3893 -0.3693
vn -0.1913 0.4891 -0.8510
vn 0.9770 0.0173 0.2127
vn 0.3841 0.9229 0.0262
vn -0.8899 -0.4559 0.0159
vn -0.3413 -0.0962 -0.9350
vn -0.8848 -0.4655 0.0201
vn -0.9877 0.1533 0.0307
vn -1.0000 0.0028 0.0027
vn -0.0643 0.9959 -0.0635
vn 0.6072 -0.0798 0.7905
vn 0.9987 0.0503 -0.0024
vn 0.3710 0.0621 0.9266
vn 0.2377 -0.7215 0.6503
vn 0.7198 -0.6929 0.0420
vn 0.9987 0.0361 -0.0361
vn -0.9906 0.1170 -0.0707
vn 0.3158 -0.9395 -0.1326
vn -0.7705 0.6374 -0.0044
vn -0.5300 0.8479 0.0074
vn 0.2289 0.9734 -0.0065
vn 0.4317 0.9020 -0.0002
vn 0.0156 -0.9999 -0.0048
vn 0.7702 -0.6367 0.0380
vn -0.2531 -0.1602 0.9541
vn -0.9009 -0.1402 -0.4108
vn -0.3597 0.6641 -0.6554
vn -0.2864 -0.5713 -0.7692
vn -0.9828 -0.1672 -0.0783
vn -0.7743 -0.0473 0.6311
vn -0.1561 -0.0327 -0.9872
vn -0.1556 -0.9857 0.0643
vn -0.2283 0.0529 -0.9722
vn -0.4855 -0.8685 -0.0996
vn -0.7099 -0.5005 0.4956
vn -0.1106 -0.9917 -0.0653
vn -0.2833 0.1493 -0.9473
vn -0.0402 0.9992 -0.0079
vn -0.4516 -0.8913 -0.0406
vn -0.9985 -0.0544 -0.0011
vn -0.8555 0.4150 -0.3096
vn 0.1085 -0.2197 -0.9695
vn -0.4236 -0.2387 0.8738
vn 0.9917 0.1249 -0.0314
vn 0.0872 -0.2551 -0.9630
vn 0.9996 -0.0283 -0.0019
vn 0.9342 -0.0169 0.3563
vn -0.0064 -1.0000 -0.0064
vn 0.0240 -0.9997 0.0057
vn 0.8231 0.0624 0.5645
vn -0.0127 0.2039 -0.9789
vn 0.8446 0.0105 0.5353
vn -0.8752 0.1399 0.4631
vn 0.6750 -0.6313 0.3818
vn -0.8003 -0.0081 0.5995
vn -0.8907 -0.2658 -0.3687
vn -0.1246 0.3658 -0.9223
vn 0.8606 -0.2078 0.4650
vn 0.4627 0.7338 -0.4975
vn 0.0010 -1.0000 -0.0081
vn 0.9228 0.3732 -0.0956
vn -0.0544 -0.9952 -0.0817
vn -0.9898 -0.1409 -0.0192
vn -0.7994 -0.1795 -0.5733
vn 0.9995 0.0051 -0.0319
vn -0.0849 -0.9964 -0.0029
vn -0.0053 -1.0000 -0.0015
vn -0.7023 0.6877 -0.1840
vn -0.7263 0.0551 -0.6851
vn -0.9574 -0.1874 -0.2198
vn -0.3386 0.2396 -0.9099
vn -0.9903 0.1362 0.0264
vn 0.9981 0.0616 -0.0004
vn -0.1757 0.5129 -0.8403
vn -0.1027 0.9947 0.0081
vn -0.9911 -0.1312 -0.0232
vn 0.6832 0.0060 0.7302
vn 0.7311 0.1526 -0.6650
vn 0.0903 -0.9928 0.0791
vn -0.2367 -0.0932 -0.9671
vn -0.7231 0.6732 -0.1542
vn -0.0339 -0.9994 0.0100
vn -0.0228 0.9997 -0.0019
vn 0.9317 0.3229 -0.1665
vn 0.7150 0.5798 0.3905
vn 0.4535 -0.8906 0.0337
vn 0.3664 0.9305 -0.0005
vn -0.1726 -0.0966 0.9802
vn 0.6652 -0.0061 -0.7467
vn -0.0142 -0.9999 -0.0030
vn 0.3303 -0.9428 -0.0452
vn -0.0775 -0.3474 0.9345
vn 0.1781 -0.7934 -0.5820
vn 0.9993 -0.0020 0.0366
vn -0.0558 0.9984 -0.0109
vn 0.0119 -0.9999 0.0022
vn 0.8207 0.5714 -0.0005
vn 0.9429 0.0281 0.3320
vn 0.9909 -0.1243 -0.0513
vn 0.3826 0.1042 0.9180
vn 0.4694 -0.7314 -0.4946
vn -0.9996 0.0188 -0.0195
vn 0.6156 0.1698 -0.7696
vn -0.3112 -0.8929 -0.3254
vn -0.8665 0.4314 -0.2513
vn 0.9434 0.3246 -0.0678
vn 0.2604 -0.0571 -0.9638
vn 0.8945 -0.2354 0.3801
vn -0.0304 -0.9994 0.0144
vn 0.5838 -0.2851 -0.7602
vn -0.8791 0.4101 -0.2428
vn -0.1249 -0.9352 -0.3313
vn -0.2042 -0.0189 -0.9788
vn 0.7765 0.6236 0.0903
vn 0.9924 -0.1072 0.0599
vn -0.9492 -0.0367 -0.3125
vn -0.7876 -0.0355 0.6151
vn 0.9600 -0.2764 0.0439
vn 0.1738 -0.8830 -0.4361
vn 0.1417 0.8639 0.4834
vn 0.8477 0.5286 -0.0445
vn 0.9900 -0.1069 0.0918
vn 0.9408 0.2829 0.1866
vn -0.9978 -0.0030 -0.0665
vn -0.4897 -0.0963 -0.8665
vn -0.9892 -0.1356 -0.0565
vn 0.9190 -0.3705 -0.1350
vn 0.5286 -0.2670 -0.8058
vn -0.4070 -0.1250 0.9048
vn -0.3583 -0.7193 0.5951
vn 0.8046 0.4420 -0.3965
vn -0.9997 0.0077 -0.0221
vn 0.1155 -0.9932 -0.0125
vn 0.0046 -0.9973 -0.0738
vn -0.0639 0.9973 -0.0365
vn -0.0471 -0.9932 -0.1066
vn -0.1111 -0.9680 -0.2250
vn -0.8858 0.3945 -0.2444
vn 0.0881 0.9139 -0.3963
vn -0.9924 -0.1210 0.0208
vn -0.8346 0.0668 -0.5468
vn -0.0549 -0.9985 -0.0059
vn 0.4953 0.1721 0.8515
vn -0.3838 0.0369 0.9227
vn 0.1041 0.9151 0.3895
vn 0.2932 0.0467 0.9549
vn -0.1082 0.9941 0.0026
vn -0.0056 -0.4176 -0.9086
vn -0.9789 -0.2043 0.0008
vn -0.9487 0.0294 -0.3147
vn 0.0172 0.9988 -0.0463
vn -0.3432 -0.0856 0.9353
vn -0.3361 -0.7075 0.6217
vn 0.0454 -0.9981 0.0428
vn 0.4596 0.8682 -0.1873
vn 0.1083 -0.9508 -0.2903
vn 0.5491 -0.1035 -0.8293
vn 0.1622 0.0485 0.9856
vn 0.2136 0.0579 0.9752
vn 0.4302 -0.3676 -0.8245
vn -0.0017 0.9398 -0.3417
vn -0.4644 0.3094 0.8298
vn -0.6115 -0.2917 0.7356
vn 0.0200 0.9990 -0.0394
vn 0.8590 0.0757 0.5064
vn -0.7827 0.1946 -0.5912
vn -0.3849 0.2597 0.8856
vn -0.2970 0.7360 0.6083
vn 0.4981 0.1805 0.8481
vn -0.5823 0.3827 0.7172
vn 0.3168 0.0191 0.9483
vn -0.2419 0.0855 -0.9665
vn 0.8550 0.2282 0.4657
vn -0.7135 -0.0240 -0.7003
vn 0.0192 0.9995 -0.0231
vn -0.4121 0.3748 -0.8305
vn -0.0198 -0.9998 0.0034
vn -0.9921 -0.1235 0.0232
vn -0.1697 0.2449 -0.9546
vn 0.0127 0.9988 -0.0465
vn -0.6522 0.4382 -0.6186
vn -0.7011 0.0437 -0.7117
vn 0.0122 -0.3397 -0.9405
vn -0.2886 -0.1022 -0.9520
vn -0.1065 0.8303 -0.5471
vn -0.1419 0.0796 -0.9867
vn -0.8325 -0.1215 0.5405
vn 0.4296 0.0625 -0.9009
vn -0.2925 -0.8797 0.3749
vn -0.1253 0.9670 0.2219
vn -0.3702 0.0323 0.9284
vn -0.8620 0.0225 -0.5065
vn 0.1598 0.0684 -0.9848
vn 0.9997 -0.0178 0.0183
vn 0.0012 0.9999 -0.0103
vn -0.2202 -0.1980 -0.9551
vn 0.2546 0.0361 -0.9664
vn -0.9458 0.1131 -0.3045
vn -0.5595 0.4934 -0.6660
vn 0.2269 0.0320 -0.9734
vn 0.9754 0.1620 0.1494
vn 0.0009 0.9990 0.0439
vn 0.5668 0.0747 0.8205
vn 0.1453 0.0499 0.9881
vn -0.2681 0.2180 -0.9384
vn -0.0192 0.0002 -0.9998
vn -0.0654 -0.9890 0.1323
vn -0.0823 -0.9834 0.1615
vn 0.5203 0.1041 0.8476
vn -0.1547 0.0473 0.9868
vn 0.9745 -0.1430 0.1729
vn -0.9389 -0.2150 -0.2687
vn -0.2327 -0.0273 0.9722
vn -0.0774 0.0123 -0.9969
vn 0.1004 0.4510 -0.8869
vn -0.2332 0.0810 -0.9691
vn -0.0316 -0.9995 0.0036
vn -0.1659 -0.2349 -0.9578
vn 0.9222 0.0034 0.3866
vn 0.0114 0.2881 0.9575
vn -0.0336 -0.0382 -0.9987
vn 0.0588 0.8927 0.4468
vn 0.1753 0.4648 0.8679
vn 0.8791 0.0046 0.4767
vn 0.8994 0.0148 0.4368
vn -0.2929 0.7404 -0.6050
vn 0.0244 -0.9989 -0.0406
vn 0.2416 0.9696 0.0393
vn -0.0121 0.9997 -0.0219
vn -0.3250 0.3732 -0.8689
vn -0.0109 -0.9972 0.0739
vn 0.5160 -0.0129 0.8565
vn -0.1013 -0.9438 -0.3146
vn -0.1454 0.6424 -0.7524
vn -0.0694 0.6914 0.7191
vn -0.2776 -0.8182 0.5035
vn -0.0305 0.1258 0.9916
vn 0.1861 -0.9773 -0.1016
vn 0.8528 -0.0011 0.5223
vn -0.0115 0.0020 -0.9999
vn 0.0514 0.9947 -0.0889
vn -0.0305 -0.2393 0.9705
vn 0.9860 -0.1257 0.1093
vn 0.0655 -0.9978 0.0051
vn 0.0044 0.9801 0.1982
vn -0.7370 -0.6758 0.0144
vn -0.0871 0.9941 -0.0645
vn -0.1848 -0.0133 0.9827
vn -0.8133 0.0297 0.5810
vn -0.1465 -0.8886 -0.4347
vn 0.7046 -0.0185 0.7093
vn 0.0595 0.9822 -0.1779
vn -0.9981 -0.0609 -0.0068
vn -0.1217 -0.9134 -0.3885
vn 0.1472 0.3625 0.9203
vn 0.1432 0.5228 -0.8404
vn 0.1872 0.9619 0.1995
vn -0.1336 0.1034 0.9856
vn 0.6068 0.0142 0.7947
vn -0.0390 -0.8836 0.4666
vn 0.1912 -0.7071 -0.6808
vn -0.3725 0.2877 0.8823
vn -0.2013 -0.0045 0.9795
vn 0.0376 0.9992 -0.0111
vn -0.7800 0.0156 -0.6256
vn -0.0124 -0.9999 -0.0016
vn -0.8764 0.0731 0.4760
vn -0.0281 -0.8648 0.5013
vn -0.1119 -0.7298 -0.6745
vn -0.5442 -0.0527 0.8373
vn 0.0312 0.1221 -0.9920
vn -0.0008 0.9998 0.0216
vn 0.0731 -0.3498 -0.9340
vn 0.0885 0.9961 -0.0046
vn 0.9345 -0.0077 -0.3558
vn -0.0796 -0.0097 -0.9968
vn -0.9621 0.0095 0.2725
vn -0.9457 0.0132 -0.3248
vn 0.0429 -0.9921 0.1183
vn 0.0827 0.9902 -0.1123
vn -0.5066 0.0805 -0.8584
vn -0.3972 -0.6929 -0.6018
vn 0.9994 0.0278 -0.0182
vn -0.0781 -0.9734 0.2153
vn -0.0316 -0.3244 -0.9454
vn -0.4416 0.0292 -0.8967
vn 0.9894 0.1414 -0.0327
vn 0.9767 0.1969 -0.0855
vn -0.8850 -0.0568 -0.4622
vn -0.1513 0.3451 -0.9263
vn -0.7614 0.2691 0.5897
vn 0.0421 -0.9978 0.0519
vn -0.0050 -0.9983 -0.0576
vn 0.6917 0.1628 0.7036
vn -0.2036 0.9520 -0.2288
vn -0.0080 0.0209 0.9997
vn -0.0108 0.9905 -0.1372
vn 0.6461 0.0069 -0.7633
vn 0.0063 -0.7616 -0.6480
vn -0.3507 0.0095 -0.9364
vn 0.8601 -0.0079 -0.5100
vn -0.0293 -0.9904 -0.1351
vn 0.0073 -0.0410 -0.9991
vn 0.9961 0.0478 0.0743
vn -0.3730 -0.5474 0.7492
vn 0.0099 -0.0217 0.9997
vn 0.5830 0.7399 -0.3356
vn -0.9889 -0.0701 -0.1307
vn 0.9634 0.0933 0.2514
vn 0.9574 0.0931 0.2734
vn -0.9405 -0.1065 -0.3226
vn 0.8968 0.2870 0.3366
vn 0.9820 0.0994 -0.1608
vn 0.0668 -0.0012 0.9978
vn 0.9820 0.1681 -0.0864
vn 0.9936 0.0547 -0.0987
vn -0.1512 0.3457 -0.9261
vn -0.0924 -0.9956 0.0122
vn -0.8253 0.2479 0.5075
vn -0.3314 0.1120 0.9368
vn -0.0557 -0.0843 -0.9949
vn 0.6836 0.7121 -0.1599
vn 0.7397 0.6417 -0.2027
vn -0.0626 0.7615 0.6452
vn -0.0015 -0.0053 -1.0000
vn 0.5717 0.8131 0.1098
vn 0.5927 -0.8045 -0.0389
vn 0.7759 0.0159 0.6307
vn 0.2427 0.1730 -0.9546
vn -0.9882 -0.0254 0.1508
vn 0.2399 -0.7205 -0.6507
vn -0.0979 0.9950 0.0217
vn 0.1113 0.3019 -0.9468
vn 0.9931 0.1163 0.0140
vn 0.0132 0.8650 0.5017
vn -0.9344 -0.1167 0.3365
vn -0.9307 0.0152 -0.3654
vn -0.9829 -0.0588 0.1743
vn -0.9419 -0.0089 -0.3358
vn -0.4558 -0.0211 0.8898
vn 0.2242 -0.6395 -0.7354
vn -0.2746 0.0982 -0.9565
vn -0.1995 -0.9191 -0.3397
vn -0.0092 0.3570 0.9340
vn -0.6655 -0.6850 0.2966
vn -0.0263 0.9866 -0.1611
vn 0.0233 0.6403 0.7678
vn 0.0323 0.3122 0.9495
vn 0.4050 -0.0080 -0.9143
vn -0.8767 0.1038 -0.4698
vn 0.9596 0.2381 0.1497
vn -0.9988 0.0236 0.0420
vn -0.8522 0.1356 -0.5053
vn -0.0101 -0.0386 0.9992
vn -0.0035 0.0039 -1.0000
vn -0.9992 -0.0392 0.0050
vn 0.8899 0.0407 -0.4544
vn -0.8999 0.1488 0.4099
vn -0.9961 -0.0487 0.0733
vn -0.5423 -0.0344 0.8395
vn 0.2590 0.1248 0.9578
vn -0.0240 0.3022 0.9530
vn 0.0260 0.9922 0.1219
vn -0.9738 0.1833 0.1348
vn -0.8389 -0.0034 0.5443
vn 0.8162 0.0273 0.5771
vn 0.0086 0.0149 0.9999
vn 0.9418 -0.0970 -0.3219
vn -0.3747 0.1585 -0.9135
vn 0.1718 0.9356 -0.3085
vn -0.0821 -0.9276 -0.3645
vn -0.3772 0.1601 -0.9122
vn 0.8598 -0.0194 -0.5103
vn 0.0080 0.9524 -0.3047
vn 0.0006 0.0043 -1.0000
vn -0.0793 -0.1457 -0.9862
vn -0.1102 -0.9394 -0.3247
vn -0.9914 -0.0187 0.1296
vn 0.3145 -0.7310 0.6055
vn -0.0435 -0.2816 0.9586
vn -0.0146 0.8269 0.5622
vn 0.0363 0.0453 -0.9983
vn -0.4402 -0.8573 -0.2670
vn 0.4117 -0.6342 0.6545
vn -0.0651 0.0106 -0.9978
vn 0.0324 -0.9894 0.1416
vn 0.0004 0.0919 -0.9958
vn -0.9741 0.1936 -0.1169
vn 0.0570 0.0039 -0.9984
vn 0.9555 0.1370 0.2613
vn 0.7600 0.5312 -0.3744
vn -0.0195 0.9708 0.2392
vn -0.0276 0.2901 -0.9566
vn 0.0707 0.0201 -0.9973
vn 0.8683 -0.1193 -0.4815
vn 0.0331 0.0764 -0.9965
vn 0.0089 0.0247 -0.9997
vn 0.0010 0.0073 -1.0000
vn 0.6620 -0.7490 0.0270
vn 0.1007 -0.9705 0.2191
vn -0.0471 -0.0649 -0.9968
vn -0.8955 -0.1929 0.4010
vn 0.3521 -0.6962 0.6256
vn -0.1753 -0.9809 0.0838
vn 0.5282 -0.7876 -0.3174
vn -0.6047 0.7964 0.0106
vn 0.0370 0.3378 0.9405
vn 0.0021 0.9362 -0.3515
vn 0.3709 -0.0133 -0.9286
vn 0.7021 -0.4089 0.5829
vn -0.0236 0.2065 0.9782
vn 0.0938 -0.9956 -0.0069
vn -0.9879 0.0429 0.1489
vn 0.4285 -0.8785 0.2115
vn 0.0698 -0.2096 -0.9753
vn 0.4965 -0.8419 -0.2115
vn 0.0207 -0.0341 0.9992
vn -0.1053 -0.0492 0.9932
vn 0.0047 0.0067 1.0000
vn 0.0077 -0.9855 0.1692
vn -0.0020 -1.0000 0.0041
vn 0.3799 -0.9231 0.0588
vn 0.0551 -0.9905 -0.1263
vn 0.2536 -0.9516 -0.1735
vn 0.0043 1.0000 0.0071
vn 0.0051 0.0044 -1.0000
vn 0.4857 -0.8632 -0.1375
vn -0.9442 0.3294 0.0020
vn 0.5155 -0.8358 -0.1888
vn 0.2265 0.0253 -0.9737
vn 0.4673 -0.1292 0.8746
vn -0.0100 0.0610 0.9981
vn 0.9719 -0.0391 0.2322
vn 0.9398 -0.3383 0.0481
vn -0.0052 0.0015 1.0000
vn 0.9893 -0.1095 -0.0960
vn -0.6771 0.0441 -0.7345
vn -0.9504 0.3059 -0.0559
vn 0.0334 0.9978 0.0571
vn 0.0207 -0.9952 0.0952
vn -0.9979 -0.0552 -0.0341
vn -0.9999 -0.0019 -0.0166
vn 0.0026 -0.9980 -0.0634
vn -0.0799 0.7132 -0.6964
vn 0.9274 -0.0013 -0.3741
vn 0.1470 -0.0705 0.9866
vn 0.3638 0.0205 0.9312
vn -0.1190 -0.9857 -0.1191
vn 0.1350 -0.9155 -0.3790
vn -0.9894 0.0613 0.1317
vn -0.7178 0.6962 0.0125
vn 0.9809 -0.1875 0.0524
vn 0.6121 -0.1322 -0.7796
vn -0.9527 0.2748 -0.1298
vn 0.0976 0.1699 0.9806
vn 0.9893 -0.1449 -0.0158
vn 0.1732 0.0821 -0.9815
vn -0.9302 0.3670 0.0054
vn 0.4622 -0.8597 0.2175
vn -0.9091 -0.2592 0.3262
vn -0.1019 0.0912 0.9906
vn -0.0043 -0.0284 -0.9996
vn 0.0171 -0.0332 -0.9993
vn -0.9888 -0.0062 0.1493
vn -0.1053 -0.6453 -0.7567
vn -0.0189 0.9977 -0.0646
vn -0.0186 -0.0032 -0.9998
vn -0.5542 -0.2163 -0.8038
vn 0.2373 -0.0622 -0.9695
vn 0.9904 -0.0526 0.1275
vn -0.9854 -0.0675 0.1563
vn 0.5832 -0.1200 -0.8034
vn 0.2466 0.0106 -0.9691
vn -0.8107 0.2538 -0.5276
vn -0.0241 -0.9922 0.1225
vn 0.8022 0.0312 0.5962
vn -0.0048 0.0381 0.9993
vn -0.0019 -0.0105 0.9999
vn 0.7920 0.2140 0.5718
vn -0.3525 -0.2429 0.9037
vn 0.0619 -0.0176 0.9979
vn -0.9626 -0.1352 0.2346
vn -0.0900 0.8420 -0.5319
vn 0.0972 0.0721 -0.9927
vn 0.1453 0.1325 0.9805
vn 0.7893 0.2737 -0.5497
vn -0.0864 -0.0070 -0.9962
vn -0.0423 -0.1858 -0.9817
vn 0.2996 -0.8668 -0.3985
vn 0.0757 0.0636 -0.9951
vn -0.5055 -0.0907 0.8581
vn 0.0064 0.9370 -0.3492
vn -0.0238 0.3407 0.9399
vn 0.6185 0.7026 -0.3518
vn -0.0411 -0.9577 -0.2850
vn 0.5040 -0.7653 -0.4003
vn -0.0336 0.9457 -0.3233
vn 0.9464 0.1806 -0.2679
vn -0.0690 0.8875 -0.4556
vn -0.0160 -0.0326 -0.9993
vn 0.0965 0.0708 -0.9928
vn -0.2103 -0.9683 -0.1350
vn 0.5347 -0.8438 0.0449
vn -0.7449 0.5061 -0.4348
vn -0.0548 0.4610 0.8857
vn 0.8115 0.4645 0.3545
vn -0.0566 -0.8215 -0.5673
vn -0.6705 -0.3333 0.6629
vn -0.2818 -0.3827 0.8798
vn 0.2531 -0.0039 0.9674
vn 0.9981 -0.0612 0.0038
vn 0.1029 0.0379 0.9940
vn -0.0512 0.9844 -0.1685
vn 0.4433 0.1797 0.8782
vn -0.9968 0.0078 -0.0797
vn 0.0158 -0.9986 0.0500
vn 0.0147 -0.0227 0.9996
vn -0.7912 0.4320 0.4329
vn 0.0325 0.0367 0.9988
vn -0.5024 -0.0073 0.8646
vn 0.0449 -0.0664 -0.9968
vn 0.2512 0.9652 -0.0728
vn 0.0139 0.7520 -0.6591
vn 0.7663 0.6425 0.0013
vn 0.5181 -0.8381 -0.1711
vn -0.7529 -0.1791 0.6333
vn -0.9980 0.0017 -0.0625
vn -0.2575 -0.8784 -0.4027
vn -0.4003 0.0053 -0.9164
vn 0.5745 -0.2091 -0.7914
vn -0.1509 -0.9884 0.0139
vn 0.9744 -0.1147 -0.1932
vn -0.0021 -0.0047 1.0000
vn -0.6506 -0.3730 0.6615
vn -0.6826 -0.2398 0.6903
vn -0.0150 -0.1386 -0.9902
vn 0.0162 -0.9998 0.0072
vn 0.9426 0.2724 0.1933
vn -0.2573 -0.8771 -0.4056
vn 0.6725 -0.2117 0.7091
vn -0.0233 0.9962 0.0843
vn 0.6292 0.0246 -0.7769
vn 0.9587 -0.2323 -0.1639
vn 0.5407 -0.0574 -0.8392
vn -0.0423 -0.9990 0.0160
vn -0.0414 -0.9770 -0.2090
vn -0.6439 0.1409 0.7520
vn 0.1874 -0.1025 -0.9769
vn -0.9979 0.0138 0.0639
vn -0.7035 0.2173 0.6767
vn -0.9610 -0.0525 0.2715
vn 0.1378 -0.9392 -0.3145
vn 0.1853 -0.1262 0.9745
vn -0.1287 -0.9903 -0.0529
vn -0.1250 -0.0892 -0.9881
vn 0.9990 -0.0430 -0.0102
vn 0.0028 0.1098 -0.9940
vn -0.0857 0.8161 0.5715
vn -0.9812 0.1719 -0.0873
vn 0.8784 -0.4775 -0.0198
vn -0.0809 -0.9532 -0.2913
vn 0.3274 0.9437 -0.0473
vn -0.1008 -0.9211 -0.3762
vn 0.3896 -0.9205 -0.0305
vn 0.5998 -0.1596 -0.7841
vn 0.0052 -0.1939 -0.9810
vn 0.6717 -0.2518 0.6967
vn 0.9987 -0.0155 -0.0494
vn 0.1258 -0.0277 -0.9917
vn 0.0946 0.2711 0.9579
vn 0.2950 0.9534 0.0632
vn 0.7251 0.6884 0.0185
vn 1.0000 -0.0006 0.0006
vn 0.5211 -0.8524 0.0421
vn -0.9499 0.1825 0.2539
vn 0.5074 -0.8581 -0.0783
vn 0.9919 -0.1223 0.0330
vn -0.9573 0.2819 0.0633
vn 0.2343 -0.8801 0.4129
vn -0.0576 0.9968 0.0559
vn -0.1090 0.9811 -0.1596
vn 0.0252 -0.8971 0.4410
vn 0.8889 -0.4395 0.1292
vn 0.9904 0.0033 0.1384
vn 0.0648 0.8888 0.4536
vn -1.0000 -0.0044 0.0046
vn -0.3410 0.9191 0.1974
vn -0.6442 0.3766 -0.6657
vn -0.9983 0.0486 0.0323
vn 0.8125 0.5283 0.2463
vn 0.4093 0.7644 -0.4982
vn -0.0753 0.8164 0.5725
vn 0.0374 -0.9335 0.3567
vn 0.0119 0.9999 -0.0111
vn -0.4101 0.1564 0.8985
vn 0.0175 0.9998 -0.0134
vn -0.9709 0.2228 -0.0878
vn -0.0979 0.0774 -0.9922
vn 0.9999 -0.0127 0.0001
vn -0.2300 0.9143 -0.3334
vn -0.3198 0.9202 0.2259
vn 0.0097 0.9999 -0.0103
vn -0.9969 0.0228 0.0759
vn -0.2198 0.2044 -0.9539
vn -0.5403 0.4769 0.6932
vn 0.9816 0.1902 0.0144
vn 0.0042 1.0000 -0.0057
vn 0.9713 -0.2364 0.0251
vn 0.4986 0.6736 -0.5456
vn -0.8608 0.4951 -0.1179
vn -0.0138 0.3492 0.9370
vn 0.1488 -0.9886 -0.0245
vn -0.9871 -0.1551 0.0404
vn -0.0305 -0.8941 0.4469
vn -0.7816 0.3783 -0.4960
vn -0.3732 0.3548 0.8572
vn 0.9967 0.0090 -0.0807
vn 0.9965 0.0164 0.0819
vn 0.7513 0.6168 -0.2346
vn -0.9970 -0.0123 0.0770
vn -0.2512 0.2941 0.9222
vn -0.0749 0.9969 0.0235
vn -0.8812 0.4716 0.0337
vn -0.8289 0.0773 0.5541
vn 0.9987 -0.0437 -0.0249
vn 0.1073 -0.0395 -0.9934
vn -0.9969 0.0194 -0.0763
vn -0.0042 -1.0000 -0.0019
vn -0.9120 -0.3085 -0.2702
vn -0.8883 0.4584 0.0262
vn 0.1552 -0.9750 -0.1590
vn -0.7290 -0.4794 0.4886
vn -0.9995 0.0299 -0.0087
vn -0.3707 0.0674 0.9263
vn -0.4040 0.9143 -0.0304
vn 0.6748 0.5575 0.4835
vn 0.7992 -0.6010 0.0069
vn 0.6158 0.7879 0.0096
vn 0.6988 -0.2278 -0.6781
vn 0.6860 -0.7276 0.0031
vn 0.9999 -0.0058 0.0141
vn 0.9050 -0.4255 0.0017
vn 0.9991 -0.0354 0.0217
vn -0.2487 0.9679 0.0356
vn -0.9626 0.0008 -0.2709
vn 0.9978 0.0642 -0.0181
vn 0.1589 -0.0366 -0.9866
vn 0.2033 -0.9712 0.1244
vn 0.9165 -0.1683 -0.3629
vn 0.0701 -0.7642 0.6412
vn -0.9890 0.0280 -0.1451
vn -0.0786 0.0239 -0.9966
vn -0.9842 0.1688 -0.0538
vn -0.9879 0.0637 -0.1413
vn -0.9804 0.0268 -0.1952
vn -0.6216 0.0692 0.7802
vn -0.9443 0.0179 0.3287
vn -0.9852 -0.0478 -0.1649
vn -0.9377 0.3307 -0.1069
vn 0.9874 -0.1566 0.0232
vn 0.1903 0.5895 -0.7850
vn -0.1489 -0.0033 -0.9888
vn -0.7235 0.2406 -0.6471
vn -0.2197 0.3722 0.9018
vn -0.9872 0.1594 -0.0071
vn -0.1954 0.3277 0.9244
vn 0.5274 0.0003 -0.8496
vn 0.4236 0.9058 -0.0041
vn 0.9996 0.0270 0.0126
vn 0.3257 -0.0029 0.9455
vn -0.9771 0.2129 0.0035
vn -0.9167 -0.3995 0.0006
vn 0.5960 0.0102 -0.8030
vn 0.9993 0.0362 0.0067
vn -0.8477 0.5168 -0.1195
vn 0.0135 0.9998 -0.0138
vn -0.9867 -0.1622 -0.0062
vn -0.1938 0.9810 -0.0022
vn 0.2793 -0.6748 -0.6831
vn 0.3995 0.5000 -0.7684
vn -0.0252 -0.9996 -0.0085
vn -0.5627 0.7775 0.2809
vn 0.9480 -0.3140 0.0515
vn -0.1240 -0.9919 -0.0272
vn -0.1269 -0.9905 -0.0539
vn -0.1531 -0.1075 0.9824
vn -0.0118 -0.9999 0.0002
vn 0.8397 0.5408 -0.0487
vn 0.4494 0.8893 0.0847
vn -0.0337 -0.9994 0.0034
vn 0.9795 -0.2016 -0.0010
vn -0.7154 -0.0883 -0.6932
vn 0.0436 -0.0127 0.9990
vn -0.3081 -0.8472 0.4329
vn 0.4500 0.6396 -0.6233
vn -0.0386 0.0271 0.9989
vn -0.4499 -0.7157 0.5342
vn -0.9997 0.0182 -0.0181
vn -0.5887 0.8084 -0.0014
vn 0.9777 0.1830 -0.1029
vn 1.0000 -0.0079 0.0050
vn -0.0959 -0.9951 0.0244
vn 0.9617 -0.2671 -0.0620
vn 0.9913 -0.0072 0.1317
vn 0.9667 0.1519 -0.2058
vn 0.7193 0.6938 -0.0349
vn -0.8112 0.5838 0.0331
vn 0.9980 -0.0624 -0.0107
vn -0.9906 0.1333 -0.0318
vn -0.9995 -0.0319 0.0071
vn 0.6649 -0.1920 -0.7218
vn 0.4027 -0.9148 0.0304
vn 0.1389 -0.9901 0.0182
vn 0.3538 -0.9348 -0.0306
vn -0.1504 0.5501 -0.8214
vn 0.9728 0.2299 -0.0283
vn -0.1709 -0.9849 0.0291
vn -0.0960 0.9954 -0.0013
vn -0.1667 0.9860 -0.0014
vn -0.9776 -0.2010 -0.0618
vn 0.3436 0.0110 -0.9391
vn 0.6208 -0.7769 0.1049
vn 0.0111 0.9990 0.0429
vn 0.9740 0.1735 0.1460
vn -0.9967 0.0802 0.0124
vn 0.9677 0.0377 0.2491
vn -0.2277 0.1792 -0.9571
vn 0.1281 -0.1418 -0.9816
vn -0.4719 -0.7412 0.4774
vn -0.2021 0.0039 -0.9794
vn -0.8936 -0.4473 0.0362
vn -0.0853 0.0184 -0.9962
vn -0.1968 0.9769 -0.0838
vn 0.3435 0.1466 0.9276
vn -0.4670 0.0287 -0.8838
vn 0.0133 0.4274 -0.9040
vn -0.9998 -0.0084 -0.0185
vn -0.9990 0.0426 0.0114
vn 0.0449 -0.9967 0.0670
vn 0.0805 0.9281 -0.3634
vn -0.8825 0.3921 -0.2597
vn 0.4995 0.2901 0.8163
vn -0.6367 0.4143 -0.6503
vn -0.0669 -0.9418 -0.3295
vn 0.0295 -0.9760 0.2159
vn 0.0041 -0.8673 -0.4977
vn -0.0878 0.0195 -0.9960
vn -0.4539 0.2767 -0.8470
vn -0.0801 0.2108 0.9742
vn -0.2621 0.0253 -0.9647
vn -0.5759 -0.5274 -0.6247
vn 0.0023 -0.9984 -0.0561
vn -0.6189 -0.5421 -0.5684
vn -0.9474 -0.3133 -0.0659
vn -0.3574 0.4871 -0.7968
vn 0.0152 -0.9972 0.0738
vn 0.0173 -0.9986 0.0498
vn -0.4142 0.8755 0.2489
vn -0.0078 -0.1247 0.9922
vn 0.3495 0.0134 0.9369
vn 0.1624 -0.8078 0.5666
vn -0.0161 -0.9999 -0.0028
vn -0.2325 0.0688 0.9702
vn 0.3428 -0.0061 0.9394
vn -0.3167 0.0444 -0.9475
vn 0.2548 0.0199 -0.9668
vn 0.9912 0.0101 -0.1320
vn -0.3312 -0.1221 0.9356
vn 0.0035 -0.9999 0.0160
vn -0.7129 0.3372 0.6149
vn 0.0138 -0.9994 0.0318
vn -0.3673 -0.0722 0.9273
vn 0.4119 0.2966 -0.8616
vn -0.0034 -0.9996 -0.0277
vn 0.2356 0.3445 -0.9087
vn -0.3329 0.3862 -0.8602
vn 0.2383 0.5548 -0.7972
vn -0.0382 -0.9953 0.0891
vn -0.5026 -0.0632 0.8622
vn -0.0986 -0.9190 -0.3818
vn 0.1651 -0.9654 -0.2017
vn -0.0502 -0.9919 0.1166
vn 0.2688 -0.0118 0.9631
vn -0.3295 -0.2186 0.9185
vn 0.0479 0.9984 -0.0308
vn 0.9352 -0.0047 -0.3541
vn 0.9937 -0.0148 0.1112
vn -0.0819 0.1612 -0.9835
vn 0.0730 -0.9972 0.0170
vn -0.6076 0.5310 0.5906
vn 0.2260 0.9313 -0.2856
vn 0.3459 0.3434 -0.8731
vn 0.5557 0.2687 0.7868
vn -0.0400 -0.9940 0.1019
vn -0.2342 0.1111 0.9658
vn -0.2847 0.0562 -0.9570
vn -0.9975 -0.0119 -0.0693
vn 0.0512 -0.9984 0.0245
vn 0.8913 0.0119 0.4533
vn -0.9998 0.0042 -0.0171
vn -0.0184 -0.9893 -0.1450
vn 0.2118 0.3808 0.9001
vn -0.0580 0.2800 0.9582
vn 0.5061 -0.1165 0.8546
vn 0.9730 -0.1267 -0.1927
vn 0.0680 0.0438 -0.9967
vn 0.1810 0.4214 -0.8886
vn 0.1685 0.9808 0.0983
vn 0.7528 -0.0345 0.6573
vn -0.5297 0.0281 0.8477
vn 0.0361 -0.9928 -0.1141
vn 0.8452 0.5115 -0.1551
vn 0.0037 0.9930 0.1178
vn 0.0160 -0.7876 0.6160
vn 0.9950 0.0465 0.0879
vn -0.0703 0.1145 -0.9909
vn -0.0148 -0.9980 -0.0617
vn -0.2564 -0.0428 0.9656
vn 0.1163 -0.0330 0.9927
vn 0.4363 0.2551 0.8629
vn 0.0123 0.0437 -0.9990
vn 0.1892 0.9377 0.2914
vn 0.9299 -0.0847 0.3578
vn 0.0908 -0.5007 -0.8608
vn 0.0526 -0.0554 -0.9971
vn -0.1407 -0.5906 -0.7946
vn 0.0004 -0.9971 -0.0756
vn 0.0182 0.0084 -0.9998
vn 0.0795 -0.3814 -0.9210
vn 0.0396 -0.8087 -0.5868
vn 0.0114 -0.0087 0.9999
vn -0.0123 0.9946 0.1035
vn 0.0035 -0.9999 0.0120
vn 0.9505 0.2632 -0.1654
vn -0.1701 0.6228 0.7637
vn -0.0012 0.9998 0.0189
vn 0.9502 0.0948 0.2968
vn -0.9984 0.0021 0.0567
vn 0.0502 0.0712 -0.9962
vn -0.9447 0.3073 0.1147
vn 0.0448 0.8919 0.4501
vn -0.0358 -0.8535 0.5198
vn 0.0442 -0.0203 -0.9988
vn 0.0047 -0.9999 -0.0158
vn 0.8478 0.0224 0.5298
vn -0.0024 0.4985 0.8669
vn -0.9958 -0.0864 0.0296
vn -0.0416 0.3207 0.9463
vn 0.5922 -0.4045 0.6969
vn -0.9841 -0.1601 0.0775
vn -0.3632 0.0053 -0.9317
vn -0.9885 -0.0406 0.1454
vn -0.0546 0.4080 0.9113
vn 0.1856 0.9042 -0.3847
vn 0.0082 -0.0031 -1.0000
vn 0.9588 0.1344 0.2504
vn -0.1370 -0.1080 0.9847
vn -0.0079 -0.2192 0.9756
vn 0.0356 0.1668 -0.9853
vn -0.0075 -0.9990 -0.0442
vn -0.0707 -0.5954 -0.8003
vn 0.2513 0.9673 -0.0341
vn -0.0868 0.0687 0.9939
vn -0.0225 -0.8858 -0.4635
vn -0.1716 0.5729 -0.8015
vn -0.9412 0.0098 0.3378
vn 0.0259 0.7147 0.6990
vn 0.0130 0.9945 -0.1038
vn 0.0029 0.1105 -0.9939
vn -0.0067 -0.9967 0.0812
vn -0.8882 0.0203 0.4590
vn 0.0184 0.7438 0.6682
vn 0.0738 -0.0499 0.9960
vn 0.7578 -0.3174 0.5701
vn 0.6032 -0.6177 0.5046
vn -0.9710 -0.1794 -0.1579
vn 0.6506 -0.4353 0.6223
vn 0.0341 -0.9994 0.0084
vn 0.1426 0.1488 0.9785
vn -0.9998 -0.0161 -0.0131
vn -0.9670 -0.0220 0.2539
vn -0.2770 0.3969 0.8751
vn -0.9464 0.2522 -0.2020
vn -0.9649 -0.0232 0.2614
vn -0.4036 0.1103 -0.9082
vn 0.9764 -0.2001 -0.0813
vn 0.8625 0.3739 -0.3410
vn 0.0303 0.9981 0.0537
vn 0.9512 -0.0150 -0.3082
vn -0.9961 -0.0275 -0.0837
vn -0.0711 0.9314 -0.3570
vn -0.7545 0.5696 -0.3261
vn 0.4487 0.7962 0.4059
vn -0.9890 -0.0267 -0.1455
vn 0.6962 -0.1821 0.6943
vn -0.0603 0.0424 0.9973
vn -0.2532 0.1344 -0.9580
vn 0.0073 0.1461 -0.9892
vn 0.0588 -0.5149 -0.8552
vn 0.1046 -0.9939 -0.0349
vn -0.4796 -0.6688 0.5681
vn -0.1734 -0.8633 -0.4739
vn -0.8969 -0.4126 -0.1590
vn -0.1823 -0.1983 -0.9630
vn 0.4838 -0.1380 0.8642
vn -0.1239 -0.5129 -0.8495
vn 0.1439 -0.0076 -0.9896
vn 0.0537 -0.3899 0.9193
vn 0.1148 0.0957 -0.9888
vn -0.0177 -0.9972 -0.0730
vn 0.0012 0.7764 -0.6302
vn -0.9846 -0.0401 -0.1702
vn 0.8710 0.4834 0.0878
vn 0.5108 -0.7086 -0.4868
vn -1.0000 0.0013 -0.0045
vn 0.1955 -0.0447 0.9797
vn 0.5890 0.0404 0.8071
vn 0.5224 -0.7057 -0.4785
vn 0.0289 -0.9862 -0.1627
vn 0.5800 -0.6889 -0.4347
vn -0.0481 -0.9987 -0.0147
vn 0.0799 0.9961 0.0382
vn 0.1174 0.9692 -0.2167
vn -0.1488 0.1005 -0.9837
vn -0.1689 0.0048 -0.9856
vn 0.0467 -0.1975 -0.9792
vn 0.9992 -0.0244 -0.0325
vn 0.1091 0.9937 -0.0245
vn -0.0710 0.4472 -0.8916
vn 0.1372 0.9905 -0.0069
vn 0.9209 -0.3882 0.0348
vn 0.8888 0.4530 0.0690
vn 1.0000 -0.0056 -0.0010
vn 0.3415 -0.9399 -0.0051
vn 0.9943 -0.0299 0.1023
vn 0.9947 -0.0709 0.0749
vn -0.9998 -0.0097 -0.0183
vn -0.8975 0.4383 -0.0492
vn 0.9939 0.1106 -0.0045
vn 0.9826 -0.0025 -0.1859
vn 0.0028 0.0797 0.9968
vn -0.9999 -0.0067 0.0157
vn 0.9999 -0.0106 0.0030
vn 0.4025 0.9154 0.0005
vn 0.9982 -0.0130 -0.0584
vn 0.0157 0.9998 -0.0127
vn -0.9961 0.0851 0.0249
vn 0.9681 -0.0303 0.2488
vn -0.0046 -0.0061 1.0000
vn -0.1387 0.9749 -0.1742
vn -0.0452 0.9425 -0.3313
vn -0.9085 -0.3687 -0.1966
vn 0.6006 0.0860 -0.7949
vn 1.0000 0.0068 -0.0040
vn 0.2644 0.1281 -0.9559
vn 0.8025 0.5956 0.0342
vn -0.1562 0.4226 -0.8927
vn -0.5954 0.2749 0.7549
vn 0.9388 0.3389 -0.0615
vn 0.1792 -0.9769 0.1167
vn 0.5807 -0.1690 -0.7964
vn 0.9843 -0.0258 0.1746
vn 0.6138 0.7880 0.0478
vn 0.0567 -0.9984 -0.0040
vn 1.0000 -0.0019 -0.0087
vn 0.2280 0.0295 0.9732
vn -0.8028 -0.4723 0.3639
vn -0.9994 0.0175 -0.0295
vn -0.1812 0.0126 -0.9834
vn -0.9551 -0.0302 -0.2947
vn 0.0069 -1.0000 0.0002
vn 0.8629 -0.5054 0.0027
vn 0.7433 -0.6690 0.0039
vn -0.8024 0.5967 0.0091
vn -0.0342 0.9994 -0.0011
vn -0.0423 0.9991 -0.0015
vn -0.3804 0.7267 -0.5720
vn -0.5111 -0.0887 -0.8549
vn -0.1017 -0.0134 -0.9947
vn 0.0295 0.9605 -0.2767
vn -0.0763 -0.9969 0.0175
vn -0.2268 0.8868 -0.4026
vn -0.4492 0.0157 -0.8933
vn -0.0237 0.9960 0.0863
vn -0.4678 0.7807 0.4143
vn 0.1341 -0.9895 0.0538
vn -0.2099 0.9667 0.1467
vn 0.9638 -0.2585 0.0656
vn -0.1828 -0.9274 0.3262
vn 1.0000 0.0012 -0.0056
vn 0.2655 0.3925 -0.8806
vn -0.1003 -0.9948 0.0149
vn 0.1032 0.9182 0.3824
vn 0.4973 0.1782 0.8491
vn -0.9954 -0.0931 0.0234
vn 0.0328 -0.9995 0.0048
vn -0.0243 -0.8877 0.4597
vn 0.4389 0.1562 0.8848
vn 0.3723 -0.0036 0.9281
vn -0.5605 0.5326 0.6341
vn -0.0040 0.9940 -0.1089
vn 0.9972 0.0730 -0.0173
vn -0.4012 -0.0285 0.9155
vn 0.9847 -0.1115 0.1340
vn 0.0662 -0.9952 -0.0715
vn 0.5233 -0.0228 -0.8519
vn -0.7777 0.0146 -0.6284
vn -0.0289 -0.9993 0.0243
vn -0.2097 0.6763 0.7062
vn -0.0263 0.2964 0.9547
vn -0.8697 -0.2108 -0.4464
vn -0.1989 0.0458 0.9789
vn -0.0608 0.7883 -0.6123
vn -0.9438 0.1077 0.3125
vn 0.2542 0.9652 -0.0607
vn 0.0145 -0.0397 0.9991
vn 0.0568 -0.0307 0.9979
vn 0.9096 0.4034 0.0991
vn -0.9874 0.1260 -0.0959
vn -0.0121 -0.0882 -0.9960
vn -0.0092 0.0438 0.9990
vn 0.7586 0.6470 0.0765
vn -0.0394 -0.0872 -0.9954
vn -0.9675 -0.0246 -0.2516
vn 0.0004 0.9455 -0.3255
vn 0.0138 -0.9982 0.0589
vn -0.9288 -0.0137 0.3704
vn -0.0082 0.9978 0.0656
vn 0.0599 -0.1434 0.9878
vn 0.2977 0.1933 0.9349
vn 0.2204 -0.7291 -0.6479
vn 0.0016 -0.0006 1.0000
vn -0.0410 -0.9638 0.2636
vn 0.0464 -0.9978 -0.0472
vn 0.9815 -0.0124 -0.1911
vn -0.3981 0.4562 -0.7958
vn -0.8806 -0.4129 -0.2323
vn 0.1124 0.0247 0.9934
vn -0.9867 -0.0081 0.1623
vn 0.2226 0.1467 -0.9638
vn -0.9511 0.3021 -0.0648
vn -0.9799 0.1542 0.1270
vn 0.1076 -0.2297 0.9673
vn 0.0402 -0.0941 0.9947
vn -0.0110 -0.9959 0.0902
vn 0.9232 -0.0456 -0.3817
vn -0.4384 -0.3167 -0.8412
vn -0.3144 -0.2607 -0.9128
vn -0.1321 -0.6158 0.7768
vn -0.0394 -0.9986 -0.0348
vn 0.0922 0.8937 -0.4390
vn -0.1464 0.1128 -0.9828
vn 0.1291 -0.0088 -0.9916
vn -0.0797 0.9059 -0.4158
vn -0.0423 -0.9538 -0.2974
vn -0.3861 0.0647 -0.9202
vn 0.2358 0.1764 0.9557
vn 0.5865 -0.8099 -0.0021
vn -0.5684 -0.2895 -0.7702
vn -0.0578 -0.6635 0.7460
vn 0.9967 -0.0816 0.0027
vn -0.7995 0.1333 0.5857
vn 0.2424 -0.0057 0.9702
vn 0.9834 0.0272 0.1794
vn -0.2350 -0.9719 0.0162
vn 0.7560 0.6220 0.2040
vn -0.9997 0.0251 -0.0065
vn -0.5394 -0.3086 -0.7834
vn 0.7171 -0.6969 0.0062
vn 0.0472 -0.9989 -0.0006
vn 0.1529 0.9882 -0.0018
vn -0.6656 0.0184 -0.7461
vn -0.9750 0.2220 0.0043
vn -0.5865 -0.0327 -0.8093
vn 0.0622 -0.9976 -0.0310
vn -0.0991 0.2185 0.9708
vn -0.9573 0.1431 0.2513
vn -0.1637 0.9865 0.0019
vn 0.9144 0.0277 -0.4038
vn -0.1988 0.2433 -0.9494
vn 0.6652 -0.0036 -0.7467
vn 0.9994 0.0353 -0.0009
vn -0.7782 -0.1020 -0.6196
vn -0.3179 -0.8813 0.3498
vn -0.0098 0.5210 0.8535
vn 0.4730 -0.0197 -0.8808
vn 0.2977 -0.7113 -0.6367
vn -0.9834 -0.1666 0.0721
vn -0.5830 0.3666 0.7251
vn -0.3377 -0.0565 -0.9395
vn 0.3092 0.3381 -0.8889
vn 0.1028 0.9197 0.3789
vn 0.3277 0.0129 0.9447
vn 0.5007 0.1883 0.8449
vn -0.5587 0.2739 0.7828
vn -0.0586 -0.9981 0.0168
vn -0.4543 -0.5980 0.6603
vn -0.0088 -1.0000 0.0011
vn -0.1640 -0.0693 -0.9840
vn -0.1955 -0.0128 0.9806
vn -0.9817 -0.1886 -0.0254
vn -0.2118 -0.0500 0.9760
vn 0.5927 0.0186 0.8052
vn 0.6424 0.0506 -0.7647
vn -0.3719 0.1566 -0.9150
vn 0.6129 -0.0510 -0.7885
vn -0.0066 -0.0160 -0.9999
vn -0.9730 -0.2105 -0.0943
vn -0.9963 0.0702 -0.0497
vn 0.4559 -0.2306 0.8596
vn 0.0271 -0.1578 0.9871
vn 0.1702 -0.9745 0.1462
vn -0.0099 -0.0840 0.9964
vn -0.0051 -0.9963 0.0858
vn 0.0154 -0.9698 -0.2434
vn -0.0231 -0.0140 -0.9996
vn -0.0014 -0.0026 -1.0000
vn 0.9401 -0.0846 -0.3301
vn 0.9963 -0.0449 -0.0729
vn -0.1328 -0.0792 -0.9880
vn 0.0035 0.9999 -0.0167
vn 0.1280 0.1891 -0.9736
vn -0.0224 0.9997 -0.0030
vn 0.1264 0.0075 0.9919
vn 0.0980 -0.0315 0.9947
vn 0.0993 0.0586 0.9933
vn 0.8420 -0.1044 -0.5292
vn -0.9793 -0.1757 -0.1009
vn 0.0101 0.9999 -0.0072
vn -0.1691 0.8447 0.5077
vn -0.0013 -0.0159 0.9999
vn -0.9987 -0.0041 -0.0513
vn -0.0168 0.9860 -0.1662
vn 1.0000 -0.0025 -0.0028
vn -0.0296 -0.9982 0.0530
vn 0.1615 0.9869 -0.0038
vn -0.2800 0.2612 -0.9238
vn -0.9796 -0.0579 -0.1923
vn -0.1007 0.9949 -0.0068
vn -0.4501 -0.8929 0.0105
vn -0.1117 -0.9929 -0.0412
vn 0.6498 -0.7563 -0.0758
vn -0.2343 -0.9597 -0.1554
vn 0.0114 -0.9999 0.0041
vn -0.5124 -0.8586 0.0175
vn 0.9948 -0.0949 0.0379
vn -0.3551 -0.0591 0.9330
vn -0.0131 -0.9998 0.0159
vn -0.9993 0.0142 0.0351
vn 0.2184 0.2755 -0.9362
vn 0.0257 -0.0363 0.9990
vn -0.1114 0.9107 0.3979
vn 0.6515 0.0165 0.7585
vn -0.3460 0.0002 -0.9382
vn 0.0265 -0.6011 -0.7988
vn -0.8537 0.1131 0.5083
vn -0.0793 0.5662 0.8205
vn 0.9542 0.0082 -0.2991
vn -0.0446 -0.9684 0.2454
vn 0.0144 0.9962 0.0859
vn 0.1098 0.2832 0.9527
vn 0.0215 -0.9972 -0.0721
vn 0.9993 -0.0115 0.0365
vn -0.4352 0.0538 0.8987
vn -0.0003 0.0036 1.0000
vn -0.0261 -0.8611 0.5077
vn -0.9263 -0.1242 0.3556
vn 0.9060 0.0310 -0.4222
vn 0.7828 -0.0571 0.6197
vn 0.0060 -0.0078 -1.0000
vn 0.0239 -0.0414 0.9989
vn 0.0335 0.9950 0.0938
vn -0.9055 0.4196 -0.0638
vn 0.2334 0.0993 0.9673
vn -0.1601 0.1651 0.9732
vn -0.9998 0.0015 0.0199
vn 0.9710 0.1983 0.1336
vn -0.0049 -1.0000 -0.0002
vn 0.9986 -0.0521 0.0100
vn 0.1390 -0.9903 0.0079
vn 0.0169 -0.0046 0.9998
vn -0.9852 -0.1711 0.0088
vn -0.9998 0.0199 0.0029
vn -1.0000 -0.0052 -0.0057
vn -0.4388 -0.8934 0.0963
vn 0.6856 -0.1742 -0.7068
vn 0.6508 -0.4245 0.6295
vn 0.5442 -0.0341 -0.8382
vn -0.3074 -0.0243 0.9513
vn 0.0471 0.0801 0.9957
vn 0.0784 0.2162 0.9732
vn 0.6861 -0.0610 -0.7250
vn 0.0447 -0.6750 -0.7364
vn 0.1281 -0.9876 -0.0906
vn -0.4751 0.8667 0.1519
vn 0.0672 0.0200 -0.9975
vn -0.0567 -0.9661 -0.2519
vn 0.0009 0.1191 0.9929
vn -0.0097 -1.0000 -0.0009
vn -0.1669 -0.0240 -0.9857
vn -0.8505 0.5222 0.0635
vn 0.9985 -0.0548 -0.0042
vn -0.7756 -0.0046 -0.6312
vn -0.1637 -0.0969 -0.9818
vn 0.9113 -0.4118 -0.0023
vn 0.7496 0.6619 -0.0075
vn 0.9994 -0.0100 0.0318
vn -0.9981 -0.0171 0.0589
vt 0.040865 0.320140
vt 0.027212 0.402881
vt 0.025212 0.322386
vt 0.041993 0.394158
vt 0.042295 0.425880
vt 0.007876 0.428635
vt 0.007630 0.405338
vt 0.024365 0.427419
vt 0.040030 0.278863
vt 0.026197 0.282228
vt 0.006372 0.329351
vt 0.005804 0.282095
vt 0.024630 0.277971
vt 0.006456 0.278109
vt 0.049123 0.281862
vt 0.277917 0.127479
vt 0.312208 0.092367
vt 0.307879 0.107732
vt 0.618677 0.667075
vt 0.615189 0.657785
vt 0.620949 0.660722
vt 0.643135 0.661158
vt 0.648233 0.652357
vt 0.643050 0.659245
vt 0.615871 0.634752
vt 0.658797 0.634701
vt 0.646516 0.668611
vt 0.167505 0.278552
vt 0.157738 0.345733
vt 0.155715 0.300409
vt 0.665868 0.662600
vt 0.694275 0.666121
vt 0.457550 0.515100
vt 0.453213 0.553389
vt 0.458465 0.557794
vt 0.694397 0.660139
vt 0.170377 0.353336
vt 0.187054 0.284929
vt 0.183286 0.333364
vt 0.186906 0.363534
vt 0.660224 0.671163
vt 0.049746 0.310968
vt 0.051160 0.381895
vt 0.702152 0.663146
vt 0.701972 0.635382
vt 0.108737 0.945296
vt 0.103994 0.940010
vt 0.090625 0.945574
vt 0.103402 0.950499
vt 0.159486 0.392047
vt 0.712471 0.673101
vt 0.738243 0.660107
vt 0.182589 0.391508
vt 0.187054 0.408118
vt 0.172000 0.396473
vt 0.070982 0.899643
vt 0.070982 0.917484
vt 0.069196 0.914364
vt 0.740410 0.669392
vt 0.701640 0.467886
vt 0.704018 0.477485
vt 0.699554 0.482547
vt 0.763496 0.663865
vt 0.721750 0.635089
vt 0.767411 0.636973
vt 0.159425 0.421667
vt 0.762034 0.677094
vt 0.764558 0.669296
vt 0.172913 0.425122
vt 0.101913 0.870940
vt 0.133084 0.871343
vt 0.134208 0.865745
vt 0.155100 0.275143
vt 0.156103 0.279710
vt 0.182861 0.279661
vt 0.184740 0.285156
vt 0.244239 0.242804
vt 0.220220 0.243491
vt 0.227822 0.233274
vt 0.108140 0.879665
vt 0.612287 0.663770
vt 0.062996 0.281902
vt 0.069572 0.298373
vt 0.095805 0.281960
vt 0.147890 0.291626
vt 0.051704 0.312159
vt 0.182999 0.308161
vt 0.489676 0.020437
vt 0.435317 0.016691
vt 0.492411 0.016106
vt 0.070668 0.350710
vt 0.490354 0.013355
vt 0.176019 0.559807
vt 0.169741 0.566025
vt 0.156633 0.547818
vt 0.424128 0.020424
vt 0.151762 0.322214
vt 0.433664 0.013607
vt 0.094349 0.304607
vt 0.052580 0.357005
vt 0.183630 0.354280
vt 0.137767 0.546018
vt 0.125600 0.528751
vt 0.134375 0.940307
vt 0.134375 0.953167
vt 0.183172 0.364469
vt 0.073189 0.496432
vt 0.154177 0.355118
vt 0.155184 0.373876
vt 0.458482 0.600758
vt 0.453242 0.593785
vt 0.458201 0.620438
vt 0.377717 0.016042
vt 0.068421 0.400912
vt 0.949154 0.987769
vt 0.981266 0.995094
vt 0.950935 0.995094
vt 0.363951 0.020963
vt 0.963337 0.985736
vt 0.981442 0.985570
vt 0.150547 0.384215
vt 0.704018 0.503456
vt 0.051718 0.422827
vt 0.766261 0.660679
vt 0.075712 0.420619
vt 0.214910 0.421335
vt 0.175116 0.419884
vt 0.195155 0.414601
vt 0.982803 0.954951
vt 0.983482 0.960168
vt 0.964893 0.959001
vt 0.701625 0.508029
vt 0.205426 0.428635
vt 0.159059 0.425579
vt 0.167065 0.272392
vt 0.613748 0.230919
vt 0.625446 0.216101
vt 0.624466 0.231955
vt 0.840625 0.547419
vt 0.843304 0.575509
vt 0.838937 0.559851
vt 0.147759 0.281447
vt 0.609814 0.658153
vt 0.295089 0.277877
vt 0.291657 0.272525
vt 0.284375 0.277877
vt 0.115405 0.888298
vt 0.114531 0.281210
vt 0.147752 0.298031
vt 0.206621 0.629515
vt 0.206696 0.607531
vt 0.201981 0.613015
vt 0.108244 0.342878
vt 0.102280 0.912814
vt 0.099922 0.925739
vt 0.113469 0.915957
vt 0.109493 0.929048
vt 0.335600 0.078700
vt 0.115047 0.939981
vt 0.809383 0.041481
vt 0.799355 0.049129
vt 0.779018 0.051923
vt 0.811808 0.051209
vt 0.367543 0.036128
vt 0.096748 0.407948
vt 0.395139 0.013400
vt 0.937054 0.988214
vt 0.115083 0.392592
vt 0.721338 0.678395
vt 0.350091 0.012935
vt 0.206671 0.556523
vt 0.206473 0.512966
vt 0.198513 0.549910
vt 0.196955 0.498940
vt 0.348343 0.015228
vt 0.111183 0.419982
vt 0.206696 0.485127
vt 0.071359 0.424159
vt 0.150640 0.420544
vt 0.481906 0.445840
vt 0.463643 0.459718
vt 0.481728 0.463662
vt 0.482589 0.480585
vt 0.615931 0.250395
vt 0.624690 0.250661
vt 0.286100 0.140036
vt 0.276339 0.131297
vt 0.719196 0.914989
vt 0.725268 0.896606
vt 0.723599 0.921184
vt 0.640211 0.533036
vt 0.650446 0.545537
vt 0.649722 0.522663
vt 0.619740 0.678796
vt 0.650446 0.503087
vt 0.643086 0.510684
vt 0.637709 0.695134
vt 0.618917 0.707176
vt 0.933107 0.630300
vt 0.927571 0.640855
vt 0.930336 0.630241
vt 0.135391 0.280868
vt 0.122193 0.307587
vt 0.512946 0.554616
vt 0.515166 0.557984
vt 0.573805 0.556836
vt 0.638076 0.419715
vt 0.641618 0.426490
vt 0.617181 0.429730
vt 0.578366 0.492078
vt 0.628662 0.494626
vt 0.133250 0.894329
vt 0.543540 0.552632
vt 0.514985 0.552654
vt 0.274598 0.646804
vt 0.218729 0.644379
vt 0.270563 0.645157
vt 0.097926 0.887880
vt 0.098382 0.896933
vt 0.115514 0.908465
vt 0.148649 0.302871
vt 0.586792 0.504335
vt 0.650095 0.677863
vt 0.133820 0.919456
vt 0.203181 0.006214
vt 0.153158 0.025459
vt 0.131163 0.000446
vt 0.667012 0.697554
vt 0.587761 0.431694
vt 0.567255 0.429080
vt 0.675500 0.681109
vt 0.698539 0.678192
vt 0.599701 0.552777
vt 0.122783 0.359953
vt 0.639565 0.555764
vt 0.690548 0.687107
vt 0.549753 0.433552
vt 0.556515 0.507206
vt 0.576817 0.521229
vt 0.683242 0.724069
vt 0.146072 0.346266
vt 0.535424 0.498908
vt 0.577496 0.535047
vt 0.565774 0.526395
vt 0.822768 0.043269
vt 0.568123 0.538896
vt 0.641518 0.554353
vt 0.028117 0.956735
vt 0.053830 0.959552
vt 0.026339 0.976360
vt 0.054018 0.976360
vt 0.150399 0.361411
vt 0.732451 0.683301
vt 0.452950 0.639368
vt 0.071039 0.729788
vt 0.067000 0.742640
vt 0.063249 0.726583
vt 0.746770 0.698691
vt 0.056363 0.733917
vt 0.038839 0.729774
vt 0.040406 0.727168
vt 0.146950 0.379223
vt 0.529666 0.503192
vt 0.534883 0.507558
vt 0.338284 0.646840
vt 0.502390 0.494455
vt 0.458465 0.665908
vt 0.640607 0.557984
vt 0.507158 0.503598
vt 0.504193 0.484098
vt 0.507272 0.481267
vt 0.495799 0.435351
vt 0.672242 0.085893
vt 0.688230 0.068128
vt 0.651787 0.084302
vt 0.188400 0.384785
vt 0.197994 0.401836
vt 0.133251 0.410208
vt 0.759268 0.680371
vt 0.757985 0.958519
vt 0.754526 0.963872
vt 0.754018 0.960186
vt 0.439107 0.655213
vt 0.140625 0.260036
vt 0.180867 0.260036
vt 0.178834 0.255575
vt 0.208945 0.411394
vt 0.488499 0.434466
vt 0.492290 0.433091
vt 0.347768 0.020963
vt 0.732677 0.996878
vt 0.758351 0.990175
vt 0.766518 0.996878
vt 0.505074 0.536015
vt 0.501128 0.527148
vt 0.496149 0.527947
vt 0.500531 0.485864
vt 0.482589 0.271543
vt 0.474122 0.279180
vt 0.480446 0.284164
vt 0.590365 0.216962
vt 0.836029 0.549195
vt 0.830232 0.538278
vt 0.623113 0.206543
vt 0.731908 0.875203
vt 0.732762 0.890983
vt 0.641756 0.549506
vt 0.880715 0.142511
vt 0.884331 0.162306
vt 0.900446 0.132471
vt 0.619167 0.732130
vt 0.218457 0.250501
vt 0.209356 0.251335
vt 0.636578 0.736957
vt 0.621909 0.435682
vt 0.212946 0.636811
vt 0.226294 0.636801
vt 0.791518 0.037021
vt 0.784888 0.031668
vt 0.779911 0.037021
vt 0.477232 0.353755
vt 0.523556 0.321124
vt 0.513987 0.343997
vt 0.606186 0.514774
vt 0.138636 0.326464
vt 0.663510 0.737304
vt 0.743696 0.631682
vt 0.703635 0.632025
vt 0.701303 0.630761
vt 0.149629 0.333853
vt 0.144716 0.324895
vt 0.737702 0.060263
vt 0.739098 0.047199
vt 0.711060 0.060846
vt 0.483482 0.265388
vt 0.506228 0.262744
vt 0.537054 0.265388
vt 0.695163 0.743571
vt 0.192241 0.654358
vt 0.202232 0.648974
vt 0.200104 0.659896
vt 0.743638 0.739709
vt 0.745053 0.721871
vt 0.682226 0.081306
vt 0.727232 0.571365
vt 0.717498 0.548756
vt 0.727232 0.545495
vt 0.139536 0.372257
vt 0.423661 0.951787
vt 0.411161 0.958012
vt 0.415209 0.946030
vt 0.306778 0.638263
vt 0.761185 0.730293
vt 0.369608 0.044916
vt 0.510573 0.437724
vt 0.653923 0.094317
vt 0.888839 0.763411
vt 0.893304 0.803301
vt 0.893304 0.762266
vt 0.762958 0.682133
vt 0.064844 0.001968
vt 0.067762 0.034428
vt 0.046626 0.005020
vt 0.140309 0.419404
vt 0.744815 0.989530
vt 0.495982 0.535431
vt 0.956123 0.465411
vt 0.950446 0.470258
vt 0.958960 0.482013
vt 0.124901 0.423339
vt 0.962122 0.499325
vt 0.959149 0.511674
vt 0.967570 0.503759
vt 0.438487 0.448492
vt 0.278663 0.139795
vt 0.785268 0.865649
vt 0.783693 0.870457
vt 0.759635 0.865337
vt 0.874554 0.148099
vt 0.200930 0.637821
vt 0.617885 0.760239
vt 0.215732 0.647190
vt 0.626682 0.529317
vt 0.720089 0.256980
vt 0.729911 0.259144
vt 0.722193 0.246407
vt 0.375215 0.202944
vt 0.388839 0.210080
vt 0.370982 0.210080
vt 0.442996 0.527031
vt 0.770982 0.042935
vt 0.764604 0.037021
vt 0.178125 0.566905
vt 0.710890 0.885736
vt 0.701154 0.899331
vt 0.712404 0.906623
vt 0.197814 0.605388
vt 0.714732 0.914181
vt 0.608478 0.439050
vt 0.741633 0.630241
vt 0.589037 0.439130
vt 0.691314 0.765676
vt 0.540062 0.322486
vt 0.361679 0.995094
vt 0.351339 0.993576
vt 0.360822 0.985282
vt 0.938839 0.206740
vt 0.944429 0.195937
vt 0.938896 0.168328
vt 0.497818 0.253864
vt 0.493914 0.253791
vt 0.544942 0.320904
vt 0.469196 0.881802
vt 0.469196 0.868776
vt 0.463492 0.872270
vt 0.563718 0.305544
vt 0.555181 0.299029
vt 0.086157 0.514801
vt 0.081696 0.742640
vt 0.103297 0.018596
vt 0.655804 0.631424
vt 0.534345 0.516061
vt 0.340196 0.643114
vt 0.765625 0.963872
vt 0.479099 0.312773
vt 0.469577 0.311257
vt 0.454256 0.313113
vt 0.478563 0.437447
vt 0.446187 0.325896
vt 0.832598 0.559115
vt 0.823019 0.548214
vt 0.743829 0.891538
vt 0.191293 0.026289
vt 0.218330 0.030637
vt 0.619701 0.117142
vt 0.602825 0.109745
vt 0.619020 0.104348
vt 0.168304 0.856627
vt 0.198376 0.854523
vt 0.170271 0.840742
vt 0.180459 0.635630
vt 0.935268 0.638956
vt 0.480440 0.360880
vt 0.485013 0.355069
vt 0.652368 0.769264
vt 0.492230 0.352722
vt 0.757832 0.051378
vt 0.718304 0.475924
vt 0.719654 0.464425
vt 0.727232 0.472395
vt 0.934539 0.078588
vt 0.943304 0.079839
vt 0.943304 0.069887
vt 0.931696 0.065566
vt 0.278208 0.638440
vt 0.598734 0.538860
vt 0.603147 0.529850
vt 0.592402 0.526077
vt 0.590248 0.547854
vt 0.586336 0.539140
vt 0.704287 0.769780
vt 0.801671 0.059322
vt 0.630363 0.940385
vt 0.665302 0.943107
vt 0.622008 0.952275
vt 0.535435 0.538010
vt 0.538705 0.526288
vt 0.529724 0.523831
vt 0.792411 0.461641
vt 0.784438 0.450045
vt 0.771875 0.461641
vt 0.592831 0.274207
vt 0.588875 0.282685
vt 0.390625 0.043664
vt 0.512225 0.440820
vt 0.063580 0.514299
vt 0.760212 0.774989
vt 0.433052 0.671369
vt 0.595054 0.278804
vt 0.288197 0.827386
vt 0.281696 0.841659
vt 0.292411 0.841659
vt 0.821208 0.652833
vt 0.826684 0.644028
vt 0.777521 0.643622
vt 0.474402 0.362281
vt 0.452834 0.380749
vt 0.476098 0.417393
vt 0.969196 0.512489
vt 0.478160 0.326485
vt 0.600349 0.063924
vt 0.618127 0.063454
vt 0.618320 0.082038
vt 0.734221 0.911493
vt 0.201592 0.858010
vt 0.260758 0.253596
vt 0.234880 0.259353
vt 0.729911 0.243979
vt 0.601343 0.397674
vt 0.606170 0.388185
vt 0.595982 0.395739
vt 0.714732 0.877342
vt 0.705084 0.878428
vt 0.619073 0.781883
vt 0.301288 0.127725
vt 0.599500 0.376004
vt 0.647561 0.782783
vt 0.662182 0.781284
vt 0.724477 0.464318
vt 0.710813 0.915700
vt 0.703023 0.913701
vt 0.568304 0.317128
vt 0.582589 0.317128
vt 0.573998 0.304639
vt 0.269468 0.304275
vt 0.272768 0.318020
vt 0.267745 0.316679
vt 0.945982 0.209188
vt 0.709939 0.072736
vt 0.818575 0.116770
vt 0.780804 0.118198
vt 0.836397 0.114064
vt 0.254018 0.830062
vt 0.268304 0.830062
vt 0.257059 0.822034
vt 0.989576 0.397378
vt 0.983126 0.382794
vt 0.982589 0.399453
vt 0.693968 0.782611
vt 0.815989 0.279966
vt 0.812054 0.284121
vt 0.837946 0.284121
vt 0.541034 0.519854
vt 0.702762 0.073902
vt 0.697094 0.077045
vt 0.731037 0.782687
vt 0.944955 0.174960
vt 0.945982 0.157449
vt 0.878974 0.114499
vt 0.635450 0.936378
vt 0.413750 0.964764
vt 0.761367 0.782783
vt 0.521993 0.524976
vt 0.887529 0.111062
vt 0.517369 0.518387
vt 0.514552 0.532364
vt 0.196337 0.476806
vt 0.187946 0.473985
vt 0.197123 0.466926
vt 0.345397 0.638616
vt 0.350792 0.647190
vt 0.507685 0.516563
vt 0.725446 0.989955
vt 0.871854 0.646202
vt 0.860776 0.657628
vt 0.466813 0.276976
vt 0.471969 0.292267
vt 0.597362 0.081202
vt 0.590376 0.206906
vt 0.622770 0.192231
vt 0.142411 0.927251
vt 0.154911 0.937110
vt 0.154523 0.927290
vt 0.197570 0.849278
vt 0.768017 0.872274
vt 0.782927 0.873773
vt 0.480062 0.368372
vt 0.169087 0.911291
vt 0.171661 0.939649
vt 0.199001 0.929984
vt 0.169227 0.885276
vt 0.928576 0.647439
vt 0.261161 0.244848
vt 0.634658 0.546127
vt 0.898458 0.139735
vt 0.887873 0.168666
vt 0.761161 0.887154
vt 0.770982 0.887154
vt 0.767378 0.881802
vt 0.259795 0.262531
vt 0.260268 0.561002
vt 0.269196 0.568262
vt 0.269196 0.548171
vt 0.260767 0.550183
vt 0.764732 0.632025
vt 0.950446 0.964613
vt 0.959375 0.966548
vt 0.951800 0.947029
vt 0.959375 0.943354
vt 0.216651 0.320880
vt 0.201699 0.322576
vt 0.208717 0.309941
vt 0.706178 0.072014
vt 0.369805 0.984389
vt 0.376339 0.995094
vt 0.464156 0.864936
vt 0.717411 0.567922
vt 0.837732 0.274057
vt 0.072587 0.726786
vt 0.887268 0.276985
vt 0.879911 0.287690
vt 0.895878 0.287690
vt 0.656335 0.931660
vt 0.644624 0.973054
vt 0.645229 0.962238
vt 0.653318 0.961934
vt 0.588241 0.292030
vt 0.279018 0.656111
vt 0.280959 0.649391
vt 0.291518 0.648082
vt 0.247840 0.451878
vt 0.260710 0.420275
vt 0.236657 0.418822
vt 0.354911 0.636614
vt 0.180781 0.322480
vt 0.173275 0.331151
vt 0.180804 0.332293
vt 0.502094 0.358726
vt 0.508482 0.387600
vt 0.508482 0.358162
vt 0.601949 0.280442
vt 0.494725 0.358892
vt 0.493304 0.383860
vt 0.182589 0.256407
vt 0.485736 0.444167
vt 0.475414 0.335723
vt 0.447297 0.333488
vt 0.465318 0.347528
vt 0.176803 0.475957
vt 0.382983 0.750669
vt 0.388839 0.750178
vt 0.388331 0.719496
vt 0.464497 0.480213
vt 0.611624 0.060170
vt 0.639281 0.434493
vt 0.599939 0.400009
vt 0.608482 0.403657
vt 0.831696 0.780999
vt 0.826339 0.773308
vt 0.831696 0.764942
vt 0.628748 0.539168
vt 0.608482 0.380770
vt 0.260878 0.634701
vt 0.202232 0.669778
vt 0.187946 0.673952
vt 0.695815 0.821142
vt 0.704018 0.831847
vt 0.690991 0.831847
vt 0.988269 0.383881
vt 0.577346 0.437240
vt 0.590671 0.442903
vt 0.556702 0.439681
vt 0.979329 0.014719
vt 0.970308 0.001043
vt 0.967411 0.010871
vt 0.245982 0.406334
vt 0.248643 0.417930
vt 0.261161 0.408877
vt 0.817766 0.270740
vt 0.760268 0.540143
vt 0.804911 0.540143
vt 0.776060 0.532450
vt 0.644479 0.931780
vt 0.938202 0.978525
vt 0.900446 0.278485
vt 0.950199 0.967714
vt 0.395982 0.128011
vt 0.384375 0.108807
vt 0.395982 0.107493
vt 0.152232 0.858608
vt 0.150373 0.859357
vt 0.148661 0.870891
vt 0.152232 0.871989
vt 0.130901 0.548171
vt 0.119196 0.554416
vt 0.134375 0.554416
vt 0.298083 0.224353
vt 0.273661 0.222193
vt 0.308164 0.221677
vt 0.493098 0.445847
vt 0.501199 0.550238
vt 0.879639 0.647886
vt 0.593864 0.271632
vt 0.965694 0.473339
vt 0.374819 0.747925
vt 0.372238 0.744410
vt 0.436804 0.399718
vt 0.605987 0.034344
vt 0.605804 0.010230
vt 0.637286 0.033697
vt 0.733506 0.920129
vt 0.648901 0.433298
vt 0.427677 0.514864
vt 0.149458 0.925780
vt 0.154911 0.920161
vt 0.699554 0.885778
vt 0.263524 0.569581
vt 0.492182 0.797116
vt 0.503058 0.796164
vt 0.500913 0.802152
vt 0.727232 0.485727
vt 0.654518 0.425067
vt 0.664285 0.424007
vt 0.662752 0.414855
vt 0.673661 0.822280
vt 0.258912 0.304955
vt 0.264037 0.296610
vt 0.747363 0.448880
vt 0.744122 0.439080
vt 0.775871 0.438777
vt 0.281175 0.634992
vt 0.534381 0.329576
vt 0.283305 0.636175
vt 0.261161 0.417725
vt 0.288233 0.634713
vt 0.811888 0.059322
vt 0.552773 0.316851
vt 0.613581 0.936590
vt 0.613821 0.931003
vt 0.464732 0.897049
vt 0.458932 0.897859
vt 0.446169 0.896075
vt 0.800051 0.529501
vt 0.781041 0.529438
vt 0.325088 0.635469
vt 0.656653 0.964984
vt 0.658271 0.952331
vt 0.291241 0.656111
vt 0.680804 0.926352
vt 0.873247 0.267437
vt 0.875129 0.267624
vt 0.872176 0.289408
vt 0.901339 0.118198
vt 0.743232 0.982605
vt 0.990658 0.850467
vt 0.995982 0.851472
vt 0.995982 0.833376
vt 0.578455 0.635920
vt 0.723838 0.238477
vt 0.729911 0.230598
vt 0.712946 0.234091
vt 0.748394 0.895623
vt 0.746293 0.875049
vt 0.904829 0.641123
vt 0.018956 0.029884
vt 0.019196 0.007105
vt 0.005109 0.029884
vt 0.004018 0.006948
vt 0.012050 0.002230
vt 0.778179 0.608626
vt 0.785255 0.613292
vt 0.767411 0.613292
vt 0.774413 0.601695
vt 0.797768 0.606348
vt 0.228682 0.268159
vt 0.498234 0.355135
vt 0.442842 0.532679
vt 0.711137 0.451597
vt 0.729457 0.439107
vt 0.729480 0.446696
vt 0.668637 0.410454
vt 0.660221 0.398748
vt 0.539236 0.324808
vt 0.984450 0.000446
vt 0.454921 0.877829
vt 0.939809 0.651755
vt 0.946826 0.637148
vt 0.939683 0.632917
vt 0.521875 0.054862
vt 0.521875 0.034344
vt 0.512054 0.053673
vt 0.513765 0.034660
vt 0.580804 0.039802
vt 0.591828 0.046860
vt 0.583704 0.047725
vt 0.772768 0.698930
vt 0.772768 0.707850
vt 0.770982 0.705130
vt 0.524387 0.446293
vt 0.423661 0.963215
vt 0.805804 0.128011
vt 0.823661 0.128011
vt 0.812000 0.119982
vt 0.635015 0.961564
vt 0.634847 0.951656
vt 0.644904 0.959310
vt 0.430804 0.897859
vt 0.603106 0.045710
vt 0.616896 0.040974
vt 0.623712 0.047725
vt 0.067411 0.677520
vt 0.082589 0.677520
vt 0.072861 0.666815
vt 0.623034 0.041001
vt 0.855597 0.133363
vt 0.851339 0.128658
vt 0.872125 0.133363
vt 0.511353 0.560015
vt 0.510708 0.543488
vt 0.501630 0.560660
vt 0.644283 0.924749
vt 0.969196 0.464297
vt 0.049613 0.514724
vt 0.631667 0.008415
vt 0.990880 0.828278
vt 0.593308 0.082882
vt 0.619701 0.094515
vt 0.589027 0.126573
vt 0.621746 0.138735
vt 0.622877 0.158168
vt 0.582272 0.166102
vt 0.483128 0.369408
vt 0.819886 0.528543
vt 0.630407 0.541764
vt 0.673157 0.381476
vt 0.657739 0.375517
vt 0.663424 0.387139
vt 0.946708 0.725691
vt 0.950446 0.710629
vt 0.939853 0.713545
vt 0.461227 0.812860
vt 0.461475 0.802156
vt 0.484690 0.802573
vt 0.947304 0.708494
vt 0.493690 0.805215
vt 0.646875 0.401003
vt 0.567691 0.951755
vt 0.567556 0.940039
vt 0.584952 0.941010
vt 0.941770 0.679029
vt 0.229897 0.300347
vt 0.216832 0.289910
vt 0.018304 0.535957
vt 0.018058 0.530827
vt 0.009036 0.545495
vt 0.357643 0.142220
vt 0.351140 0.195994
vt 0.362069 0.153084
vt 0.949461 0.654829
vt 0.940565 0.658773
vt 0.938839 0.665377
vt 0.949912 0.650958
vt 0.950446 0.644593
vt 0.062946 0.432203
vt 0.043669 0.428635
vt 0.042411 0.432203
vt 0.814254 0.270864
vt 0.566343 0.306664
vt 0.375142 0.998662
vt 0.378454 0.995986
vt 0.362946 0.998647
vt 0.242317 0.410564
vt 0.243937 0.399619
vt 0.618423 0.036128
vt 0.212766 0.393234
vt 0.206944 0.466102
vt 0.957202 0.449743
vt 0.680618 0.989617
vt 0.689344 0.986839
vt 0.685107 0.999554
vt 0.680286 0.624888
vt 0.683482 0.620579
vt 0.678731 0.607936
vt 0.596019 0.195895
vt 0.422419 0.502594
vt 0.827118 0.526762
vt 0.935005 0.651650
vt 0.613839 0.738969
vt 0.613031 0.744341
vt 0.605467 0.743256
vt 0.894196 0.651650
vt 0.300270 0.151093
vt 0.891518 0.880018
vt 0.891518 0.865745
vt 0.879018 0.879245
vt 0.701142 0.440138
vt 0.011389 0.494597
vt 0.007101 0.483943
vt 0.005546 0.499356
vt 0.259022 0.270155
vt 0.005689 0.513940
vt 0.256508 0.292864
vt 0.018304 0.491107
vt 0.676023 0.417943
vt 0.666144 0.392806
vt 0.006608 0.531194
vt 0.257589 0.318020
vt 0.252934 0.322227
vt 0.224687 0.327908
vt 0.589455 0.445581
vt 0.784599 0.448834
vt 0.251170 0.338314
vt 0.590142 0.931962
vt 0.216548 0.339736
vt 0.454911 0.863069
vt 0.249930 0.348682
vt 0.213254 0.362248
vt 0.872810 0.228777
vt 0.875446 0.248560
vt 0.860182 0.209550
vt 0.247959 0.368680
vt 0.812898 0.438448
vt 0.221230 0.376179
vt 0.362795 0.125001
vt 0.369604 0.114685
vt 0.370263 0.090105
vt 0.246360 0.385609
vt 0.636580 0.972979
vt 0.389732 0.998647
vt 0.372998 0.080724
vt 0.366676 0.087346
vt 0.667999 0.966178
vt 0.857643 0.122658
vt 0.664086 0.947814
vt 0.677382 0.957352
vt 0.648472 0.990885
vt 0.680857 0.979211
vt 0.166796 0.483653
vt 0.984375 0.836485
vt 0.595089 0.731044
vt 0.587946 0.741694
vt 0.595089 0.747993
vt 0.007018 0.194023
vt 0.003125 0.200268
vt 0.018304 0.200268
vt 0.506696 0.806412
vt 0.496173 0.819941
vt 0.881136 0.868291
vt 0.982126 0.628783
vt 0.991747 0.624294
vt 0.981696 0.601695
vt 0.347768 0.197264
vt 0.348401 0.204132
vt 0.545982 0.952275
vt 0.672588 0.395620
vt 0.740062 0.070417
vt 0.764390 0.054046
vt 0.001339 0.495277
vt 0.359306 0.204208
vt 0.607909 0.441984
vt 0.995982 0.376896
vt 0.730681 0.083904
vt 0.358265 0.131901
vt 0.698324 0.097302
vt 0.858616 0.262410
vt 0.667612 0.101158
vt 0.813059 0.447240
vt 0.843266 0.438675
vt 0.653580 0.103870
vt 0.379710 0.086305
vt 0.999554 0.566013
vt 0.999554 0.585199
vt 0.992062 0.570581
vt 0.676981 0.967401
vt 0.972768 0.637780
vt 0.979911 0.651650
vt 0.977401 0.617761
vt 0.030327 0.035055
vt 0.962809 0.437556
vt 0.953574 0.439966
vt 0.968234 0.483020
vt 0.673658 0.618160
vt 0.457295 0.287420
vt 0.691518 0.995489
vt 0.377976 0.710015
vt 0.683167 0.612699
vt 0.910419 0.628841
vt 0.910489 0.639161
vt 0.927276 0.628722
vt 0.822003 0.559638
vt 0.203793 0.888872
vt 0.987763 0.634701
vt 0.505163 0.821142
vt 0.668164 0.365299
vt 0.993292 0.608178
vt 0.768809 0.769225
vt 0.770089 0.789028
vt 0.766518 0.770022
vt 0.995982 0.412578
vt 0.991518 0.014719
vt 0.617411 0.978872
vt 0.632616 0.982607
vt 0.504658 0.451038
vt 0.887946 0.123864
vt 0.984375 0.585638
vt 0.178721 0.349638
vt 0.456525 0.252689
vt 0.468152 0.253344
vt 0.042128 0.000703
vt 0.436854 0.437492
vt 0.445987 0.290392
vt 0.590632 0.241003
vt 0.643615 0.446955
vt 0.831845 0.580871
vt 0.839235 0.593943
vt 0.827330 0.599515
vt 0.675262 0.395579
vt 0.673814 0.399387
vt 0.767015 0.730174
vt 0.770089 0.699822
vt 0.617809 0.927215
vt 0.629042 0.920797
vt 0.621548 0.999554
vt 0.029963 0.840881
vt 0.060594 0.839772
vt 0.059828 0.820392
vt 0.029490 0.821824
vt 0.833020 0.450896
vt 0.633167 0.037449
vt 0.211161 0.476806
vt 0.173423 0.346611
vt 0.687113 0.976819
vt 0.801286 0.678470
vt 0.773670 0.644762
vt 0.775728 0.674958
vt 0.441054 0.310029
vt 0.749814 0.911817
vt 0.751103 0.926872
vt 0.199558 0.838863
vt 0.294009 0.167171
vt 0.815910 0.534967
vt 0.677232 0.369152
vt 0.696332 0.458647
vt 0.481654 0.815156
vt 0.715317 0.605263
vt 0.707706 0.599855
vt 0.716417 0.572341
vt 0.560268 0.902319
vt 0.554298 0.882463
vt 0.560268 0.872881
vt 0.031368 0.932114
vt 0.042482 0.945892
vt 0.061161 0.932299
vt 0.707595 0.579545
vt 0.550446 0.897913
vt 0.695982 0.909456
vt 0.690625 0.896720
vt 0.695982 0.888046
vt 0.954930 0.338984
vt 0.955506 0.333367
vt 0.954381 0.335569
vt 0.997690 0.621457
vt 0.996232 0.607103
vt 0.677232 0.397818
vt 0.541518 0.975468
vt 0.543990 0.972517
vt 0.547095 0.971900
vt 0.954728 0.332767
vt 0.953125 0.337651
vt 0.994248 0.605631
vt 0.998661 0.607237
vt 0.993973 0.604261
vt 0.385268 0.806869
vt 0.380352 0.805977
vt 0.379911 0.806869
vt 0.998661 0.603315
vt 0.745941 0.130687
vt 0.746875 0.129795
vt 0.744196 0.129795
vt 0.993376 0.603282
vt 0.031035 0.902114
vt 0.553659 0.937191
vt 0.554911 0.942462
vt 0.554911 0.925513
vt 0.710168 0.561130
vt 0.060746 0.892337
vt 0.574658 0.921945
vt 0.030869 0.888106
vt 0.711101 0.526944
vt 0.030599 0.874985
vt 0.060850 0.875112
vt 0.716518 0.522477
vt 0.065629 0.615504
vt 0.050180 0.617296
vt 0.060565 0.624243
vt 0.711155 0.523457
vt 0.611274 0.924254
vt 0.030638 0.859395
vt 0.060332 0.860416
vt 0.621486 0.920161
vt 0.032180 0.621510
vt 0.717411 0.525288
vt 0.729018 0.521478
vt 0.729018 0.540143
vt 0.060262 0.815333
vt 0.280804 0.508921
vt 0.266518 0.514151
vt 0.277124 0.517897
vt 0.648330 0.108039
vt 0.640892 0.099860
vt 0.640081 0.117160
vt 0.633417 0.296781
vt 0.606661 0.291190
vt 0.596638 0.062831
vt 0.990485 0.328724
vt 0.994556 0.342017
vt 0.999554 0.334997
vt 0.601220 0.053534
vt 0.593938 0.103012
vt 0.877655 0.176975
vt 0.757307 0.874274
vt 0.749558 0.882265
vt 0.748038 0.874982
vt 0.245982 0.981955
vt 0.257580 0.985832
vt 0.245996 0.987588
vt 0.626706 0.097401
vt 0.638839 0.113738
vt 0.623661 0.109882
vt 0.253830 0.993310
vt 0.961161 0.717026
vt 0.953900 0.721231
vt 0.953125 0.693417
vt 0.961161 0.680196
vt 0.454018 0.821142
vt 0.631951 0.274309
vt 0.649348 0.280034
vt 0.625446 0.288582
vt 0.962946 0.347458
vt 0.962946 0.326048
vt 0.554911 0.975468
vt 0.212617 0.293042
vt 0.209375 0.296610
vt 0.220089 0.296610
vt 0.954714 0.330938
vt 0.546875 0.934952
vt 0.552884 0.927576
vt 0.872815 0.153950
vt 0.871033 0.193601
vt 0.861284 0.154852
vt 0.558319 0.927410
vt 0.121092 0.602587
vt 0.091976 0.609564
vt 0.098342 0.615962
vt 0.367022 0.182477
vt 0.373615 0.139580
vt 0.270588 0.244999
vt 0.333893 0.265217
vt 0.296468 0.244982
vt 0.078159 0.611684
vt 0.874233 0.197616
vt 0.704018 0.509283
vt 0.707989 0.505564
vt 0.113839 0.444692
vt 0.122768 0.436664
vt 0.122603 0.444692
vt 0.718828 0.500892
vt 0.727283 0.503209
vt 0.716518 0.467886
vt 0.709100 0.468280
vt 0.399119 0.935212
vt 0.377743 0.941743
vt 0.379778 0.937057
vt 0.046786 0.811977
vt 0.270569 0.544106
vt 0.633417 0.047474
vt 0.271346 0.552632
vt 0.280804 0.545052
vt 0.000446 0.453613
vt 0.006477 0.437556
vt 0.013391 0.451968
vt 0.170982 0.340518
vt 0.504809 0.637377
vt 0.491268 0.648922
vt 0.492439 0.638689
vt 0.232724 0.436602
vt 0.687946 0.353037
vt 0.696537 0.356993
vt 0.699554 0.342105
vt 0.927318 0.616385
vt 0.584800 0.250806
vt 0.987054 0.343921
vt 0.989381 0.356378
vt 0.999554 0.348595
vt 0.815874 0.564683
vt 0.814458 0.547270
vt 0.490290 0.375063
vt 0.812429 0.530023
vt 0.857121 0.143260
vt 0.869600 0.145759
vt 0.679647 0.308529
vt 0.675446 0.309480
vt 0.692411 0.332293
vt 0.164732 0.813113
vt 0.156242 0.817277
vt 0.163395 0.832222
vt 0.031803 0.950548
vt 0.612789 0.858796
vt 0.602168 0.866620
vt 0.604954 0.854148
vt 0.623961 0.855883
vt 0.139016 0.606758
vt 0.126353 0.610166
vt 0.501473 0.014719
vt 0.492552 0.024199
vt 0.500020 0.025886
vt 0.586209 0.754237
vt 0.584832 0.765981
vt 0.563839 0.774739
vt 0.591008 0.868686
vt 0.990721 0.781056
vt 0.995982 0.792596
vt 0.995633 0.776530
vt 0.580136 0.883682
vt 0.584915 0.925849
vt 0.593421 0.924210
vt 0.602890 0.342909
vt 0.604018 0.319804
vt 0.600153 0.323609
vt 0.540450 0.922000
vt 0.549917 0.920756
vt 0.514732 0.948611
vt 0.675901 0.112466
vt 0.029018 0.807034
vt 0.377682 0.076783
vt 0.639732 0.045656
vt 0.672768 0.605753
vt 0.507340 0.649406
vt 0.924105 0.261383
vt 0.923764 0.280553
vt 0.934920 0.278213
vt 0.736636 0.318894
vt 0.742411 0.322480
vt 0.742411 0.311794
vt 0.443227 0.352716
vt 0.436050 0.481196
vt 0.729911 0.240410
vt 0.647468 0.448833
vt 0.173346 0.960936
vt 0.192225 0.961606
vt 0.193181 0.957483
vt 0.281994 0.601585
vt 0.275965 0.594428
vt 0.283712 0.593618
vt 0.490952 0.922837
vt 0.494079 0.930780
vt 0.451236 0.928041
vt 0.604018 0.376004
vt 0.597429 0.362705
vt 0.592411 0.370130
vt 0.130549 0.042572
vt 0.419592 0.932206
vt 0.423857 0.939917
vt 0.594918 0.329701
vt 0.379857 0.103866
vt 0.115256 0.439539
vt 0.409375 0.283071
vt 0.402783 0.288582
vt 0.013482 0.625009
vt 0.003125 0.635593
vt 0.998661 0.233274
vt 0.990625 0.258604
vt 0.998661 0.270740
vt 0.855812 0.278390
vt 0.840512 0.468595
vt 0.853676 0.294439
vt 0.011213 0.721325
vt 0.004208 0.721231
vt 0.004784 0.732116
vt 0.845089 0.202052
vt 0.852232 0.202052
vt 0.847224 0.187779
vt 0.732760 0.869075
vt 0.507589 0.389384
vt 0.499554 0.400643
vt 0.507589 0.404994
vt 0.484024 0.403322
vt 0.489277 0.386884
vt 0.902138 0.700714
vt 0.899073 0.707811
vt 0.900667 0.705903
vt 0.788657 0.279661
vt 0.787054 0.282337
vt 0.788389 0.281899
vt 0.962946 0.007583
vt 0.962566 0.005798
vt 0.955804 0.007583
vt 0.958316 0.845227
vt 0.952855 0.828095
vt 0.948661 0.841184
vt 0.038439 0.950782
vt 0.055839 0.955843
vt 0.060734 0.946636
vt 0.359258 0.215977
vt 0.230156 0.227768
vt 0.246748 0.227216
vt 0.564299 0.782783
vt 0.488839 0.035236
vt 0.310916 0.592771
vt 0.301884 0.598258
vt 0.558311 0.907837
vt 0.578762 0.891140
vt 0.434306 0.931434
vt 0.339431 0.259418
vt 0.022356 0.633174
vt 0.435369 0.024518
vt 0.432589 0.031668
vt 0.447695 0.029644
vt 0.453698 0.022748
vt 0.993914 0.234242
vt 0.387005 0.079619
vt 0.387054 0.074487
vt 0.012211 0.727648
vt 0.878692 0.678856
vt 0.223154 0.463623
vt 0.766518 0.436664
vt 0.723354 0.431412
vt 0.736975 0.429312
vt 0.407007 0.252007
vt 0.419196 0.268064
vt 0.400097 0.256990
vt 0.736161 0.309099
vt 0.683482 0.603764
vt 0.907098 0.617739
vt 0.757603 0.896422
vt 0.505804 0.270740
vt 0.505804 0.285013
vt 0.498661 0.278324
vt 0.122768 0.545495
vt 0.118182 0.540143
vt 0.104911 0.545495
vt 0.259578 0.977823
vt 0.822892 0.594765
vt 0.825420 0.570094
vt 0.827769 0.561055
vt 0.604304 0.728449
vt 0.842411 0.235058
vt 0.834541 0.240544
vt 0.842411 0.247547
vt 0.154018 0.837699
vt 0.631584 0.573889
vt 0.602232 0.584746
vt 0.607096 0.572257
vt 0.898661 0.713202
vt 0.903125 0.713202
vt 0.263839 0.396521
vt 0.263839 0.402765
vt 0.259375 0.397491
vt 0.652232 0.288582
vt 0.504411 0.927739
vt 0.990625 0.766266
vt 0.175319 0.043387
vt 0.752763 0.078459
vt 0.308955 0.603746
vt 0.488724 0.006690
vt 0.456929 0.000685
vt 0.490807 0.000446
vt 0.343402 0.609720
vt 0.341171 0.601162
vt 0.352715 0.602729
vt 0.352494 0.594844
vt 0.543702 0.006690
vt 0.545982 0.001777
vt 0.369196 0.946922
vt 0.389897 0.605811
vt 0.653565 0.122994
vt 0.384183 0.098321
vt 0.519278 0.958519
vt 0.061161 0.805405
vt 0.029484 0.804346
vt 0.056707 0.802409
vt 0.824880 0.687105
vt 0.400799 0.264600
vt 0.943476 0.622596
vt 0.944907 0.606378
vt 0.591322 0.080670
vt 0.759338 0.883818
vt 0.073216 0.938002
vt 0.079911 0.949350
vt 0.073531 0.949807
vt 0.737054 0.823053
vt 0.730858 0.821762
vt 0.736653 0.834724
vt 0.724998 0.821142
vt 0.715731 0.826621
vt 0.716822 0.831305
vt 0.961871 0.835527
vt 0.774685 0.594558
vt 0.767411 0.599911
vt 0.779018 0.599911
vt 0.800446 0.282337
vt 0.929018 0.052805
vt 0.963839 0.031668
vt 0.939821 0.040725
vt 0.982589 0.830770
vt 0.971041 0.840973
vt 0.978220 0.840995
vt 0.512946 0.938558
vt 0.988139 0.026316
vt 0.986161 0.053949
vt 0.990625 0.031794
vt 0.995982 0.763158
vt 0.365882 0.203706
vt 0.372047 0.175695
vt 0.258086 0.593920
vt 0.257589 0.590158
vt 0.312131 0.586530
vt 0.302072 0.610616
vt 0.268285 0.609701
vt 0.418079 0.006177
vt 0.417463 0.001049
vt 0.377711 0.128526
vt 0.108482 0.723907
vt 0.104911 0.712165
vt 0.108482 0.692685
vt 0.365374 0.588445
vt 0.367793 0.594653
vt 0.381666 0.589796
vt 0.392411 0.610616
vt 0.793304 0.985723
vt 0.767978 0.966948
vt 0.786837 0.968257
vt 0.267411 0.669115
vt 0.273661 0.655219
vt 0.273661 0.672168
vt 0.174051 0.356589
vt 0.079911 0.964764
vt 0.074840 0.964017
vt 0.719828 0.839755
vt 0.692411 0.285905
vt 0.525075 0.020721
vt 0.143671 0.613829
vt 0.379156 0.137284
vt 0.675096 0.122795
vt 0.462054 0.031668
vt 0.946875 0.268064
vt 0.946875 0.283229
vt 0.941518 0.269239
vt 0.014152 0.046139
vt 0.191716 0.611508
vt 0.179018 0.616860
vt 0.194196 0.616860
vt 0.699554 0.368867
vt 0.834375 0.235819
vt 0.638368 0.095407
vt 0.237320 0.198200
vt 0.226339 0.200790
vt 0.375745 0.220982
vt 0.027232 0.946386
vt 0.020891 0.933316
vt 0.021609 0.949599
vt 0.012837 0.733649
vt 0.063406 0.049795
vt 0.935585 0.260267
vt 0.477874 0.642574
vt 0.477232 0.657602
vt 0.677027 0.602745
vt 0.394196 0.268064
vt 0.338809 0.252847
vt 0.346875 0.239530
vt 0.337946 0.239518
vt 0.346875 0.259144
vt 0.501905 0.406334
vt 0.822585 0.600803
vt 0.272862 0.990095
vt 0.516314 0.027389
vt 0.687309 0.856824
vt 0.690000 0.857591
vt 0.690625 0.870599
vt 0.442212 0.279375
vt 0.029204 0.448917
vt 0.340806 0.040589
vt 0.326339 0.053970
vt 0.344196 0.053970
vt 0.523661 0.648060
vt 0.510174 0.653919
vt 0.488536 0.659679
vt 0.928199 0.606777
vt 0.573808 0.231633
vt 0.065868 0.942924
vt 0.592842 0.717433
vt 0.838920 0.147078
vt 0.085379 0.058730
vt 0.000446 0.729132
vt 0.004987 0.740695
vt 0.860402 0.879770
vt 0.873301 0.874940
vt 0.874554 0.880018
vt 0.017411 0.728672
vt 0.489555 0.463421
vt 0.124949 0.517950
vt 0.119744 0.519625
vt 0.125615 0.505128
vt 0.507407 0.659679
vt 0.448699 0.283228
vt 0.440162 0.287441
vt 0.065881 0.963583
vt 0.692095 0.457975
vt 0.694034 0.462988
vt 0.685773 0.475372
vt 0.064732 0.951988
vt 0.231043 0.056004
vt 0.693910 0.475998
vt 0.147602 0.630064
vt 0.914102 0.996878
vt 0.902967 0.994202
vt 0.933482 0.995683
vt 0.153076 0.506645
vt 0.152697 0.519625
vt 0.853380 0.467849
vt 0.411115 0.667820
vt 0.026659 0.437569
vt 0.677911 0.596343
vt 0.876370 0.868421
vt 0.883771 0.854207
vt 0.875446 0.850057
vt 0.906064 0.605786
vt 0.018309 0.054659
vt 0.302232 0.908564
vt 0.295304 0.904103
vt 0.288839 0.908564
vt 0.572361 0.657840
vt 0.165691 0.649612
vt 0.269251 0.980590
vt 0.373492 0.229594
vt 0.714979 0.111149
vt 0.663276 0.446306
vt 0.671875 0.436664
vt 0.670219 0.454734
vt 0.856042 0.870351
vt 0.866270 0.868479
vt 0.519791 0.467645
vt 0.502232 0.471439
vt 0.514136 0.460077
vt 0.936622 0.233849
vt 0.620820 0.300179
vt 0.886161 0.858714
vt 0.932675 0.599565
vt 0.073900 0.477698
vt 0.070982 0.487511
vt 0.084375 0.487511
vt 0.766189 0.918428
vt 0.758015 0.921617
vt 0.807029 0.583709
vt 0.201449 0.059117
vt 0.765580 0.102198
vt 0.781227 0.986173
vt 0.763334 0.975648
vt 0.683482 0.871237
vt 0.148321 0.598127
vt 0.148661 0.603479
vt 0.132589 0.603479
vt 0.439885 0.252384
vt 0.371471 0.700465
vt 0.509375 0.526762
vt 0.509375 0.538359
vt 0.504018 0.527479
vt 0.886161 0.842551
vt 0.823661 0.611508
vt 0.804788 0.607769
vt 0.803521 0.603479
vt 0.650446 0.440405
vt 0.653572 0.448836
vt 0.439477 0.326112
vt 0.444197 0.332928
vt 0.211288 0.959954
vt 0.821821 0.221518
vt 0.813345 0.211008
vt 0.823661 0.246655
vt 0.469196 0.010444
vt 0.493304 0.007583
vt 0.493304 0.012043
vt 0.395089 0.005902
vt 0.163696 0.062216
vt 0.125929 0.057108
vt 0.494100 0.479303
vt 0.329018 0.224353
vt 0.548661 0.903211
vt 0.531806 0.894204
vt 0.538899 0.890397
vt 0.313839 0.671276
vt 0.302791 0.664139
vt 0.297768 0.671276
vt 0.370982 0.740856
vt 0.361161 0.732518
vt 0.370982 0.727475
vt 0.180781 0.365299
vt 0.798661 0.611508
vt 0.657314 0.033888
vt 0.407793 0.448742
vt 0.737218 0.944172
vt 0.738115 0.952275
vt 0.729018 0.941945
vt 0.579042 0.251115
vt 0.559671 0.102491
vt 0.637054 0.584746
vt 0.615908 0.773208
vt 0.506197 0.897561
vt 0.880804 0.810437
vt 0.897768 0.810437
vt 0.886000 0.799732
vt 0.824701 0.302855
vt 0.923909 0.231210
vt 0.437688 0.334656
vt 0.948661 0.593000
vt 0.576736 0.062274
vt 0.793304 0.557092
vt 0.813839 0.557092
vt 0.798672 0.555068
vt 0.810124 0.547712
vt 0.802597 0.547279
vt 0.817242 0.597375
vt 0.638839 0.082957
vt 0.315508 0.180927
vt 0.963228 0.816405
vt 0.963839 0.086084
vt 0.959995 0.058233
vt 0.987054 0.893516
vt 0.993304 0.887154
vt 0.993304 0.899643
vt 0.633180 0.130867
vt 0.663020 0.455628
vt 0.519660 0.272994
vt 0.508874 0.280245
vt 0.507589 0.272525
vt 0.090978 0.621778
vt 0.089732 0.630241
vt 0.096154 0.623105
vt 0.428808 0.289989
vt 0.428377 0.312691
vt 0.767504 0.928024
vt 0.569926 0.121832
vt 0.602496 0.718598
vt 0.864605 0.452296
vt 0.872887 0.450937
vt 0.858482 0.468778
vt 0.709073 0.836567
vt 0.697768 0.835866
vt 0.697848 0.843447
vt 0.802253 0.590812
vt 0.276224 0.982939
vt 0.510448 0.946922
vt 0.112946 0.508083
vt 0.121052 0.499331
vt 0.858586 0.862040
vt 0.523828 0.278187
vt 0.412865 0.344534
vt 0.902232 0.541927
vt 0.900234 0.534374
vt 0.893653 0.533396
vt 0.940997 0.588857
vt 0.561305 0.083474
vt 0.565360 0.188256
vt 0.593125 0.711369
vt 0.294617 0.172982
vt 0.279518 0.974755
vt 0.238204 0.855101
vt 0.874554 0.468778
vt 0.664151 0.472307
vt 0.653002 0.467803
vt 0.658963 0.461989
vt 0.699929 0.135252
vt 0.686079 0.893399
vt 0.746762 0.968321
vt 0.656870 0.066459
vt 0.642700 0.078055
vt 0.662946 0.078055
vt 0.158234 0.468513
vt 0.115423 0.619536
vt 0.110395 0.630221
vt 0.737054 0.857716
vt 0.801587 0.573997
vt 0.890324 0.205600
vt 0.952232 0.142284
vt 0.951595 0.157893
vt 0.947446 0.149783
vt 0.558482 0.344781
vt 0.535830 0.347990
vt 0.514427 0.373070
vt 0.845015 0.869229
vt 0.046795 0.070712
vt 0.481971 0.488701
vt 0.522901 0.286259
vt 0.306696 0.552632
vt 0.316861 0.534790
vt 0.317702 0.552541
vt 0.897478 0.527411
vt 0.388301 0.684270
vt 0.551376 0.216901
vt 0.561237 0.095324
vt 0.772550 0.897527
vt 0.234677 0.879262
vt 0.878107 0.211602
vt 0.306029 0.195857
vt 0.626958 0.078749
vt 0.719418 0.847871
vt 0.796987 0.584559
vt 0.990625 0.062890
vt 0.013862 0.760475
vt 0.847768 0.250592
vt 0.834335 0.260565
vt 0.824030 0.256415
vt 0.135024 0.493896
vt 0.049508 0.439626
vt 0.926425 0.582220
vt 0.910834 0.593071
vt 0.407992 0.436163
vt 0.839732 0.514938
vt 0.849554 0.521409
vt 0.849554 0.498896
vt 0.840070 0.497324
vt 0.155431 0.847188
vt 0.641246 0.869612
vt 0.690625 0.890628
vt 0.153863 0.487813
vt 0.538222 0.464700
vt 0.427792 0.270215
vt 0.801109 0.597913
vt 0.221799 0.909827
vt 0.982589 0.805085
vt 0.951522 0.808858
vt 0.660868 0.138038
vt 0.632240 0.148060
vt 0.128689 0.630241
vt 0.129962 0.622940
vt 0.220091 0.481880
vt 0.509205 0.287728
vt 0.563551 0.635146
vt 0.495949 0.408481
vt 0.162706 0.854362
vt 0.659554 0.473622
vt 0.581828 0.741815
vt 0.560186 0.723208
vt 0.156777 0.072191
vt 0.746401 0.977803
vt 0.639691 0.155335
vt 0.823385 0.293147
vt 0.405310 0.682602
vt 0.542938 0.276788
vt 0.557268 0.278602
vt 0.543389 0.285339
vt 0.639732 0.068062
vt 0.846399 0.864867
vt 0.700892 0.427368
vt 0.878613 0.707899
vt 0.842770 0.708032
vt 0.701864 0.422391
vt 0.775854 0.710535
vt 0.734487 0.862410
vt 0.774413 0.923478
vt 0.408775 0.496702
vt 0.637170 0.070027
vt 0.785951 0.630241
vt 0.775446 0.641638
vt 0.784600 0.642730
vt 0.230579 0.189043
vt 0.642574 0.883460
vt 0.017411 0.771792
vt 0.401276 0.127339
vt 0.403522 0.148698
vt 0.407744 0.129724
vt 0.850528 0.494398
vt 0.974930 0.593373
vt 0.021798 0.535429
vt 0.760415 0.952275
vt 0.784221 0.592096
vt 0.395749 0.504341
vt 0.693774 0.511535
vt 0.157589 0.635593
vt 0.828424 0.140788
vt 0.513822 0.596854
vt 0.512234 0.605263
vt 0.496875 0.604544
vt 0.558482 0.379644
vt 0.715561 0.125735
vt 0.092787 0.071624
vt 0.886161 0.996878
vt 0.237806 0.470010
vt 0.531914 0.297502
vt 0.889400 0.527150
vt 0.981696 0.868421
vt 0.995982 0.868421
vt 0.987022 0.863069
vt 0.558090 0.080038
vt 0.540769 0.654944
vt 0.576769 0.045540
vt 0.567013 0.059776
vt 0.787268 0.917929
vt 0.845982 0.264496
vt 0.840549 0.275806
vt 0.837946 0.268299
vt 0.793750 0.600436
vt 0.798661 0.642730
vt 0.798331 0.630857
vt 0.841441 0.133665
vt 0.577470 0.709862
vt 0.240157 0.158987
vt 0.533582 0.035236
vt 0.025462 0.907581
vt 0.740953 0.975547
vt 0.555611 0.288596
vt 0.634120 0.310539
vt 0.135268 0.629309
vt 0.912946 0.508029
vt 0.906696 0.498291
vt 0.912946 0.493756
vt 0.509318 0.297502
vt 0.911785 0.574308
vt 0.413204 0.330555
vt 0.593128 0.574933
vt 0.597425 0.584746
vt 0.587174 0.584746
vt 0.583482 0.577988
vt 0.240625 0.073295
vt 0.556425 0.158615
vt 0.138889 0.659792
vt 0.236518 0.859127
vt 0.229356 0.960375
vt 0.229974 0.944825
vt 0.384025 0.501724
vt 0.824562 0.130911
vt 0.288572 0.984825
vt 0.078701 0.077428
vt 0.813416 0.269025
vt 0.052232 0.453613
vt 0.423159 0.252007
vt 0.538839 0.345674
vt 0.532540 0.338404
vt 0.538839 0.334077
vt 0.427232 0.687144
vt 0.421641 0.687307
vt 0.421385 0.703390
vt 0.845477 0.860864
vt 0.843823 0.853449
vt 0.895690 0.517875
vt 0.661490 0.009886
vt 0.410481 0.291086
vt 0.000446 0.065753
vt 0.238819 0.846013
vt 0.776537 0.887164
vt 0.777665 0.900482
vt 0.287264 0.974729
vt 0.393503 0.644341
vt 0.410717 0.649183
vt 0.403441 0.633500
vt 0.392411 0.633060
vt 0.605604 0.778436
vt 0.162918 0.080309
vt 0.671875 0.471454
vt 0.122621 0.484223
vt 0.135449 0.490435
vt 0.397923 0.684657
vt 0.414076 0.681088
vt 0.424866 0.682932
vt 0.804484 0.710461
vt 0.888839 0.519581
vt 0.598661 0.578386
vt 0.377166 0.677065
vt 0.411839 0.310474
vt 0.234209 0.837199
vt 0.845982 0.276985
vt 0.099161 0.731539
vt 0.099554 0.742640
vt 0.084375 0.731044
vt 0.085184 0.742640
vt 0.724294 0.857201
vt 0.679911 0.492667
vt 0.958682 0.806795
vt 0.668151 0.508377
vt 0.387054 0.240410
vt 0.617411 0.782783
vt 0.177573 0.080439
vt 0.145089 0.263569
vt 0.129192 0.270250
vt 0.122952 0.260288
vt 0.839775 0.875577
vt 0.563839 0.285595
vt 0.898184 0.569703
vt 0.032074 0.545517
vt 0.325289 0.535859
vt 0.937452 0.569526
vt 0.932414 0.577305
vt 0.942965 0.578760
vt 0.208136 0.430124
vt 0.225446 0.430549
vt 0.207023 0.435029
vt 0.670329 0.483598
vt 0.817782 0.194692
vt 0.756787 0.113051
vt 0.121934 0.087028
vt 0.422645 0.275565
vt 0.006861 0.071056
vt 0.926339 0.067351
vt 0.920089 0.062011
vt 0.926339 0.060214
vt 0.843934 0.311775
vt 0.847647 0.328115
vt 0.850446 0.328500
vt 0.553649 0.250978
vt 0.715810 0.868342
vt 0.487952 0.419715
vt 0.490845 0.412624
vt 0.296607 0.979732
vt 0.416005 0.640188
vt 0.414500 0.636483
vt 0.970647 0.805700
vt 0.410535 0.631355
vt 0.811561 0.196972
vt 0.207385 0.085363
vt 0.511161 0.389703
vt 0.535917 0.472346
vt 0.490161 0.501969
vt 0.515411 0.889841
vt 0.518716 0.886732
vt 0.977424 0.592140
vt 0.130504 0.484853
vt 0.523661 0.344713
vt 0.524741 0.342611
vt 0.537424 0.295338
vt 0.841192 0.867058
vt 0.894440 0.571285
vt 0.889070 0.575386
vt 0.894454 0.580386
vt 0.142194 0.476931
vt 0.329743 0.540223
vt 0.334375 0.552632
vt 0.838417 0.858625
vt 0.898393 0.492108
vt 0.409541 0.481557
vt 0.549866 0.233287
vt 0.715525 0.861285
vt 0.553349 0.207369
vt 0.535268 0.636341
vt 0.558893 0.120007
vt 0.418304 0.653434
vt 0.712404 0.855905
vt 0.786619 0.576308
vt 0.793078 0.566732
vt 0.538839 0.024115
vt 0.018950 0.914559
vt 0.407808 0.115959
vt 0.535134 0.268960
vt 0.512054 0.270740
vt 0.528522 0.266280
vt 0.864732 0.494510
vt 0.501339 0.872166
vt 0.507589 0.868421
vt 0.507589 0.874665
vt 0.412111 0.692488
vt 0.637058 0.304559
vt 0.643248 0.308738
vt 0.652836 0.301631
vt 0.137636 0.459784
vt 0.926353 0.567285
vt 0.947831 0.548360
vt 0.566940 0.837199
vt 0.535141 0.866637
vt 0.519321 0.839741
vt 0.211330 0.487568
vt 0.955239 0.221240
vt 0.960268 0.220122
vt 0.960077 0.211999
vt 0.956960 0.204728
vt 0.580968 0.700076
vt 0.678125 0.042912
vt 0.678130 0.036378
vt 0.690920 0.036128
vt 0.702853 0.145331
vt 0.155804 0.483051
vt 0.577909 0.817217
vt 0.583482 0.819621
vt 0.553862 0.816569
vt 0.549399 0.823495
vt 0.547358 0.818301
vt 0.546366 0.816089
vt 0.949554 0.403657
vt 0.937355 0.417119
vt 0.949554 0.417930
vt 0.668178 0.006099
vt 0.480804 0.864468
vt 0.750742 0.932649
vt 0.762339 0.947888
vt 0.543465 0.658437
vt 0.294016 0.970116
vt 0.233287 0.909484
vt 0.796875 0.974576
vt 0.803393 0.965742
vt 0.807059 0.974576
vt 0.718304 0.050401
vt 0.717013 0.036804
vt 0.811161 0.965656
vt 0.675446 0.485404
vt 0.153125 0.808653
vt 0.151917 0.771491
vt 0.147768 0.759326
vt 0.806790 0.190868
vt 0.801154 0.202314
vt 0.782645 0.199400
vt 0.778125 0.209601
vt 0.783008 0.569269
vt 0.418304 0.628457
vt 0.939045 0.022901
vt 0.947656 0.034800
vt 0.937054 0.035236
vt 0.826339 0.142074
vt 0.019271 0.904377
vt 0.105923 0.092685
vt 0.074506 0.099945
vt 0.545861 0.811496
vt 0.895165 0.567912
vt 0.932589 0.413086
vt 0.901339 0.727475
vt 0.895309 0.714987
vt 0.887946 0.727475
vt 0.835892 0.860830
vt 0.578125 0.826167
vt 0.901215 0.566016
vt 0.912709 0.566760
vt 0.838727 0.851472
vt 0.679711 0.034008
vt 0.559012 0.062170
vt 0.800709 0.932171
vt 0.779844 0.934434
vt 0.678543 0.050401
vt 0.821231 0.933637
vt 0.673382 0.526505
vt 0.670714 0.533727
vt 0.132751 0.647276
vt 0.385268 0.964718
vt 0.375704 0.952553
vt 0.375446 0.964764
vt 0.823661 0.189078
vt 0.947120 0.029776
vt 0.521627 0.595941
vt 0.951014 0.019179
vt 0.951339 0.032096
vt 0.902232 0.548487
vt 0.906696 0.536574
vt 0.906696 0.551740
vt 0.878125 0.449153
vt 0.894196 0.449153
vt 0.893682 0.446476
vt 0.946875 0.219878
vt 0.712922 0.139433
vt 0.696577 0.165151
vt 0.578720 0.810437
vt 0.604669 0.745001
vt 0.609375 0.751561
vt 0.595089 0.751561
vt 0.174554 0.459857
vt 0.174554 0.469670
vt 0.169196 0.463151
vt 0.405804 0.725691
vt 0.402615 0.718555
vt 0.399554 0.725691
vt 0.470089 0.840767
vt 0.464752 0.838091
vt 0.461161 0.840767
vt 0.400845 0.702878
vt 0.371179 0.677332
vt 0.835186 0.856536
vt 0.647870 0.307893
vt 0.764732 0.933256
vt 0.189216 0.429640
vt 0.554996 0.184627
vt 0.789735 0.902120
vt 0.382183 0.487381
vt 0.567411 0.954059
vt 0.579340 0.954945
vt 0.580307 0.964308
vt 0.584653 0.966869
vt 0.571265 0.962686
vt 0.949289 0.035236
vt 0.585268 0.967440
vt 0.178748 0.516192
vt 0.182955 0.514273
vt 0.184375 0.524796
vt 0.569419 0.967440
vt 0.761656 0.128811
vt 0.555841 0.388614
vt 0.807303 0.260881
vt 0.598827 0.744425
vt 0.837054 0.384032
vt 0.843304 0.384032
vt 0.839248 0.376004
vt 0.578067 0.830954
vt 0.538839 0.830954
vt 0.572768 0.866637
vt 0.275329 0.144068
vt 0.279911 0.146922
vt 0.270089 0.153668
vt 0.530945 0.098833
vt 0.300124 0.976707
vt 0.787329 0.899927
vt 0.543634 0.102853
vt 0.385268 0.950491
vt 0.557221 0.399341
vt 0.503716 0.888643
vt 0.598480 0.306955
vt 0.596167 0.302855
vt 0.589346 0.306956
vt 0.042757 0.084125
vt 0.596489 0.314550
vt 0.619943 0.304182
vt 0.015033 0.566905
vt 0.626441 0.318912
vt 0.583482 0.318912
vt 0.492411 0.421499
vt 0.490288 0.429527
vt 0.481071 0.423520
vt 0.915138 0.558601
vt 0.631696 0.157780
vt 0.692411 0.873773
vt 0.709155 0.871372
vt 0.545529 0.138996
vt 0.430804 0.853036
vt 0.427495 0.856256
vt 0.426946 0.852364
vt 0.789250 0.858862
vt 0.778618 0.568689
vt 0.781186 0.554416
vt 0.739788 0.555059
vt 0.783482 0.557302
vt 0.737946 0.568689
vt 0.778899 0.581141
vt 0.155298 0.871599
vt 0.170125 0.519145
vt 0.608482 0.455315
vt 0.577584 0.450937
vt 0.604728 0.458073
vt 0.142551 0.093351
vt 0.532035 0.406334
vt 0.782382 0.058297
vt 0.782589 0.062890
vt 0.776454 0.060133
vt 0.769780 0.062890
vt 0.627232 0.314318
vt 0.826364 0.862310
vt 0.479911 0.429527
vt 0.229035 0.501912
vt 0.240625 0.540842
vt 0.229018 0.541035
vt 0.352605 0.315851
vt 0.410597 0.324118
vt 0.216052 0.493574
vt 0.654531 0.316706
vt 0.564234 0.023083
vt 0.570833 0.025639
vt 0.550759 0.060351
vt 0.308553 0.976211
vt 0.383482 0.853691
vt 0.673493 0.854640
vt 0.682597 0.855881
vt 0.678943 0.867529
vt 0.742947 0.136341
vt 0.852268 0.886989
vt 0.851679 0.891183
vt 0.876664 0.886120
vt 0.660431 0.159010
vt 0.824957 0.873791
vt 0.826055 0.857668
vt 0.680567 0.006134
vt 0.506990 0.569581
vt 0.525345 0.568767
vt 0.505804 0.562444
vt 0.180977 0.435772
vt 0.387254 0.865745
vt 0.813637 0.176534
vt 0.179669 0.591731
vt 0.179018 0.549955
vt 0.189085 0.579692
vt 0.827117 0.880018
vt 0.892595 0.897285
vt 0.883826 0.884412
vt 0.774079 0.052186
vt 0.901339 0.894365
vt 0.897023 0.881802
vt 0.730986 0.965309
vt 0.742018 0.962730
vt 0.838204 0.741578
vt 0.382560 0.672075
vt 0.240306 0.094482
vt 0.518156 0.093779
vt 0.251764 0.895225
vt 0.689732 0.849360
vt 0.319958 0.210138
vt 0.193304 0.553533
vt 0.142902 0.888914
vt 0.150314 0.910732
vt 0.153125 0.880910
vt 0.563627 0.763092
vt 0.071483 0.096644
vt 0.997768 0.701606
vt 0.997693 0.734612
vt 0.984796 0.734612
vt 0.846875 0.899643
vt 0.765625 0.054496
vt 0.734375 0.452451
vt 0.728125 0.469902
vt 0.734375 0.473238
vt 0.869260 0.555075
vt 0.869196 0.563555
vt 0.632569 0.166013
vt 0.240625 0.501784
vt 0.385973 0.339388
vt 0.408686 0.381903
vt 0.274691 0.161129
vt 0.386493 0.654768
vt 0.531304 0.160911
vt 0.803551 0.183301
vt 0.683303 0.529260
vt 0.779976 0.190914
vt 0.530099 0.592581
vt 0.984375 0.704867
vt 0.873260 0.895519
vt 0.033184 0.097111
vt 0.924335 0.553566
vt 0.003125 0.559782
vt 0.848267 0.339301
vt 0.671538 0.331461
vt 0.382878 0.448338
vt 0.525108 0.206213
vt 0.260407 0.878851
vt 0.820702 0.901138
vt 0.863357 0.923111
vt 0.673566 0.845007
vt 0.305073 0.985202
vt 0.193304 0.596343
vt 0.563073 0.703104
vt 0.657294 0.515392
vt 0.744395 0.166350
vt 0.718795 0.986173
vt 0.534495 0.458036
vt 0.546842 0.454505
vt 0.118140 0.474221
vt 0.726853 0.961791
vt 0.739636 0.954951
vt 0.544937 0.050821
vt 0.000446 0.239142
vt 0.042963 0.238626
vt 0.036676 0.240410
vt 0.679709 0.905965
vt 0.262338 0.111798
vt 0.794746 0.287609
vt 0.125732 0.459037
vt 0.097369 0.531966
vt 0.099554 0.533898
vt 0.056463 0.533898
vt 0.912869 0.556489
vt 0.369031 0.312640
vt 0.381788 0.436355
vt 0.384550 0.416902
vt 0.216563 0.504138
vt 0.209110 0.505790
vt 0.533997 0.197095
vt 0.428870 0.865745
vt 0.011161 0.187779
vt 0.002232 0.171214
vt 0.011161 0.145852
vt 0.710362 0.167195
vt 0.560423 0.468223
vt 0.482621 0.515907
vt 0.717605 0.978269
vt 0.976770 0.566013
vt 0.979911 0.567931
vt 0.859972 0.515698
vt 0.098426 0.524704
vt 0.072115 0.521409
vt 0.054018 0.527855
vt 0.393311 0.690791
vt 0.874166 0.729359
vt 0.007111 0.092391
vt 0.691556 0.032463
vt 0.648707 0.827104
vt 0.206123 0.458073
vt 0.221875 0.451844
vt 0.214245 0.443449
vt 0.521469 0.120125
vt 0.261887 0.858403
vt 0.086161 0.956317
vt 0.093304 0.948707
vt 0.093304 0.958519
vt 0.554064 0.019179
vt 0.900446 0.235514
vt 0.819196 0.174553
vt 0.964732 0.147636
vt 0.964677 0.152161
vt 0.956146 0.156287
vt 0.139178 0.903206
vt 0.162882 0.907468
vt 0.177401 0.537101
vt 0.539420 0.740491
vt 0.728307 0.450937
vt 0.379957 0.389120
vt 0.153125 0.739964
vt 0.757190 0.578132
vt 0.024342 0.873202
vt 0.097221 0.110371
vt 0.409375 0.104777
vt 0.801098 0.272256
vt 0.493725 0.299624
vt 0.497768 0.280553
vt 0.485340 0.294732
vt 0.901263 0.899643
vt 0.937237 0.206595
vt 0.810217 0.866089
vt 0.859588 0.109509
vt 0.898661 0.099880
vt 0.898374 0.110169
vt 0.668091 0.347382
vt 0.391322 0.482297
vt 0.533796 0.249438
vt 0.798920 0.894081
vt 0.810496 0.895956
vt 0.535616 0.052630
vt 0.954018 0.182897
vt 0.964732 0.185995
vt 0.162946 0.532122
vt 0.179316 0.100719
vt 0.861619 0.091710
vt 0.890948 0.090544
vt 0.890692 0.099566
vt 0.849554 0.110169
vt 0.856386 0.095353
vt 0.859556 0.101159
vt 0.902232 0.498424
vt 0.916761 0.546893
vt 0.691108 0.005090
vt 0.692638 0.007728
vt 0.265626 0.962979
vt 0.530358 0.581806
vt 0.538777 0.583613
vt 0.163267 0.544391
vt 0.184375 0.545138
vt 0.531676 0.753064
vt 0.148995 0.113915
vt 0.016355 0.834600
vt 0.677635 0.431532
vt 0.934601 0.547881
vt 0.359319 0.341618
vt 0.800278 0.855777
vt 0.541189 0.562459
vt 0.800569 0.133666
vt 0.824494 0.145197
vt 0.537240 0.779796
vt 0.118439 0.109718
vt 0.104729 0.264996
vt 0.564859 0.461762
vt 0.793482 0.264123
vt 0.880344 0.729262
vt 0.812660 0.738688
vt 0.279911 0.184563
vt 0.268922 0.852096
vt 0.268346 0.839851
vt 0.186491 0.442016
vt 0.531097 0.061650
vt 0.759810 0.159120
vt 0.924632 0.200809
vt 0.838839 0.342909
vt 0.848493 0.356399
vt 0.786875 0.732868
vt 0.799505 0.860717
vt 0.891626 0.243087
vt 0.511079 0.103249
vt 0.271932 0.918860
vt 0.141518 0.252899
vt 0.136233 0.250223
vt 0.121875 0.252899
vt 0.657528 0.531431
vt 0.129635 0.110485
vt 0.794300 0.302094
vt 0.501134 0.881257
vt 0.493387 0.883231
vt 0.379295 0.966110
vt 0.391275 0.966324
vt 0.379034 0.974831
vt 0.387931 0.983701
vt 0.381166 0.986890
vt 0.495880 0.877854
vt 0.757701 0.197532
vt 0.763775 0.193462
vt 0.757589 0.205620
vt 0.763452 0.205124
vt 0.390625 0.703390
vt 0.085388 0.784213
vt 0.084375 0.790812
vt 0.104911 0.790812
vt 0.899993 0.487511
vt 0.840303 0.349246
vt 0.375446 0.987065
vt 0.343805 0.982915
vt 0.525031 0.162765
vt 0.596457 0.003003
vt 0.601166 0.003253
vt 0.593687 0.011151
vt 0.538878 0.045084
vt 0.757540 0.595383
vt 0.796104 0.144842
vt 0.039269 0.114902
vt 0.946511 0.543352
vt 0.604018 0.009460
vt 0.175369 0.542540
vt 0.670671 0.189923
vt 0.443537 0.890770
vt 0.484839 0.887042
vt 0.370089 0.654295
vt 0.776078 0.740421
vt 0.517829 0.231521
vt 0.114750 0.643157
vt 0.266397 0.946291
vt 0.532888 0.256467
vt 0.513839 0.259144
vt 0.534375 0.259144
vt 0.551234 0.590261
vt 0.574554 0.458073
vt 0.212259 0.124132
vt 0.500088 0.784791
vt 0.013105 0.821103
vt 0.111683 0.254209
vt 0.265625 0.126413
vt 0.273661 0.137823
vt 0.268088 0.108058
vt 0.273661 0.105709
vt 0.097539 0.781891
vt 0.774163 0.194673
vt 0.649713 0.323094
vt 0.639485 0.192017
vt 0.092234 0.658660
vt 0.262146 0.884883
vt 0.774554 0.205620
vt 0.093289 0.477699
vt 0.717154 0.008185
vt 0.287964 0.262417
vt 0.275446 0.260749
vt 0.276574 0.271632
vt 0.283724 0.256467
vt 0.304018 0.259275
vt 0.798968 0.150056
vt 0.170944 0.553524
vt 0.551116 0.596878
vt 0.017411 0.885083
vt 0.574485 0.471310
vt 0.099373 0.260675
vt 0.672768 0.788985
vt 0.686161 0.783675
vt 0.686161 0.789920
vt 0.913387 0.536581
vt 0.672351 0.428079
vt 0.376722 0.651044
vt 0.813386 0.882080
vt 0.823839 0.886461
vt 0.342788 0.205819
vt 0.172872 0.117332
vt 0.508601 0.796072
vt 0.091165 0.270023
vt 0.407650 0.096345
vt 0.787340 0.273417
vt 0.360009 0.120874
vt 0.362946 0.109277
vt 0.347081 0.109602
vt 0.003210 0.565932
vt 0.186161 0.603168
vt 0.186003 0.606155
vt 0.160572 0.599446
vt 0.511442 0.206784
vt 0.294201 0.271632
vt 0.264829 0.902702
vt 0.496984 0.039874
vt 0.482589 0.037913
vt 0.483210 0.050401
vt 0.358812 0.504762
vt 0.551739 0.570473
vt 0.875970 0.544085
vt 0.873157 0.530634
vt 0.870089 0.541866
vt 0.872796 0.500577
vt 0.667380 0.907064
vt 0.714732 0.981928
vt 0.397479 0.952275
vt 0.405375 0.969696
vt 0.131814 0.990067
vt 0.135268 0.990052
vt 0.132967 0.996878
vt 0.346875 0.120874
vt 0.364748 0.333936
vt 0.087384 0.459189
vt 0.511661 0.137291
vt 0.808954 0.177564
vt 0.497768 0.050401
vt 0.879568 0.501943
vt 0.886250 0.531015
vt 0.747367 0.583617
vt 0.137946 0.914684
vt 0.153125 0.917484
vt 0.951328 0.200135
vt 0.073122 0.113258
vt 0.482273 0.298293
vt 0.782674 0.264274
vt 0.100164 0.995520
vt 0.119156 0.988531
vt 0.483570 0.866637
vt 0.878635 0.747240
vt 0.772458 0.177074
vt 0.166380 0.588827
vt 0.275183 0.189563
vt 0.509925 0.214708
vt 0.934334 0.406481
vt 0.930798 0.409010
vt 0.929073 0.362070
vt 0.668307 0.846050
vt 0.668373 0.582170
vt 0.888372 0.510361
vt 0.888246 0.504014
vt 0.878943 0.480392
vt 0.878833 0.542899
vt 0.613114 0.350202
vt 0.633221 0.330718
vt 0.631870 0.312667
vt 0.524345 0.731100
vt 0.791340 0.292425
vt 0.100332 0.985415
vt 0.117483 0.983920
vt 0.328125 0.417922
vt 0.343155 0.418623
vt 0.344771 0.427743
vt 0.123529 0.979627
vt 0.545559 0.568962
vt 0.810804 0.147636
vt 0.741301 0.591609
vt 0.383482 0.821142
vt 0.382111 0.810847
vt 0.368933 0.821142
vt 0.780306 0.139587
vt 0.530347 0.711739
vt 0.133649 0.118301
vt 0.397486 0.078984
vt 0.581152 0.460583
vt 0.482859 0.309382
vt 0.579911 0.906780
vt 0.579911 0.919268
vt 0.570982 0.911355
vt 0.081384 0.984901
vt 0.873704 0.757971
vt 0.131689 0.978145
vt 0.842529 0.751754
vt 0.182891 0.968635
vt 0.168813 0.977359
vt 0.166518 0.974678
vt 0.675577 0.434090
vt 0.342934 0.992580
vt 0.315887 0.986405
vt 0.890625 0.537778
vt 0.115072 0.637137
vt 0.103074 0.647707
vt 0.617674 0.366271
vt 0.641668 0.318465
vt 0.375079 0.804768
vt 0.858164 0.546490
vt 0.465207 0.907603
vt 0.481694 0.915600
vt 0.448661 0.915098
vt 0.075961 0.995892
vt 0.863773 0.533830
vt 0.946034 0.511222
vt 0.740633 0.343629
vt 0.745982 0.372435
vt 0.745982 0.340321
vt 0.954911 0.268002
vt 0.959873 0.269753
vt 0.521020 0.173656
vt 0.150987 0.944152
vt 0.147093 0.987297
vt 0.145089 0.938831
vt 0.545982 0.614184
vt 0.537054 0.606385
vt 0.545982 0.600803
vt 0.567444 0.000446
vt 0.886462 0.478621
vt 0.890277 0.485852
vt 0.890625 0.544603
vt 0.721875 0.600803
vt 0.561358 0.585232
vt 0.745330 0.570413
vt 0.736433 0.578243
vt 0.689716 0.052524
vt 0.700847 0.054131
vt 0.702232 0.064674
vt 0.154921 0.913510
vt 0.726316 0.179156
vt 0.699554 0.420607
vt 0.719196 0.420607
vt 0.708089 0.413470
vt 0.374025 0.833204
vt 0.366518 0.845574
vt 0.374719 0.824182
vt 0.771740 0.293671
vt 0.494055 0.907521
vt 0.384323 0.847904
vt 0.116002 0.481072
vt 0.311161 0.664139
vt 0.297768 0.651378
vt 0.311161 0.648974
vt 0.183405 0.449165
vt 0.151339 0.938002
vt 0.151339 0.994202
vt 0.291057 0.999554
vt 0.289732 0.987065
vt 0.306696 0.999554
vt 0.304486 0.988213
vt 0.124159 0.125936
vt 0.588277 0.267369
vt 0.496689 0.315782
vt 0.506056 0.916592
vt 0.409675 0.955093
vt 0.937946 0.159361
vt 0.662213 0.436664
vt 0.791518 0.869739
vt 0.008667 0.114969
vt 0.793592 0.858365
vt 0.670982 0.890723
vt 0.674730 0.885782
vt 0.671986 0.880165
vt 0.372045 0.482326
vt 0.498208 0.081637
vt 0.642265 0.835219
vt 0.647768 0.317277
vt 0.255702 0.107377
vt 0.019237 0.867879
vt 0.604157 0.471814
vt 0.587393 0.464728
vt 0.471878 0.878185
vt 0.306696 0.095897
vt 0.303125 0.089333
vt 0.306696 0.084300
vt 0.317254 0.265521
vt 0.315625 0.278769
vt 0.328125 0.278769
vt 0.740625 0.368612
vt 0.813732 0.743759
vt 0.682589 0.888822
vt 0.682589 0.876450
vt 0.356696 0.426214
vt 0.511818 0.249645
vt 0.235731 0.142822
vt 0.502297 0.079501
vt 0.509662 0.592774
vt 0.525446 0.592774
vt 0.518152 0.574933
vt 0.508005 0.576224
vt 0.495982 0.590810
vt 0.665722 0.543733
vt 0.537959 0.693373
vt 0.610879 0.371835
vt 0.364732 0.804193
vt 0.947594 0.253143
vt 0.684897 0.064268
vt 0.510856 0.748061
vt 0.417847 0.971472
vt 0.521063 0.907474
vt 0.574010 0.979929
vt 0.602471 0.983261
vt 0.603896 0.993339
vt 0.790533 0.060648
vt 0.812041 0.062967
vt 0.786161 0.066655
vt 0.061129 0.985584
vt 0.326899 0.264496
vt 0.791106 0.079622
vt 0.815959 0.082262
vt 0.828018 0.748450
vt 0.559637 0.604530
vt 0.569196 0.613292
vt 0.551656 0.611561
vt 0.658482 0.431716
vt 0.355360 0.407479
vt 0.952216 0.366389
vt 0.953125 0.400521
vt 0.144189 0.428312
vt 0.277561 0.916209
vt 0.266755 0.857571
vt 0.156696 0.490785
vt 0.171567 0.500176
vt 0.157115 0.502676
vt 0.615734 0.891615
vt 0.660846 0.906119
vt 0.641721 0.912882
vt 0.115261 0.122513
vt 0.749326 0.181825
vt 0.701689 0.199727
vt 0.561670 0.600803
vt 0.548892 0.600990
vt 0.924737 0.155571
vt 0.170381 0.991525
vt 0.343464 0.407083
vt 0.547768 0.613292
vt 0.773322 0.754580
vt 0.379263 0.639161
vt 0.208482 0.525193
vt 0.507363 0.166666
vt 0.335702 0.225615
vt 0.492539 0.133571
vt 0.783482 0.149420
vt 0.767454 0.135147
vt 0.764732 0.149420
vt 0.566438 0.011151
vt 0.344686 0.502501
vt 0.641665 0.334214
vt 0.633656 0.355520
vt 0.615762 0.385245
vt 0.064316 0.132870
vt 0.044224 0.996878
vt 0.749062 0.301710
vt 0.259375 0.771186
vt 0.259375 0.786351
vt 0.254911 0.773221
vt 0.201707 0.965304
vt 0.189205 0.985730
vt 0.353162 0.327944
vt 0.388839 0.644579
vt 0.152197 0.435055
vt 0.845618 0.901305
vt 0.629485 0.375606
vt 0.962946 0.533637
vt 0.980804 0.554416
vt 0.980804 0.517362
vt 0.770982 0.168053
vt 0.470625 0.885303
vt 0.739158 0.271766
vt 0.221996 0.962979
vt 0.220171 0.971740
vt 0.615625 0.987409
vt 0.914945 0.515506
vt 0.510134 0.251115
vt 0.504911 0.254683
vt 0.518304 0.254683
vt 0.839219 0.371237
vt 0.850446 0.376004
vt 0.226391 0.528603
vt 0.208795 0.552159
vt 0.569739 0.562494
vt 0.665625 0.910254
vt 0.729018 0.116414
vt 0.728547 0.101187
vt 0.728072 0.108004
vt 0.725953 0.593024
vt 0.878232 0.454733
vt 0.557847 0.539292
vt 0.583482 0.549063
vt 0.540625 0.535682
vt 0.541501 0.549063
vt 0.530067 0.697056
vt 0.499856 0.734049
vt 0.165582 0.146791
vt 0.592680 0.269231
vt 0.409295 0.987065
vt 0.538029 0.916592
vt 0.547593 0.984973
vt 0.589512 0.996878
vt 0.566617 0.880814
vt 0.572788 0.884489
vt 0.561161 0.885461
vt 0.823889 0.754351
vt 0.011232 0.137408
vt 0.360699 0.393402
vt 0.566191 0.568657
vt 0.500453 0.152991
vt 0.177261 0.458073
vt 0.279616 0.920048
vt 0.729018 0.094112
vt 0.348661 0.516057
vt 0.334668 0.513381
vt 0.338786 0.515938
vt 0.579939 0.541777
vt 0.566092 0.541017
vt 0.769476 0.128903
vt 0.683563 0.056307
vt 0.273372 0.771493
vt 0.279018 0.758698
vt 0.266143 0.760549
vt 0.167411 0.732282
vt 0.157589 0.722675
vt 0.162109 0.734612
vt 0.686309 0.355725
vt 0.347803 0.238036
vt 0.182589 0.502676
vt 0.287961 0.931078
vt 0.167024 0.486619
vt 0.946837 0.949599
vt 0.939732 0.951383
vt 0.949554 0.951383
vt 0.723661 0.112633
vt 0.329018 0.516057
vt 0.347554 0.844609
vt 0.359440 0.841589
vt 0.331471 0.838091
vt 0.328125 0.849688
vt 0.370089 0.849688
vt 0.568908 0.597857
vt 0.951710 0.219116
vt 0.200480 0.136876
vt 0.689237 0.220433
vt 0.419333 0.985639
vt 0.492369 0.559168
vt 0.342878 0.401263
vt 0.264732 0.770127
vt 0.292411 0.014719
vt 0.292138 0.008475
vt 0.286442 0.009044
vt 0.827165 0.076882
vt 0.026457 0.143746
vt 0.360290 0.438710
vt 0.496957 0.086027
vt 0.277575 0.864140
vt 0.348661 0.993310
vt 0.614441 0.904540
vt 0.656490 0.921945
vt 0.430804 0.326048
vt 0.416518 0.324601
vt 0.430804 0.319804
vt 0.732267 0.114694
vt 0.732401 0.124322
vt 0.748512 0.114733
vt 0.565625 0.967440
vt 0.553138 0.961562
vt 0.564194 0.958345
vt 0.551609 0.966746
vt 0.181696 0.319804
vt 0.179018 0.307056
vt 0.181696 0.305531
vt 0.536054 0.958527
vt 0.523312 0.956735
vt 0.694196 0.861285
vt 0.696617 0.853974
vt 0.706970 0.861285
vt 0.997768 0.020071
vt 0.996314 0.015611
vt 0.982589 0.020071
vt 0.356948 0.843163
vt 0.312725 0.014719
vt 0.342715 0.007712
vt 0.346875 0.014719
vt 0.044225 0.985023
vt 0.308488 0.006038
vt 0.314652 0.005545
vt 0.274552 0.786217
vt 0.238195 0.968338
vt 0.342226 0.002230
vt 0.638375 0.200204
vt 0.834504 0.764850
vt 0.361100 0.292342
vt 0.355595 0.463518
vt 0.286243 0.911098
vt 0.280208 0.860094
vt 0.746579 0.127119
vt 0.305545 0.945426
vt 0.736048 0.102777
vt 0.592112 0.899750
vt 0.596504 0.911172
vt 0.731696 0.086524
vt 0.739237 0.085072
vt 0.004018 0.834778
vt 0.010052 0.833753
vt 0.004240 0.806514
vt 0.010268 0.845227
vt 0.102111 0.634356
vt 0.083661 0.636204
vt 0.726445 0.580586
vt 0.839732 0.608831
vt 0.828125 0.603070
vt 0.839732 0.602587
vt 0.520089 0.967440
vt 0.710268 0.849688
vt 0.523079 0.693852
vt 0.769433 0.178130
vt 0.077546 0.134754
vt 0.883482 0.670384
vt 0.881129 0.640484
vt 0.883436 0.643998
vt 0.064861 0.270483
vt 0.732489 0.246535
vt 0.731696 0.211864
vt 0.743341 0.231150
vt 0.403138 0.840599
vt 0.383149 0.836394
vt 0.386651 0.829813
vt 0.267242 0.790430
vt 0.301339 0.012110
vt 0.149788 0.588293
vt 0.574554 0.875558
vt 0.161872 0.718335
vt 0.359268 0.448170
vt 0.345267 0.482449
vt 0.634745 0.832492
vt 0.284235 0.904886
vt 0.010268 0.805977
vt 0.888418 0.453613
vt 0.731578 0.557371
vt 0.608482 0.672100
vt 0.591496 0.678088
vt 0.588316 0.670384
vt 0.444196 0.899643
vt 0.444196 0.904103
vt 0.436161 0.901562
vt 0.610268 0.397513
vt 0.608634 0.452995
vt 0.618160 0.446878
vt 0.622768 0.456289
vt 0.970515 0.515165
vt 0.723124 0.215114
vt 0.479911 0.322249
vt 0.851582 0.554079
vt 0.356696 0.398305
vt 0.551539 0.996767
vt 0.825354 0.067523
vt 0.837946 0.131579
vt 0.846875 0.131579
vt 0.839136 0.119090
vt 0.005856 0.204319
vt 0.018304 0.231314
vt 0.018304 0.203836
vt 0.676921 0.356088
vt 0.681157 0.444952
vt 0.689684 0.445632
vt 0.677232 0.456289
vt 0.689732 0.456289
vt 0.494818 0.231408
vt 0.494475 0.248658
vt 0.960268 0.280553
vt 0.510289 0.060678
vt 0.614112 0.908389
vt 0.749554 0.102000
vt 0.982926 0.646569
vt 0.995620 0.644674
vt 0.999554 0.658787
vt 0.512946 0.979589
vt 0.512092 0.993310
vt 0.507022 0.979545
vt 0.506838 0.949599
vt 0.619755 0.399640
vt 0.666877 0.209687
vt 0.446582 0.609146
vt 0.451339 0.613175
vt 0.445993 0.622212
vt 0.269820 0.815728
vt 0.538839 0.905888
vt 0.285268 0.014719
vt 0.563839 0.398305
vt 0.559375 0.394768
vt 0.563839 0.383140
vt 0.070089 0.548171
vt 0.059375 0.537663
vt 0.070089 0.535682
vt 0.545089 0.668936
vt 0.542980 0.676628
vt 0.499850 0.673771
vt 0.510799 0.668599
vt 0.490625 0.669474
vt 0.492302 0.676628
vt 0.982589 0.639689
vt 0.999554 0.635593
vt 0.975017 0.222282
vt 0.985936 0.261936
vt 0.986161 0.221677
vt 0.015839 0.982803
vt 0.011602 0.987991
vt 0.018304 0.996878
vt 0.360975 0.965648
vt 0.347876 0.974576
vt 0.334350 0.974076
vt 0.560268 0.004470
vt 0.372768 0.971143
vt 0.364044 0.974576
vt 0.631194 0.394607
vt 0.607533 0.684657
vt 0.580193 0.673224
vt 0.559611 0.681081
vt 0.552498 0.672340
vt 0.366242 0.963277
vt 0.347129 0.962979
vt 0.315625 0.963926
vt 0.578169 0.684231
vt 0.547768 0.684657
vt 0.569814 0.591458
vt 0.496190 0.323265
vt 0.451339 0.582111
vt 0.719158 0.307315
vt 0.709375 0.309991
vt 0.722768 0.309991
vt 0.277321 0.823990
vt 0.336452 0.138400
vt 0.343769 0.131742
vt 0.337084 0.119264
vt 0.345089 0.117101
vt 0.442377 0.578941
vt 0.445939 0.570473
vt 0.439732 0.607734
vt 0.992036 0.964264
vt 0.989732 0.962874
vt 0.992385 0.990866
vt 0.881696 0.759822
vt 0.574554 0.886262
vt 0.655804 0.878343
vt 0.670089 0.882694
vt 0.659989 0.875465
vt 0.167020 0.719136
vt 0.058000 0.271632
vt 0.047810 0.272180
vt 0.059375 0.278769
vt 0.657083 0.872576
vt 0.670089 0.868300
vt 0.669095 0.863961
vt 0.684538 0.433095
vt 0.729927 0.031140
vt 0.173333 0.450046
vt 0.394196 0.655219
vt 0.404911 0.655219
vt 0.395624 0.648082
vt 0.049554 0.237734
vt 0.036161 0.234544
vt 0.049554 0.227029
vt 0.976712 0.265865
vt 0.265625 0.292150
vt 0.260268 0.288926
vt 0.265625 0.275201
vt 0.654827 0.560011
vt 0.985865 0.910527
vt 0.972368 0.928929
vt 0.986161 0.929081
vt 0.457947 0.883293
vt 0.480681 0.326262
vt 0.744928 0.212073
vt 0.939787 0.422870
vt 0.928125 0.427508
vt 0.940699 0.428533
vt 0.534375 0.996878
vt 0.343279 0.159091
vt 0.325446 0.116414
vt 0.723483 0.039672
vt 0.721875 0.035557
vt 0.727518 0.034344
vt 0.326434 0.161911
vt 0.934956 0.348367
vt 0.348129 0.487088
vt 0.502071 0.050832
vt 0.061161 0.433095
vt 0.061161 0.439340
vt 0.045089 0.435521
vt 0.608979 0.912591
vt 0.504495 0.993088
vt 0.966613 0.266220
vt 0.583767 0.017395
vt 0.603085 0.031668
vt 0.603125 0.019490
vt 0.965625 0.222318
vt 0.670089 0.820250
vt 0.670089 0.836307
vt 0.657589 0.822121
vt 0.485301 0.799629
vt 0.442758 0.799732
vt 0.469236 0.789406
vt 0.046127 0.170928
vt 0.051107 0.258673
vt 0.948038 0.783124
vt 0.970820 0.796456
vt 0.946875 0.797948
vt 0.737623 0.257360
vt 0.744975 0.247470
vt 0.270466 0.832378
vt 0.255527 0.394737
vt 0.259375 0.389475
vt 0.253125 0.382244
vt 0.484972 0.563008
vt 0.547901 0.336314
vt 0.547768 0.323375
vt 0.558482 0.322480
vt 0.996875 0.958519
vt 0.996875 0.991525
vt 0.558482 0.342105
vt 0.009445 0.221971
vt 0.044196 0.278769
vt 0.503780 0.037460
vt 0.510482 0.048234
vt 0.749554 0.084300
vt 0.193074 0.289548
vt 0.203190 0.286896
vt 0.194000 0.274550
vt 0.197229 0.305408
vt 0.001339 0.989766
vt 0.202395 0.311775
vt 0.206696 0.302861
vt 0.501616 0.982164
vt 0.606696 0.447476
vt 0.587116 0.030349
vt 0.668287 0.057359
vt 0.097852 0.130706
vt 0.711864 0.205205
vt 0.949271 0.755531
vt 0.970089 0.421499
vt 0.969057 0.428828
vt 0.979911 0.423928
vt 0.820614 0.057588
vt 0.819697 0.089652
vt 0.871485 0.778090
vt 0.343397 0.169088
vt 0.735227 0.045049
vt 0.032247 0.430419
vt 0.029018 0.436664
vt 0.037946 0.436664
vt 0.845895 0.769300
vt 0.741518 0.038807
vt 0.848661 0.258455
vt 0.850971 0.270740
vt 0.854018 0.265187
vt 0.874590 0.644514
vt 0.878125 0.631899
vt 0.868954 0.631879
vt 0.985889 0.277284
vt 0.206696 0.255575
vt 0.193599 0.261300
vt 0.482891 0.334077
vt 0.497768 0.331881
vt 0.259375 0.356121
vt 0.253445 0.353702
vt 0.000446 0.758540
vt 0.004911 0.745317
vt 0.004911 0.760482
vt 0.003014 0.232382
vt 0.983119 0.213391
vt 0.986880 0.201160
vt 0.996875 0.218109
vt 0.655804 0.484835
vt 0.637870 0.482308
vt 0.646120 0.475022
vt 0.288804 0.923895
vt 0.828563 0.480375
vt 0.838839 0.492130
vt 0.810901 0.489017
vt 0.497497 0.950340
vt 0.689993 0.910572
vt 0.678591 0.053671
vt 0.952232 0.253303
vt 0.131939 0.134879
vt 0.404593 0.060134
vt 0.824032 0.084242
vt 0.317548 0.154731
vt 0.315775 0.118376
vt 0.305804 0.154755
vt 0.348278 0.362469
vt 0.018789 0.574208
vt 0.007259 0.573386
vt 0.010834 0.590066
vt 0.868304 0.621110
vt 0.878125 0.599019
vt 0.298115 0.918029
vt 0.470915 0.540713
vt 0.479018 0.536294
vt 0.478502 0.545495
vt 0.643167 0.351904
vt 0.639732 0.367000
vt 0.645929 0.359641
vt 0.182589 0.274757
vt 0.846348 0.632473
vt 0.828336 0.634702
vt 0.821502 0.640946
vt 0.586864 0.910720
vt 0.319180 0.505003
vt 0.670080 0.042654
vt 0.671067 0.050231
vt 0.495464 0.991821
vt 0.660268 0.363391
vt 0.654664 0.348350
vt 0.163626 0.918753
vt 0.578100 0.586234
vt 0.975550 0.869151
vt 0.985659 0.881091
vt 0.021173 0.833574
vt 0.496161 0.782190
vt 0.426598 0.876950
vt 0.427454 0.847904
vt 0.443692 0.844265
vt 0.747231 0.241855
vt 0.425446 0.979352
vt 0.013839 0.571175
vt 0.023085 0.563336
vt 0.020150 0.572257
vt 0.228279 0.977911
vt 0.994196 0.324264
vt 0.993001 0.318912
vt 0.988839 0.324264
vt 0.724030 0.045049
vt 0.847069 0.770497
vt 0.993681 0.878938
vt 0.999554 0.889831
vt 0.999554 0.871877
vt 0.638839 0.211811
vt 0.628125 0.214490
vt 0.631612 0.202052
vt 0.345674 0.334742
vt 0.308181 0.345233
vt 0.815095 0.631133
vt 0.186460 0.258450
vt 0.293308 0.962531
vt 0.846875 0.637399
vt 0.966736 0.283768
vt 0.499062 0.978412
vt 0.156438 0.922723
vt 0.622768 0.440232
vt 0.693360 0.557677
vt 0.088278 0.238715
vt 0.650335 0.064674
vt 0.521875 0.477698
vt 0.519504 0.469670
vt 0.506696 0.477698
vt 0.762227 0.292917
vt 0.769806 0.290092
vt 0.747201 0.218436
vt 0.737054 0.262981
vt 0.828018 0.053014
vt 0.324554 0.159233
vt 0.324172 0.134356
vt 0.968344 0.433495
vt 0.979318 0.432770
vt 0.000687 0.204706
vt 0.000446 0.229980
vt 0.240239 0.972724
vt 0.879232 0.777736
vt 0.638839 0.223146
vt 0.631961 0.225437
vt 0.475446 0.830954
vt 0.475446 0.837199
vt 0.468304 0.833278
vt 0.635514 0.247547
vt 0.352280 0.294118
vt 0.350623 0.314257
vt 0.325861 0.437018
vt 0.951103 0.346492
vt 0.489162 0.147021
vt 0.632772 0.819953
vt 0.807589 0.640946
vt 0.838280 0.504579
vt 0.649863 0.370490
vt 0.371970 0.232670
vt 0.649341 0.043417
vt 0.254385 0.060147
vt 0.265625 0.046312
vt 0.242472 0.060214
vt 0.254351 0.097040
vt 0.159542 0.158038
vt 0.087401 0.152724
vt 0.776699 0.212932
vt 0.645773 0.210021
vt 0.984375 0.519324
vt 0.989897 0.512560
vt 0.988068 0.505677
vt 0.039482 0.985175
vt 0.326665 0.185436
vt 0.343654 0.377336
vt 0.626405 0.823049
vt 0.201382 0.167873
vt 0.981950 0.852538
vt 0.991518 0.861285
vt 0.977706 0.858818
vt 0.307562 0.929485
vt 0.428649 0.599214
vt 0.432589 0.587177
vt 0.423887 0.586530
vt 0.079881 0.648051
vt 0.265625 0.002230
vt 0.083694 0.240365
vt 0.002536 0.969255
vt 0.603872 0.601406
vt 0.492450 0.761921
vt 0.477052 0.759582
vt 0.079019 0.157130
vt 0.400671 0.797056
vt 0.832151 0.429777
vt 0.830675 0.420607
vt 0.841769 0.424297
vt 0.819196 0.437556
vt 0.830094 0.436809
vt 0.070982 0.626675
vt 0.085268 0.622212
vt 0.085268 0.632917
vt 0.046024 0.563917
vt 0.827689 0.059339
vt 0.834508 0.060553
vt 0.404585 0.243979
vt 0.397768 0.249331
vt 0.407589 0.249331
vt 0.797343 0.876065
vt 0.808482 0.871989
vt 0.790625 0.872250
vt 0.990898 0.879920
vt 0.800598 0.882885
vt 0.031369 0.981502
vt 0.995223 0.503073
vt 0.050494 0.979901
vt 0.386161 0.512593
vt 0.384958 0.510705
vt 0.385829 0.519625
vt 0.991512 0.513855
vt 0.997768 0.519625
vt 0.138775 0.568869
vt 0.751123 0.004581
vt 0.479537 0.078830
vt 0.135061 0.448894
vt 0.170465 0.445545
vt 0.479018 0.516198
vt 0.470700 0.528416
vt 0.986161 0.290366
vt 0.254396 0.181340
vt 0.272053 0.181886
vt 0.253125 0.194811
vt 0.684350 0.556124
vt 0.461161 0.522554
vt 0.469369 0.538224
vt 0.461251 0.542922
vt 0.495609 0.705277
vt 0.101366 0.147266
vt 0.780514 0.245280
vt 0.999554 0.074494
vt 0.986161 0.081754
vt 0.991980 0.071811
vt 0.706696 0.994202
vt 0.696483 0.989861
vt 0.704035 0.980833
vt 0.696956 0.981848
vt 0.244196 0.978837
vt 0.239180 0.982231
vt 0.279018 0.847904
vt 0.674738 0.360763
vt 0.690678 0.381284
vt 0.989732 0.870205
vt 0.432589 0.285905
vt 0.425417 0.276985
vt 0.413839 0.285905
vt 0.363757 0.510908
vt 0.362135 0.975468
vt 0.374554 0.980821
vt 0.344485 0.980821
vt 0.065669 0.466343
vt 0.476355 0.133741
vt 0.420982 0.621648
vt 0.481099 0.743221
vt 0.031696 0.573149
vt 0.031696 0.608860
vt 0.808482 0.891615
vt 0.704911 0.551740
vt 0.704911 0.575825
vt 0.697768 0.568993
vt 0.103133 0.431268
vt 0.739732 0.824888
vt 0.749053 0.823579
vt 0.740084 0.860393
vt 0.573661 0.031668
vt 0.595502 0.461500
vt 0.653558 0.231808
vt 0.241082 0.991525
vt 0.030804 0.993634
vt 0.127867 0.577936
vt 0.046080 0.547251
vt 0.061161 0.546661
vt 0.059359 0.548847
vt 0.637465 0.398305
vt 0.637054 0.388492
vt 0.639564 0.389583
vt 0.342411 0.976808
vt 0.362946 0.519625
vt 0.963839 0.218109
vt 0.328035 0.317528
vt 0.063780 0.658677
vt 0.078608 0.665031
vt 0.181696 0.298394
vt 0.169196 0.297836
vt 0.181696 0.274309
vt 0.480104 0.119337
vt 0.599781 0.799976
vt 0.254569 0.219893
vt 0.273357 0.192162
vt 0.637444 0.402290
vt 0.017168 0.962852
vt 0.650732 0.050414
vt 0.593683 0.587182
vt 0.664525 0.574436
vt 0.705621 0.966860
vt 0.345089 0.188671
vt 0.863643 0.565098
vt 0.204911 0.384924
vt 0.204911 0.395629
vt 0.196875 0.392904
vt 0.648661 0.398305
vt 0.848336 0.785569
vt 0.477403 0.553763
vt 0.474735 0.589803
vt 0.472768 0.549577
vt 0.587456 0.562674
vt 0.478839 0.206077
vt 0.096924 0.433993
vt 0.121789 0.457762
vt 0.670979 0.035236
vt 0.643489 0.035416
vt 0.758175 0.852010
vt 0.759375 0.819358
vt 0.309012 0.493362
vt 0.182336 0.155112
vt 0.952679 0.746051
vt 0.970727 0.738180
vt 0.153001 0.609276
vt 0.171492 0.608624
vt 0.171875 0.611508
vt 0.405977 0.540674
vt 0.407839 0.542797
vt 0.408482 0.545495
vt 0.020877 0.475022
vt 0.004911 0.482159
vt 0.033663 0.482159
vt 0.568304 0.977252
vt 0.604018 0.977252
vt 0.584381 0.973684
vt 0.640793 0.386606
vt 0.627678 0.405747
vt 0.482459 0.951627
vt 0.475702 0.981386
vt 0.066917 0.172107
vt 0.837036 0.005798
vt 0.853333 0.034853
vt 0.831830 0.030562
vt 0.695814 0.966791
vt 0.694696 0.988820
vt 0.061065 0.558922
vt 0.483044 0.602829
vt 0.479011 0.592505
vt 0.167411 0.664165
vt 0.839788 0.789633
vt 0.329320 0.310121
vt 0.209674 0.590627
vt 0.478158 0.060863
vt 0.308154 0.929014
vt 0.310888 0.920022
vt 0.574258 0.018698
vt 0.965061 0.371221
vt 0.984354 0.377788
vt 0.984247 0.366049
vt 0.421468 0.801815
vt 0.832548 0.050181
vt 0.854312 0.053896
vt 0.018176 0.610887
vt 0.151724 0.600803
vt 0.150567 0.606478
vt 0.979911 0.453613
vt 0.350444 0.067351
vt 0.361930 0.070632
vt 0.348431 0.074949
vt 0.873476 0.087277
vt 0.328219 0.486619
vt 0.808939 0.481813
vt 0.280355 0.205463
vt 0.645982 0.251115
vt 0.631243 0.252622
vt 0.645982 0.263604
vt 0.621875 0.257865
vt 0.780612 0.242813
vt 0.989660 0.094798
vt 0.360714 0.076172
vt 0.341518 0.083408
vt 0.227455 0.567759
vt 0.477422 0.231545
vt 0.464922 0.093046
vt 0.972604 0.852206
vt 0.584375 0.921945
vt 0.474200 0.983906
vt 0.854236 0.436740
vt 0.453771 0.825470
vt 0.459375 0.836143
vt 0.852856 0.069831
vt 0.858493 0.078372
vt 0.047775 0.560508
vt 0.329124 0.293753
vt 0.777131 0.028076
vt 0.873083 0.900079
vt 0.609840 0.479712
vt 0.807226 0.502257
vt 0.947974 0.880638
vt 0.471062 0.143805
vt 0.476276 0.157169
vt 0.638394 0.410670
vt 0.471127 0.516753
vt 0.472307 0.518462
vt 0.824331 0.508029
vt 0.651811 0.059963
vt 0.464640 0.700910
vt 0.711742 0.221564
vt 0.389074 0.539407
vt 0.394378 0.537467
vt 0.477837 0.214593
vt 0.471206 0.248301
vt 0.929018 0.333420
vt 0.948247 0.333220
vt 0.895982 0.688432
vt 0.898661 0.687333
vt 0.898661 0.703390
vt 0.964969 0.354313
vt 0.232418 0.050624
vt 0.475907 0.736492
vt 0.879911 0.627067
vt 0.999554 0.096946
vt 0.706696 0.957375
vt 0.851882 0.575631
vt 0.964962 0.434436
vt 0.968907 0.453392
vt 0.989821 0.489443
vt 0.362054 0.083408
vt 0.696686 0.370030
vt 0.997768 0.488403
vt 0.833157 0.784862
vt 0.068304 0.920161
vt 0.062054 0.912734
vt 0.068304 0.896075
vt 0.958482 0.861285
vt 0.984375 0.352219
vt 0.834316 0.153880
vt 0.830108 0.169919
vt 0.845089 0.159971
vt 0.457138 0.773114
vt 0.619468 0.462532
vt 0.740917 0.287100
vt 0.493976 0.596368
vt 0.319740 0.047723
vt 0.301490 0.041481
vt 0.301339 0.058149
vt 0.862718 0.011272
vt 0.849984 0.037852
vt 0.937037 0.006365
vt 0.927477 0.030612
vt 0.944196 0.004906
vt 0.325848 0.335611
vt 0.306833 0.118891
vt 0.040140 0.458965
vt 0.475174 0.081203
vt 0.314646 0.487254
vt 0.315234 0.909807
vt 0.968576 0.845227
vt 0.156556 0.947662
vt 0.027232 0.826494
vt 0.617473 0.472346
vt 0.609838 0.267358
vt 0.849030 0.049667
vt 0.473435 0.508124
vt 0.722314 0.940552
vt 0.961492 0.867529
vt 0.946875 0.929081
vt 0.665032 0.240403
vt 0.855120 0.424018
vt 0.986161 0.763487
vt 0.046363 0.572257
vt 0.220982 0.276765
vt 0.207589 0.271374
vt 0.208465 0.279661
vt 0.931956 0.476575
vt 0.944987 0.471851
vt 0.327049 0.366142
vt 0.365697 0.252752
vt 0.428142 0.622054
vt 0.938839 0.113343
vt 0.940586 0.123980
vt 0.949554 0.113863
vt 0.959031 0.850078
vt 0.647768 0.412578
vt 0.003725 0.954776
vt 0.229731 0.002657
vt 0.689732 0.946023
vt 0.689732 0.929973
vt 0.686297 0.937029
vt 0.649125 0.055263
vt 0.087946 0.438448
vt 0.104475 0.440431
vt 0.093168 0.450045
vt 0.516945 0.687062
vt 0.782261 0.085093
vt 0.794196 0.101249
vt 0.781696 0.099008
vt 0.104681 0.445193
vt 0.105804 0.450045
vt 0.451428 0.766798
vt 0.981645 0.748526
vt 0.767837 0.248941
vt 0.324554 0.118561
vt 0.858249 0.575105
vt 0.320089 0.062730
vt 0.881435 0.787787
vt 0.326806 0.327863
vt 0.386815 0.545495
vt 0.467091 0.226345
vt 0.935290 0.322505
vt 0.949554 0.126227
vt 0.599325 0.484593
vt 0.436114 0.101851
vt 0.940926 0.098573
vt 0.660268 0.388492
vt 0.164732 0.962979
vt 0.463392 0.508256
vt 0.845089 0.178698
vt 0.430718 0.798294
vt 0.145089 0.611508
vt 0.255133 0.071621
vt 0.247779 0.084330
vt 0.256696 0.082651
vt 0.913805 0.484839
vt 0.827570 0.791856
vt 0.300266 0.488217
vt 0.480399 0.048258
vt 0.472554 0.048389
vt 0.824496 0.160105
vt 0.823661 0.174342
vt 0.606469 0.811885
vt 0.288639 0.017623
vt 0.272793 0.022631
vt 0.292411 0.027208
vt 0.292135 0.504007
vt 0.290395 0.219532
vt 0.090625 0.873636
vt 0.098661 0.866637
vt 0.098661 0.885370
vt 0.987054 0.670384
vt 0.974554 0.665669
vt 0.987054 0.651650
vt 0.063044 0.638386
vt 0.054940 0.643730
vt 0.794196 0.081624
vt 0.261753 0.069619
vt 0.680565 0.949264
vt 0.678125 0.937459
vt 0.132410 0.163724
vt 0.370089 0.724799
vt 0.366518 0.721850
vt 0.370089 0.707850
vt 0.249532 0.069043
vt 0.256696 0.067351
vt 0.712754 0.403843
vt 0.244196 0.073852
vt 0.249353 0.100357
vt 0.324894 0.282123
vt 0.300128 0.448564
vt 0.274483 0.012935
vt 0.964732 0.340844
vt 0.266518 0.027208
vt 0.799974 0.493859
vt 0.468968 0.952808
vt 0.013796 0.949408
vt 0.920982 0.665031
vt 0.902151 0.665031
vt 0.917613 0.657792
vt 0.267411 0.649866
vt 0.259195 0.650130
vt 0.267411 0.663479
vt 0.798239 0.503330
vt 0.705716 0.948707
vt 0.059375 0.565813
vt 0.064020 0.480339
vt 0.055582 0.480134
vt 0.440625 0.613292
vt 0.440625 0.632917
vt 0.432589 0.628571
vt 0.857998 0.031175
vt 0.038357 0.562444
vt 0.040580 0.551119
vt 0.828050 0.384924
vt 0.835216 0.384924
vt 0.835268 0.369478
vt 0.388006 0.537644
vt 0.818798 0.791518
vt 0.923481 0.055345
vt 0.041554 0.549281
vt 0.827232 0.367083
vt 0.899922 0.476594
vt 0.896001 0.486291
vt 0.327317 0.386302
vt 0.042411 0.480908
vt 0.344252 0.284121
vt 0.349841 0.272904
vt 0.353125 0.283300
vt 0.047307 0.648608
vt 0.758680 0.860393
vt 0.694335 0.600549
vt 0.229018 0.022454
vt 0.257589 0.664139
vt 0.272502 0.075218
vt 0.797768 0.508029
vt 0.457328 0.671276
vt 0.411402 0.778772
vt 0.630109 0.269691
vt 0.115800 0.275616
vt 0.104060 0.269848
vt 0.102232 0.278769
vt 0.220982 0.259144
vt 0.033702 0.553788
vt 0.196721 0.311775
vt 0.190625 0.317128
vt 0.201339 0.317128
vt 0.037114 0.544603
vt 0.861093 0.815912
vt 0.379911 0.538636
vt 0.688839 0.959819
vt 0.691702 0.952578
vt 0.697179 0.953876
vt 0.162933 0.664139
vt 0.841353 0.797046
vt 0.006696 0.611508
vt 0.303125 0.905888
vt 0.288683 0.896239
vt 0.299558 0.891970
vt 0.476308 0.031495
vt 0.431367 0.114750
vt 0.996875 0.795272
vt 0.996875 0.819358
vt 0.989141 0.800565
vt 0.607596 0.589393
vt 0.652829 0.591734
vt 0.831738 0.179708
vt 0.818826 0.469670
vt 0.824671 0.455964
vt 0.812946 0.465488
vt 0.091427 0.162404
vt 0.690248 0.255853
vt 0.987298 0.108385
vt 0.986161 0.797401
vt 0.984375 0.122566
vt 0.996875 0.139607
vt 0.996875 0.119982
vt 0.860856 0.046552
vt 0.102254 0.559123
vt 0.169198 0.757806
vt 0.170089 0.764942
vt 0.161263 0.760603
vt 0.497768 0.920566
vt 0.502530 0.922180
vt 0.511161 0.919268
vt 0.511161 0.925513
vt 0.301517 0.072870
vt 0.019688 0.189355
vt 0.155804 0.764942
vt 0.770982 0.097816
vt 0.779911 0.108385
vt 0.779911 0.095198
vt 0.951249 0.318799
vt 0.453859 0.080841
vt 0.227924 0.186753
vt 0.985268 0.815200
vt 0.638633 0.048064
vt 0.701983 0.938232
vt 0.686013 0.956735
vt 0.169376 0.170969
vt 0.322017 0.115522
vt 0.879366 0.801323
vt 0.320089 0.078055
vt 0.654190 0.257049
vt 0.433423 0.375301
vt 0.433259 0.392953
vt 0.424243 0.391231
vt 0.771378 0.063782
vt 0.319443 0.317899
vt 0.470420 0.206333
vt 0.470382 0.066091
vt 0.459036 0.160571
vt 0.334196 0.271632
vt 0.984260 0.323679
vt 0.965054 0.322312
vt 0.475189 0.497324
vt 0.965988 0.303859
vt 0.984354 0.303747
vt 0.458997 0.992993
vt 0.460135 0.733780
vt 0.089085 0.165042
vt 0.632468 0.472129
vt 0.487420 0.618220
vt 0.985883 0.136101
vt 0.279617 0.095004
vt 0.277232 0.103033
vt 0.293304 0.103033
vt 0.415625 0.361610
vt 0.433482 0.356378
vt 0.420423 0.375598
vt 0.818823 0.802156
vt 0.327135 0.920204
vt 0.421883 0.628451
vt 0.470731 0.498439
vt 0.460926 0.982898
vt 0.005017 0.943435
vt 0.482508 0.675889
vt 0.127326 0.240410
vt 0.868582 0.426216
vt 0.724647 0.295715
vt 0.738839 0.553524
vt 0.731696 0.531837
vt 0.738839 0.519625
vt 0.417853 0.392953
vt 0.119196 0.278769
vt 0.679736 0.575702
vt 0.681696 0.591882
vt 0.674554 0.586834
vt 0.708159 0.302653
vt 0.045757 0.475571
vt 0.977797 0.513381
vt 0.981696 0.503538
vt 0.970969 0.511050
vt 0.919484 0.053403
vt 0.323237 0.399946
vt 0.310617 0.419158
vt 0.323405 0.418387
vt 0.640625 0.443800
vt 0.627232 0.460553
vt 0.640625 0.461641
vt 0.615415 0.569581
vt 0.816238 0.985281
vt 0.797768 0.985477
vt 0.804533 0.989889
vt 0.293971 0.886607
vt 0.297466 0.877035
vt 0.827169 0.189665
vt 0.533482 0.646298
vt 0.516518 0.640369
vt 0.533482 0.637377
vt 0.018304 0.938002
vt 0.404018 0.151204
vt 0.404018 0.162801
vt 0.399554 0.158832
vt 0.751247 0.418822
vt 0.746875 0.422391
vt 0.757589 0.422391
vt 0.829863 0.203754
vt 0.825824 0.228928
vt 0.830373 0.238626
vt 0.837330 0.226990
vt 0.829268 0.219561
vt 0.904669 0.653434
vt 0.841881 0.226534
vt 0.159871 0.164872
vt 0.119517 0.167283
vt 0.883482 0.610062
vt 0.019516 0.257955
vt 0.437186 0.802756
vt 0.681696 0.544603
vt 0.674943 0.566669
vt 0.449299 0.809193
vt 0.076877 0.457181
vt 0.076494 0.447229
vt 0.062946 0.448984
vt 0.978125 0.564228
vt 0.968304 0.564228
vt 0.975320 0.558876
vt 0.924756 0.114660
vt 0.937946 0.104001
vt 0.700293 0.394682
vt 0.967411 0.201160
vt 0.959375 0.193612
vt 0.967411 0.185103
vt 0.794903 0.799772
vt 0.470796 0.187870
vt 0.458115 0.187536
vt 0.455058 0.204117
vt 0.830804 0.996878
vt 0.413783 0.125601
vt 0.419196 0.158341
vt 0.412946 0.157154
vt 0.329018 0.284121
vt 0.248830 0.579386
vt 0.240625 0.588160
vt 0.249554 0.590098
vt 0.249554 0.529105
vt 0.241791 0.544630
vt 0.248421 0.553411
vt 0.120569 0.239009
vt 0.632589 0.063077
vt 0.606825 0.884563
vt 0.588839 0.888938
vt 0.594150 0.878821
vt 0.950560 0.282337
vt 0.880058 0.611938
vt 0.086274 0.449938
vt 0.098661 0.457181
vt 0.863476 0.588377
vt 0.723661 0.225270
vt 0.726339 0.215433
vt 0.726339 0.227029
vt 0.026339 0.562444
vt 0.862724 0.055838
vt 0.992515 0.424632
vt 0.993304 0.416146
vt 0.983161 0.424326
vt 0.982589 0.418501
vt 0.879003 0.014816
vt 0.084298 0.446476
vt 0.825446 0.427876
vt 0.814309 0.423242
vt 0.816174 0.435772
vt 0.792971 0.793683
vt 0.785521 0.794306
vt 0.988478 0.162804
vt 0.997768 0.177966
vt 0.997768 0.145720
vt 0.954911 0.536574
vt 0.947768 0.518665
vt 0.954322 0.518192
vt 0.987946 0.171518
vt 0.828294 0.804407
vt 0.312512 0.436261
vt 0.769964 0.801718
vt 0.760336 0.801234
vt 0.766590 0.808170
vt 0.301342 0.463718
vt 0.419196 0.115522
vt 0.803803 0.996878
vt 0.338901 0.930881
vt 0.327232 0.860016
vt 0.315625 0.860113
vt 0.318249 0.870445
vt 0.014418 0.941623
vt 0.321288 0.845227
vt 0.287746 0.180642
vt 0.660799 0.598854
vt 0.010163 0.943442
vt 0.055804 0.966821
vt 0.084049 0.965656
vt 0.066753 0.972847
vt 0.818545 0.452721
vt 0.031029 0.270740
vt 0.704793 0.262846
vt 0.778607 0.257360
vt 0.864019 0.039890
vt 0.165828 0.808719
vt 0.161890 0.792599
vt 0.161103 0.806108
vt 0.334375 0.398305
vt 0.334375 0.407226
vt 0.329911 0.406969
vt 0.866958 0.051473
vt 0.860222 0.054182
vt 0.970089 0.498001
vt 0.977839 0.489241
vt 0.984375 0.740856
vt 0.970800 0.723591
vt 0.965067 0.730429
vt 0.981696 0.467886
vt 0.309002 0.392598
vt 0.472046 0.169638
vt 0.447368 0.077444
vt 0.458732 0.058346
vt 0.467908 0.057857
vt 0.392242 0.996878
vt 0.393783 0.992417
vt 0.430804 0.996878
vt 0.303125 0.844936
vt 0.286161 0.886147
vt 0.454504 0.158647
vt 0.327232 0.904996
vt 0.318590 0.902114
vt 0.248365 0.569371
vt 0.828125 0.036128
vt 0.822768 0.025871
vt 0.828125 0.007583
vt 0.896875 0.653888
vt 0.829872 0.454377
vt 0.188171 0.188292
vt 0.089438 0.196873
vt 0.869002 0.437556
vt 0.796875 0.181534
vt 0.792411 0.173172
vt 0.796875 0.162801
vt 0.975264 0.193131
vt 0.982589 0.176030
vt 0.975005 0.181228
vt 0.993304 0.444926
vt 0.984183 0.444915
vt 0.870772 0.040572
vt 0.657744 0.255489
vt 0.991172 0.139607
vt 0.793890 0.809360
vt 0.539732 0.913024
vt 0.549554 0.913024
vt 0.541734 0.904103
vt 0.448383 0.214313
vt 0.438022 0.135082
vt 0.784375 0.077658
vt 0.779185 0.069151
vt 0.778125 0.078055
vt 0.390625 0.252390
vt 0.244181 0.514273
vt 0.241001 0.564242
vt 0.432589 0.650918
vt 0.069882 0.976360
vt 0.635268 0.594688
vt 0.974571 0.385684
vt 0.978485 0.399808
vt 0.981696 0.382571
vt 0.837946 0.469670
vt 0.390370 0.793122
vt 0.633482 0.467014
vt 0.168820 0.796844
vt 0.788067 0.433434
vt 0.954911 0.507136
vt 0.984375 0.700714
vt 0.951339 0.727892
vt 0.022915 0.657182
vt 0.818680 0.011632
vt 0.817411 0.002230
vt 0.825446 0.005620
vt 0.825446 0.012043
vt 0.925128 0.289921
vt 0.929911 0.297502
vt 0.914501 0.295655
vt 0.160690 0.960572
vt 0.967200 0.395947
vt 0.462183 0.956161
vt 0.442148 0.952713
vt 0.684698 0.601683
vt 0.791873 0.243628
vt 0.707638 0.270735
vt 0.169196 0.770294
vt 0.160268 0.778833
vt 0.169196 0.816682
vt 0.987930 0.452721
vt 0.780311 0.435772
vt 0.785618 0.428967
vt 0.769531 0.423074
vt 0.762054 0.431235
vt 0.773923 0.810325
vt 0.932824 0.466675
vt 0.362054 0.105709
vt 0.336461 0.086671
vt 0.354857 0.085192
vt 0.761885 0.809532
vt 0.102339 0.426851
vt 0.293357 0.842551
vt 0.425466 0.034145
vt 0.444196 0.051293
vt 0.412054 0.051293
vt 0.300899 0.202391
vt 0.119550 0.973212
vt 0.129450 0.967253
vt 0.143126 0.976360
vt 0.100050 0.973846
vt 0.109044 0.966241
vt 0.512054 0.880018
vt 0.537183 0.877415
vt 0.523594 0.873085
vt 0.736161 0.474727
vt 0.742422 0.462197
vt 0.754904 0.474517
vt 0.144196 0.966687
vt 0.649922 0.269144
vt 0.974462 0.164502
vt 0.389732 0.213649
vt 0.389732 0.222569
vt 0.376339 0.215296
vt 0.897351 0.590098
vt 0.892969 0.592689
vt 0.898661 0.601724
vt 0.035268 0.639161
vt 0.050446 0.639161
vt 0.041701 0.632917
vt 0.298686 0.334695
vt 0.307065 0.482918
vt 0.444734 0.247750
vt 0.784375 0.067351
vt 0.592680 0.800427
vt 0.604385 0.475184
vt 0.968913 0.400262
vt 0.981696 0.412578
vt 0.810588 0.470292
vt 0.815625 0.469721
vt 0.814835 0.479483
vt 0.260810 0.323936
vt 0.265625 0.334969
vt 0.253125 0.334969
vt 0.870982 0.422774
vt 0.971875 0.155540
vt 0.973953 0.134318
vt 0.975980 0.123104
vt 0.974357 0.126927
vt 0.974881 0.110403
vt 0.979792 0.104817
vt 0.969763 0.100357
vt 0.969947 0.097450
vt 0.976347 0.082736
vt 0.980431 0.149891
vt 0.977550 0.092072
vt 0.981588 0.130208
vt 0.982589 0.109902
vt 0.869216 0.070464
vt 0.160897 0.743369
vt 0.164491 0.748157
vt 0.171612 0.739964
vt 0.175446 0.752453
vt 0.311238 0.296658
vt 0.313850 0.312976
vt 0.319110 0.291651
vt 0.385268 0.995309
vt 0.591779 0.482625
vt 0.580332 0.798978
vt 0.799585 0.468038
vt 0.749001 0.461800
vt 0.783085 0.473424
vt 0.454225 0.981858
vt 0.779658 0.478240
vt 0.800078 0.479483
vt 0.255243 0.323372
vt 0.145260 0.198295
vt 0.063282 0.193040
vt 0.852505 0.421945
vt 0.802232 0.238626
vt 0.806961 0.236196
vt 0.819196 0.238626
vt 0.812324 0.222569
vt 0.478125 0.161017
vt 0.485731 0.170663
vt 0.478874 0.172463
vt 0.964732 0.026917
vt 0.968551 0.020963
vt 0.969246 0.024536
vt 0.968095 0.072070
vt 0.798696 0.220240
vt 0.484273 0.178011
vt 0.982589 0.090166
vt 0.707364 0.403893
vt 0.494174 0.187522
vt 0.787843 0.421499
vt 0.854018 0.210974
vt 0.891518 0.602279
vt 0.777954 0.818873
vt 0.320089 0.105709
vt 0.335049 0.090929
vt 0.108454 0.550434
vt 0.932624 0.287046
vt 0.454065 0.181648
vt 0.829911 0.310883
vt 0.830206 0.305511
vt 0.840415 0.310883
vt 0.961040 0.411131
vt 0.915232 0.289474
vt 0.870270 0.292201
vt 0.869196 0.297502
vt 0.803982 0.459899
vt 0.841518 0.301963
vt 0.671875 0.309991
vt 0.666518 0.305865
vt 0.671875 0.294826
vt 0.310268 0.219893
vt 0.797902 0.464437
vt 0.447711 0.965397
vt 0.645982 0.590098
vt 0.645090 0.583239
vt 0.641569 0.584722
vt 0.140625 0.238772
vt 0.016067 0.883586
vt 0.012008 0.878151
vt 0.862054 0.005798
vt 0.879911 0.005798
vt 0.869150 0.000446
vt 0.861067 0.621786
vt 0.965835 0.043426
vt 0.973263 0.037590
vt 0.879269 0.034896
vt 0.981689 0.072010
vt 0.966221 0.050824
vt 0.980546 0.034904
vt 0.982589 0.023639
vt 0.495982 0.163824
vt 0.585268 0.824710
vt 0.596875 0.824710
vt 0.592572 0.819358
vt 0.848698 0.210080
vt 0.898661 0.628457
vt 0.303834 0.434513
vt 0.052852 0.664914
vt 0.385655 0.269848
vt 0.893900 0.900178
vt 0.024442 0.653003
vt 0.951415 0.636485
vt 0.950033 0.622629
vt 0.945089 0.623584
vt 0.563839 0.484835
vt 0.955804 0.634603
vt 0.089332 0.820672
vt 0.102232 0.833727
vt 0.088839 0.834523
vt 0.955804 0.608831
vt 0.320912 0.248158
vt 0.318304 0.234061
vt 0.331696 0.251115
vt 0.392655 0.033596
vt 0.803735 0.245788
vt 0.500573 0.185493
vt 0.503125 0.162801
vt 0.497982 0.173180
vt 0.695982 0.533860
vt 0.701385 0.542819
vt 0.707589 0.542617
vt 0.975134 0.038067
vt 0.920843 0.059079
vt 0.483687 0.197457
vt 0.981915 0.055255
vt 0.155804 0.752453
vt 0.684375 0.421499
vt 0.686916 0.401975
vt 0.698661 0.421499
vt 0.707589 0.528703
vt 0.696086 0.522158
vt 0.305465 0.389806
vt 0.306852 0.407833
vt 0.786680 0.003122
vt 0.449458 0.060347
vt 0.812275 0.451829
vt 0.919487 0.934210
vt 0.666701 0.623968
vt 0.508482 0.203836
vt 0.505277 0.199376
vt 0.484375 0.203836
vt 0.115364 0.449912
vt 0.620787 0.874665
vt 0.611614 0.887458
vt 0.432517 0.737613
vt 0.933870 0.460459
vt 0.292440 0.413467
vt 0.698358 0.515165
vt 0.300009 0.292528
vt 0.418374 0.204660
vt 0.017643 0.661148
vt 0.453672 0.034581
vt 0.457143 0.048110
vt 0.448886 0.047593
vt 0.912499 0.903173
vt 0.392814 0.886608
vt 0.709448 0.297017
vt 0.783530 0.151204
vt 0.788471 0.162211
vt 0.793304 0.158053
vt 0.657397 0.260024
vt 0.007589 0.696470
vt 0.014326 0.695097
vt 0.009441 0.692175
vt 0.298948 0.326568
vt 0.023264 0.472000
vt 0.282424 0.313685
vt 0.287125 0.315339
vt 0.329463 0.907176
vt 0.347339 0.882774
vt 0.328255 0.858340
vt 0.339235 0.960377
vt 0.304959 0.202366
vt 0.619872 0.882289
vt 0.808475 0.254885
vt 0.837946 0.317128
vt 0.828125 0.318013
vt 0.837946 0.335861
vt 0.912437 0.051588
vt 0.637946 0.796164
vt 0.627950 0.789920
vt 0.637570 0.794031
vt 0.015625 0.690824
vt 0.800939 0.844620
vt 0.011549 0.688225
vt 0.495982 0.199376
vt 0.905167 0.456364
vt 0.913411 0.464599
vt 0.918432 0.457087
vt 0.102232 0.822209
vt 0.433511 0.180761
vt 0.422857 0.028100
vt 0.453975 0.983325
vt 0.961371 0.387264
vt 0.966378 0.380698
vt 0.671295 0.268777
vt 0.851191 0.615747
vt 0.783629 0.123550
vt 0.803141 0.123976
vt 0.804911 0.128011
vt 0.885992 0.036755
vt 0.828235 0.332482
vt 0.664792 0.257250
vt 0.974554 0.706066
vt 0.973648 0.696253
vt 0.963839 0.706066
vt 0.878805 0.070428
vt 0.181036 0.510504
vt 0.154911 0.513050
vt 0.155217 0.505352
vt 0.810492 0.809385
vt 0.828714 0.842243
vt 0.307499 0.281418
vt 0.766920 0.829279
vt 0.420747 0.155843
vt 0.094006 0.812221
vt 0.331696 0.228814
vt 0.255159 0.597235
vt 0.262054 0.609581
vt 0.254058 0.604597
vt 0.537908 0.870205
vt 0.277706 0.039409
vt 0.357589 0.284121
vt 0.357589 0.293934
vt 0.347768 0.290658
vt 0.053195 0.195884
vt 0.387608 0.878423
vt 0.399870 0.872477
vt 0.495982 0.182958
vt 0.968304 0.691793
vt 0.972517 0.675515
vt 0.982823 0.674238
vt 0.774554 0.177163
vt 0.935292 0.445615
vt 0.302308 0.269079
vt 0.298988 0.282173
vt 0.422870 0.091898
vt 0.577525 0.864853
vt 0.576339 0.846636
vt 0.584897 0.845465
vt 0.179018 0.611508
vt 0.184375 0.611508
vt 0.180183 0.607047
vt 0.177232 0.610616
vt 0.177232 0.632917
vt 0.167411 0.618414
vt 0.637054 0.574333
vt 0.442107 0.985240
vt 0.269103 0.043928
vt 0.626339 0.888938
vt 0.403468 0.034472
vt 0.397248 0.030007
vt 0.890489 0.017220
vt 0.656696 0.491079
vt 0.656696 0.501784
vt 0.642411 0.495782
vt 0.443170 0.982982
vt 0.963330 0.376896
vt 0.071875 0.936218
vt 0.067411 0.927615
vt 0.071875 0.924621
vt 0.633874 0.605263
vt 0.281304 0.044363
vt 0.304911 0.871090
vt 0.307447 0.863086
vt 0.305216 0.855932
vt 0.171634 0.197593
vt 0.802671 0.212858
vt 0.775487 0.164654
vt 0.781696 0.128011
vt 0.369694 0.069161
vt 0.369196 0.063115
vt 0.383771 0.062722
vt 0.361161 0.749373
vt 0.371875 0.764942
vt 0.361753 0.764551
vt 0.371875 0.748885
vt 0.930008 0.455187
vt 0.787178 0.028363
vt 0.924208 0.927676
vt 0.578193 0.257364
vt 0.593304 0.260928
vt 0.575330 0.260223
vt 0.447943 0.696218
vt 0.801681 0.244207
vt 0.988991 0.676881
vt 0.286895 0.384207
vt 0.645118 0.563477
vt 0.725446 0.419715
vt 0.030235 0.460595
vt 0.425940 0.230248
vt 0.422602 0.080072
vt 0.261941 0.615076
vt 0.247785 0.615076
vt 0.238835 0.608734
vt 0.235268 0.611386
vt 0.592214 0.825602
vt 0.067633 0.433860
vt 0.651684 0.611536
vt 0.432890 0.993310
vt 0.957589 0.392404
vt 0.313024 0.872045
vt 0.883133 0.581178
vt 0.002232 0.270740
vt 0.503125 0.193131
vt 0.495759 0.616539
vt 0.299554 0.091722
vt 0.299554 0.067427
vt 0.292369 0.060780
vt 0.698661 0.273417
vt 0.012206 0.256473
vt 0.018209 0.253791
vt 0.906358 0.061948
vt 0.907012 0.066572
vt 0.882237 0.040589
vt 0.374242 0.058957
vt 0.381129 0.053970
vt 0.882877 0.059512
vt 0.931587 0.451374
vt 0.241163 0.601017
vt 0.896877 0.086732
vt 0.912946 0.093220
vt 0.904290 0.080731
vt 0.662223 0.624580
vt 0.199244 0.204171
vt 0.645982 0.571365
vt 0.314732 0.878234
vt 0.314732 0.857621
vt 0.421383 0.715710
vt 0.404901 0.030832
vt 0.698661 0.302855
vt 0.993632 0.676363
vt 0.885991 0.049475
vt 0.702350 0.258486
vt 0.696875 0.259144
vt 0.696875 0.268956
vt 0.693304 0.265539
vt 0.786142 0.183180
vt 0.791969 0.179812
vt 0.079425 0.553474
vt 0.015625 0.710526
vt 0.383525 0.070027
vt 0.393459 0.059990
vt 0.394196 0.070027
vt 0.612385 0.796164
vt 0.281911 0.295663
vt 0.362309 0.858397
vt 0.728853 0.948391
vt 0.609375 0.667707
vt 0.601292 0.667697
vt 0.599981 0.664071
vt 0.295848 0.040798
vt 0.554482 0.666770
vt 0.582635 0.660571
vt 0.521965 0.661358
vt 0.489542 0.667707
vt 0.501831 0.661516
vt 0.461161 0.663723
vt 0.397895 0.531614
vt 0.425773 0.525919
vt 0.426339 0.532780
vt 0.650446 0.270740
vt 0.999554 0.691793
vt 0.287316 0.093202
vt 0.989829 0.672168
vt 0.700575 0.258176
vt 0.709001 0.248439
vt 0.295686 0.045941
vt 0.291938 0.048754
vt 0.666771 0.269045
vt 0.919196 0.013644
vt 0.910792 0.042823
vt 0.917333 0.033853
vt 0.919196 0.045729
vt 0.235196 0.621496
vt 0.913736 0.012966
vt 0.886160 0.056973
vt 0.877409 0.055686
vt 0.884894 0.074469
vt 0.794824 0.541427
vt 0.788839 0.548460
vt 0.797768 0.552632
vt 0.106696 0.455843
vt 0.109167 0.669428
vt 0.101373 0.675877
vt 0.110268 0.677520
vt 0.568261 0.787735
vt 0.685370 0.625435
vt 0.955899 0.599019
vt 0.964732 0.598575
vt 0.946875 0.575694
vt 0.951629 0.570161
vt 0.333422 0.533898
vt 0.354338 0.526189
vt 0.387429 0.525747
vt 0.368356 0.785470
vt 0.368304 0.799732
vt 0.360372 0.035139
vt 0.397832 0.023152
vt 0.879766 0.834060
vt 0.276424 0.437494
vt 0.218367 0.223231
vt 0.427749 0.654326
vt 0.577066 0.477940
vt 0.796146 0.786117
vt 0.822042 0.775445
vt 0.822354 0.786351
vt 0.570729 0.253649
vt 0.562946 0.260928
vt 0.694612 0.613683
vt 0.435344 0.969272
vt 0.438481 0.952255
vt 0.958233 0.566579
vt 0.545429 0.880018
vt 0.547944 0.870501
vt 0.282294 0.036151
vt 0.286899 0.533898
vt 0.318456 0.525643
vt 0.411987 0.726521
vt 0.344500 0.037150
vt 0.352232 0.031565
vt 0.386016 0.028462
vt 0.922768 0.105348
vt 0.790642 0.182428
vt 0.798221 0.095897
vt 0.801390 0.103628
vt 0.791518 0.110169
vt 0.888716 0.066491
vt 0.778727 0.846006
vt 0.599554 0.792352
vt 0.415054 0.596722
vt 0.399116 0.588070
vt 0.415625 0.615434
vt 0.060755 0.794416
vt 0.026764 0.792753
vt 0.022768 0.800624
vt 0.432558 0.983870
vt 0.729911 0.958519
vt 0.311256 0.032537
vt 0.116046 0.216036
vt 0.392999 0.751450
vt 0.875446 0.938002
vt 0.875446 0.945138
vt 0.867411 0.943062
vt 0.822768 0.251332
vt 0.992506 0.673351
vt 0.861252 0.841173
vt 0.797768 0.541035
vt 0.925230 0.448118
vt 0.945774 0.441697
vt 0.482418 0.623181
vt 0.266044 0.491431
vt 0.782278 0.786351
vt 0.782041 0.776849
vt 0.480807 0.633809
vt 0.481696 0.640946
vt 0.473661 0.640946
vt 0.744266 0.374219
vt 0.745089 0.379271
vt 0.737347 0.377071
vt 0.581687 0.252689
vt 0.568611 0.252007
vt 0.280397 0.056125
vt 0.280988 0.062894
vt 0.831325 0.098570
vt 0.844039 0.107615
vt 0.835415 0.103085
vt 0.846949 0.106780
vt 0.657529 0.284102
vt 0.793304 0.184211
vt 0.384375 0.548966
vt 0.389910 0.552632
vt 0.394078 0.546387
vt 0.215402 0.629166
vt 0.277207 0.345672
vt 0.273395 0.365900
vt 0.425724 0.251115
vt 0.906938 0.894638
vt 0.903814 0.880639
vt 0.909764 0.897410
vt 0.893291 0.860734
vt 0.745089 0.416225
vt 0.737290 0.424175
vt 0.734375 0.381587
vt 0.959630 0.138798
vt 0.951724 0.100405
vt 0.957387 0.141889
vt 0.959818 0.142284
vt 0.955671 0.561711
vt 0.309771 0.376004
vt 0.304018 0.382248
vt 0.319196 0.378340
vt 0.091034 0.607939
vt 0.083554 0.602699
vt 0.091540 0.603714
vt 0.313873 0.382248
vt 0.719776 0.957827
vt 0.284375 0.530425
vt 0.899554 0.068685
vt 0.282067 0.048950
vt 0.997810 0.682446
vt 0.667128 0.284105
vt 0.806670 0.106909
vt 0.841843 0.110169
vt 0.905173 0.051293
vt 0.918708 0.441325
vt 0.016004 0.463568
vt 0.777652 0.848233
vt 0.698572 0.401114
vt 0.416094 0.214760
vt 0.035920 0.785329
vt 0.401358 0.614862
vt 0.893304 0.093220
vt 0.362008 0.942493
vt 0.567641 0.479985
vt 0.949554 0.095531
vt 0.960720 0.097639
vt 0.553125 0.872750
vt 0.718175 0.615585
vt 0.077380 0.597119
vt 0.437875 0.693266
vt 0.320776 0.029117
vt 0.350155 0.028515
vt 0.373263 0.520623
vt 0.362306 0.028160
vt 0.063839 0.857373
vt 0.069196 0.845227
vt 0.069196 0.888146
vt 0.065245 0.896075
vt 0.059242 0.226931
vt 0.847768 0.096167
vt 0.900287 0.437322
vt 0.885016 0.440997
vt 0.914094 0.448619
vt 0.892411 0.089652
vt 0.487573 0.621311
vt 0.402232 0.552632
vt 0.195089 0.506780
vt 0.806472 0.027966
vt 0.271703 0.464472
vt 0.916030 0.896853
vt 0.793849 0.770708
vt 0.362946 0.909694
vt 0.427050 0.990662
vt 0.964417 0.138481
vt 0.964732 0.552256
vt 0.956172 0.551740
vt 0.888308 0.605220
vt 0.890589 0.607577
vt 0.889325 0.582962
vt 0.887700 0.635573
vt 0.891518 0.625354
vt 0.342342 0.522405
vt 0.887054 0.674348
vt 0.888778 0.713202
vt 0.891518 0.686701
vt 0.794344 0.616526
vt 0.819964 0.616060
vt 0.814242 0.627565
vt 0.397644 0.024071
vt 0.811579 0.243237
vt 0.003857 0.261508
vt 0.735753 0.499367
vt 0.728502 0.498996
vt 0.727232 0.494380
vt 0.998911 0.681899
vt 0.374293 0.901427
vt 0.381727 0.901573
vt 0.373661 0.906057
vt 0.734554 0.488491
vt 0.729549 0.481694
vt 0.890459 0.063867
vt 0.477847 0.625234
vt 0.694637 0.392061
vt 0.110268 0.665031
vt 0.084375 0.673055
vt 0.066518 0.427208
vt 0.265451 0.502161
vt 0.911917 0.886936
vt 0.362926 0.959779
vt 0.902193 0.857716
vt 0.911625 0.878416
vt 0.647194 0.626989
vt 0.959311 0.085192
vt 0.965625 0.127237
vt 0.285394 0.520987
vt 0.450949 0.671656
vt 0.889149 0.672354
vt 0.392130 0.159829
vt 0.386798 0.128011
vt 0.391123 0.179704
vt 0.795143 0.485517
vt 0.753335 0.486342
vt 0.757895 0.481267
vt 0.522297 0.622016
vt 0.525969 0.615199
vt 0.761400 0.514972
vt 0.751768 0.511067
vt 0.755305 0.504804
vt 0.744329 0.515996
vt 0.084266 0.918339
vt 0.088911 0.941570
vt 0.088538 0.921305
vt 0.077237 0.935685
vt 0.159375 0.673055
vt 0.161161 0.672168
vt 0.161161 0.703390
vt 0.674278 0.274949
vt 0.907693 0.078030
vt 0.854553 0.627565
vt 0.075733 0.550100
vt 0.901011 0.011681
vt 0.893304 0.009367
vt 0.648661 0.569414
vt 0.265625 0.442016
vt 0.262067 0.452469
vt 0.257638 0.453470
vt 0.953125 0.284121
vt 0.096116 0.676863
vt 0.418592 0.178777
vt 0.421748 0.132521
vt 0.783605 0.771597
vt 0.564813 0.799749
vt 0.577667 0.805556
vt 0.428944 0.952969
vt 0.296127 0.518834
vt 0.060645 0.607939
vt 0.070089 0.822246
vt 0.075831 0.844008
vt 0.078001 0.812755
vt 0.299055 0.026210
vt 0.325388 0.518281
vt 0.735204 0.617131
vt 0.780368 0.618100
vt 0.757701 0.626949
vt 0.082392 0.881455
vt 0.083146 0.844310
vt 0.387305 0.180779
vt 0.793464 0.517417
vt 0.798613 0.512845
vt 0.829031 0.519624
vt 0.391518 0.912132
vt 0.429317 0.912132
vt 0.418406 0.905529
vt 0.086793 0.894946
vt 0.793229 0.509597
vt 0.397699 0.202494
vt 0.563294 0.615953
vt 0.555285 0.620456
vt 0.374554 0.195150
vt 0.769898 0.501959
vt 0.784448 0.505359
vt 0.384177 0.023084
vt 0.385778 0.903211
vt 0.383482 0.882165
vt 0.279018 0.094112
vt 0.394679 0.216830
vt 0.394668 0.245218
vt 0.399927 0.238799
vt 0.935386 0.083466
vt 0.925251 0.090521
vt 0.382730 0.921536
vt 0.377202 0.931757
vt 0.882176 0.432919
vt 0.879765 0.440900
vt 0.909890 0.436687
vt 0.898013 0.037204
vt 0.897563 0.050412
vt 0.277143 0.336870
vt 0.192925 0.512178
vt 0.422832 0.059281
vt 0.256087 0.495630
vt 0.426339 0.981333
vt 0.072551 0.797284
vt 0.083892 0.808489
vt 0.302928 0.519304
vt 0.313454 0.024414
vt 0.071727 0.849713
vt 0.398714 0.902744
vt 0.721476 0.375377
vt 0.734526 0.426851
vt 0.722786 0.396579
vt 0.073157 0.863654
vt 0.585168 0.623734
vt 0.600458 0.614485
vt 0.075551 0.894280
vt 0.087571 0.849837
vt 0.709884 0.355260
vt 0.090620 0.899782
vt 0.401089 0.212442
vt 0.095982 0.937906
vt 0.738338 0.506235
vt 0.768613 0.941755
vt 0.781371 0.941570
vt 0.770568 0.950019
vt 0.498397 0.623098
vt 0.944196 0.097681
vt 0.879957 0.428635
vt 0.872752 0.448003
vt 0.904832 0.429616
vt 0.939516 0.434999
vt 0.040047 0.608367
vt 0.047565 0.607047
vt 0.032589 0.615076
vt 0.448661 0.496432
vt 0.433576 0.492864
vt 0.419196 0.496432
vt 0.268380 0.483051
vt 0.421454 0.101641
vt 0.011681 0.648435
vt 0.822768 0.765654
vt 0.362926 0.877183
vt 0.920945 0.877615
vt 0.629807 0.613898
vt 0.611140 0.624845
vt 0.730792 0.627271
vt 0.825598 0.525230
vt 0.845089 0.526938
vt 0.434375 0.907691
vt 0.767802 0.520801
vt 0.792445 0.523922
vt 0.729481 0.344336
vt 0.735268 0.362004
vt 0.244196 0.482516
vt 0.249621 0.482150
vt 0.245239 0.490878
vt 0.765625 0.954059
vt 0.735268 0.305531
vt 0.721099 0.323242
vt 0.717075 0.314660
vt 0.411668 0.233830
vt 0.411383 0.245763
vt 0.925604 0.097681
vt 0.029561 0.223319
vt 0.927933 0.434201
vt 0.059375 0.615076
vt 0.257589 0.458714
vt 0.815625 0.034344
vt 0.791381 0.766106
vt 0.779911 0.761181
vt 0.081566 0.435772
vt 0.125226 0.581523
vt 0.125446 0.592827
vt 0.102642 0.583043
vt 0.095472 0.591667
vt 0.084114 0.592039
vt 0.965625 0.092116
vt 0.466518 0.500892
vt 0.437946 0.500892
vt 0.445519 0.498861
vt 0.463990 0.497301
vt 0.465935 0.489608
vt 0.082050 0.796714
vt 0.749343 0.791710
vt 0.758852 0.817682
vt 0.759375 0.799050
vt 0.693359 0.835415
vt 0.680804 0.839875
vt 0.695089 0.839875
vt 0.744798 0.820131
vt 0.722292 0.820250
vt 0.708145 0.791748
vt 0.144492 0.229706
vt 0.702946 0.819777
vt 0.325370 0.025178
vt 0.670113 0.816679
vt 0.425913 0.895183
vt 0.657679 0.791704
vt 0.781545 0.627109
vt 0.269196 0.177966
vt 0.254837 0.175471
vt 0.266650 0.163693
vt 0.707046 0.340791
vt 0.623661 0.801615
vt 0.779889 0.547279
vt 0.740915 0.547279
vt 0.745696 0.537410
vt 0.645557 0.820250
vt 0.400446 0.714095
vt 0.411161 0.714095
vt 0.407138 0.712310
vt 0.733339 0.329090
vt 0.704306 0.346350
vt 0.697768 0.321117
vt 0.741614 0.517635
vt 0.749364 0.520537
vt 0.255642 0.451829
vt 0.256696 0.451935
vt 0.256696 0.492864
vt 0.400755 0.231768
vt 0.496875 0.310883
vt 0.501158 0.298394
vt 0.501686 0.306691
vt 0.893474 0.841347
vt 0.912098 0.846212
vt 0.911563 0.828525
vt 0.522272 0.303084
vt 0.522768 0.310883
vt 0.962818 0.939077
vt 0.967411 0.937110
vt 0.966046 0.950491
vt 0.406876 0.524086
vt 0.399728 0.515985
vt 0.417395 0.515165
vt 0.396875 0.519531
vt 0.011078 0.462775
vt 0.720089 0.229706
vt 0.714732 0.219060
vt 0.720089 0.215433
vt 0.265625 0.467886
vt 0.768560 0.852364
vt 0.760268 0.839365
vt 0.272323 0.326598
vt 0.802322 0.769076
vt 0.277851 0.582606
vt 0.272768 0.555655
vt 0.279793 0.562170
vt 0.807333 0.306112
vt 0.773030 0.304639
vt 0.808482 0.309991
vt 0.011280 0.642740
vt 0.695791 0.627502
vt 0.295456 0.575032
vt 0.294088 0.569021
vt 0.305640 0.582078
vt 0.095982 0.795272
vt 0.461486 0.483943
vt 0.409645 0.147311
vt 0.401632 0.186001
vt 0.412054 0.177179
vt 0.409459 0.189080
vt 0.412054 0.210038
vt 0.254330 0.164698
vt 0.245089 0.177966
vt 0.004795 0.921340
vt 0.011305 0.936218
vt 0.000446 0.922110
vt 0.404287 0.915778
vt 0.418971 0.915398
vt 0.411318 0.922908
vt 0.843746 0.935326
vt 0.841518 0.938894
vt 0.862946 0.938894
vt 0.785079 0.948743
vt 0.682268 0.282420
vt 0.686933 0.277055
vt 0.255601 0.479826
vt 0.211161 0.382248
vt 0.211161 0.350536
vt 0.202748 0.348652
vt 0.206810 0.343116
vt 0.881696 0.842359
vt 0.005598 0.471792
vt 0.994616 0.552399
vt 0.988839 0.556166
vt 0.996875 0.565120
vt 0.272526 0.399124
vt 0.275615 0.284389
vt 0.791311 0.760482
vt 0.804329 0.762920
vt 0.004057 0.655176
vt 0.571250 0.783675
vt 0.898515 0.096892
vt 0.906938 0.100967
vt 0.912636 0.096795
vt 0.060589 0.800624
vt 0.771875 0.309991
vt 0.290066 0.582913
vt 0.284021 0.544412
vt 0.303394 0.554557
vt 0.293879 0.582544
vt 0.905472 0.131035
vt 0.906750 0.113223
vt 0.904374 0.116411
vt 0.309043 0.558636
vt 0.303768 0.544785
vt 0.308418 0.582962
vt 0.321048 0.555921
vt 0.950816 0.444692
vt 0.946875 0.457298
vt 0.954018 0.451340
vt 0.339479 0.582809
vt 0.904018 0.186486
vt 0.903312 0.169920
vt 0.895982 0.180819
vt 0.896527 0.190579
vt 0.329731 0.553586
vt 0.342743 0.558400
vt 0.351059 0.556509
vt 0.900576 0.254584
vt 0.892180 0.252899
vt 0.886161 0.262712
vt 0.380154 0.556686
vt 0.352322 0.552402
vt 0.365109 0.582807
vt 0.376542 0.552494
vt 0.395533 0.555495
vt 0.612054 0.713699
vt 0.612054 0.698037
vt 0.606881 0.704949
vt 0.607662 0.713180
vt 0.408214 0.582933
vt 0.409303 0.554846
vt 0.431096 0.573116
vt 0.601970 0.294826
vt 0.587946 0.298394
vt 0.605804 0.298394
vt 0.379018 0.851472
vt 0.366392 0.862741
vt 0.376237 0.866133
vt 0.435888 0.917808
vt 0.434888 0.582962
vt 0.755208 0.532706
vt 0.427587 0.556352
vt 0.220629 0.996878
vt 0.206748 0.996878
vt 0.215532 0.984389
vt 0.435766 0.556517
vt 0.177241 0.250942
vt 0.179886 0.246522
vt 0.191542 0.254305
vt 0.389850 0.922312
vt 0.600257 0.839061
vt 0.083452 0.577191
vt 0.254553 0.521164
vt 0.030530 0.254683
vt 0.027919 0.246776
vt 0.041443 0.251671
vt 0.497571 0.417321
vt 0.537268 0.419042
vt 0.492411 0.419715
vt 0.914198 0.143110
vt 0.515625 0.982599
vt 0.536161 0.981713
vt 0.536161 0.991525
vt 0.310268 0.891615
vt 0.310268 0.904996
vt 0.308482 0.895675
vt 0.954018 0.464318
vt 0.404018 0.657003
vt 0.404018 0.673952
vt 0.397768 0.666848
vt 0.550446 0.027208
vt 0.543926 0.009558
vt 0.550446 0.010689
vt 0.902457 0.201160
vt 0.607350 0.628163
vt 0.564140 0.416945
vt 0.566475 0.419385
vt 0.565008 0.969283
vt 0.588108 0.968693
vt 0.583547 0.971008
vt 0.905705 0.162216
vt 0.915220 0.198903
vt 0.906071 0.187865
vt 0.352377 0.544243
vt 0.396884 0.897127
vt 0.377228 0.544315
vt 0.616518 0.971008
vt 0.475446 0.921924
vt 0.440605 0.925760
vt 0.735897 0.285013
vt 0.731313 0.283518
vt 0.743304 0.275612
vt 0.592647 0.418737
vt 0.595233 0.416098
vt 0.626081 0.419715
vt 0.895982 0.750669
vt 0.895982 0.771186
vt 0.893304 0.752438
vt 0.610626 0.731044
vt 0.864732 0.579929
vt 0.879018 0.578501
vt 0.870199 0.597215
vt 0.786550 0.943677
vt 0.653125 0.416508
vt 0.192411 0.988939
vt 0.392279 0.931757
vt 0.196101 0.381709
vt 0.204535 0.254683
vt 0.196043 0.361550
vt 0.910347 0.272528
vt 0.907582 0.276934
vt 0.915629 0.276985
vt 0.892495 0.263878
vt 0.884375 0.265618
vt 0.887946 0.846559
vt 0.895789 0.853258
vt 0.813048 0.003435
vt 0.275458 0.313917
vt 0.924312 0.892177
vt 0.925125 0.419364
vt 0.914512 0.419586
vt 0.925839 0.402162
vt 0.602021 0.832596
vt 0.609949 0.832886
vt 0.025446 0.251465
vt 0.904018 0.151204
vt 0.556243 0.796140
vt 0.542006 0.807762
vt 0.551163 0.795580
vt 0.516278 0.990793
vt 0.058482 0.602043
vt 0.982919 0.292593
vt 0.992918 0.292150
vt 0.994196 0.301963
vt 0.300018 0.506244
vt 0.530805 0.807645
vt 0.282593 0.110169
vt 0.276339 0.112846
vt 0.287946 0.112846
vt 0.301457 0.020392
vt 0.663477 0.864853
vt 0.092561 0.248842
vt 0.081475 0.252993
vt 0.084560 0.248362
vt 0.884375 0.949590
vt 0.869925 0.950799
vt 0.868309 0.948092
vt 0.318314 0.018270
vt 0.327170 0.017395
vt 0.904911 0.262712
vt 0.840728 0.946663
vt 0.846875 0.166949
vt 0.854018 0.165477
vt 0.854018 0.184211
vt 0.989394 0.932505
vt 0.998661 0.934434
vt 0.998167 0.925468
vt 0.350996 0.542158
vt 0.219899 0.016837
vt 0.217411 0.019809
vt 0.222506 0.033921
vt 0.314525 0.233635
vt 0.308886 0.235699
vt 0.312694 0.237734
vt 0.565543 0.403261
vt 0.564817 0.371972
vt 0.598112 0.953554
vt 0.587912 0.942462
vt 0.564348 0.327344
vt 0.563366 0.323372
vt 0.582941 0.325531
vt 0.813117 0.948538
vt 0.592452 0.402261
vt 0.764732 0.460749
vt 0.740556 0.453204
vt 0.739732 0.460749
vt 0.590426 0.349204
vt 0.605634 0.943430
vt 0.614488 0.942745
vt 0.590460 0.329418
vt 0.556082 0.628193
vt 0.550305 0.625389
vt 0.815304 0.944696
vt 0.599841 0.698690
vt 0.373047 0.937110
vt 0.365958 0.937110
vt 0.373661 0.918128
vt 0.906046 0.230815
vt 0.916198 0.250751
vt 0.087366 0.228665
vt 0.879018 0.597235
vt 0.823036 0.950984
vt 0.539511 0.944246
vt 0.529018 0.955843
vt 0.545982 0.955843
vt 0.615625 0.252899
vt 0.602073 0.265636
vt 0.612182 0.266280
vt 0.691736 0.279924
vt 0.430895 0.547091
vt 0.068510 0.574151
vt 0.009786 0.672079
vt 0.013839 0.681088
vt 0.004018 0.681088
vt 0.905908 0.258601
vt 0.195151 0.350366
vt 0.197412 0.340932
vt 0.189732 0.363854
vt 0.991167 0.540143
vt 0.996875 0.544325
vt 0.484267 0.630233
vt 0.085582 0.537467
vt 0.814443 0.027084
vt 0.267411 0.448647
vt 0.923627 0.885806
vt 0.927232 0.934434
vt 0.662875 0.630233
vt 0.918165 0.389320
vt 0.914686 0.364063
vt 0.925710 0.369481
vt 0.267411 0.140913
vt 0.259534 0.159109
vt 0.267411 0.159594
vt 0.196235 0.227284
vt 0.258712 0.523796
vt 0.646468 0.629411
vt 0.037449 0.242194
vt 0.073648 0.247054
vt 0.754018 0.285905
vt 0.787054 0.285905
vt 0.757144 0.278769
vt 0.879597 0.417872
vt 0.460379 0.652005
vt 0.460268 0.606921
vt 0.469108 0.605852
vt 0.035268 0.744425
vt 0.044196 0.744425
vt 0.039590 0.732828
vt 0.741363 0.614184
vt 0.754018 0.613765
vt 0.754018 0.604509
vt 0.743248 0.604371
vt 0.731696 0.610572
vt 0.079972 0.244810
vt 0.535268 0.970695
vt 0.998661 0.911240
vt 0.988839 0.913305
vt 0.852834 0.419715
vt 0.858864 0.405222
vt 0.139121 0.248453
vt 0.877329 0.954059
vt 0.829139 0.417994
vt 0.366518 0.643622
vt 0.362054 0.639773
vt 0.366518 0.634701
vt 0.832212 0.889418
vt 0.839732 0.885370
vt 0.839732 0.899643
vt 0.967411 0.691174
vt 0.962958 0.663171
vt 0.963960 0.693577
vt 0.967359 0.645916
vt 0.962090 0.637860
vt 0.967411 0.614184
vt 0.127137 0.245869
vt 0.308628 0.225245
vt 0.065625 0.802409
vt 0.065625 0.829170
vt 0.061161 0.821801
vt 0.803353 0.394235
vt 0.720982 0.278490
vt 0.723364 0.285013
vt 0.029911 0.492061
vt 0.055059 0.490582
vt 0.049594 0.495540
vt 0.022768 0.667707
vt 0.049554 0.675736
vt 0.049312 0.668192
vt 0.043304 0.641838
vt 0.016621 0.640054
vt 0.014732 0.641838
vt 0.941518 0.936897
vt 0.933488 0.937110
vt 0.941338 0.924783
vt 0.932589 0.903608
vt 0.786066 0.403507
vt 0.040349 0.606155
vt 0.034375 0.601886
vt 0.052055 0.589992
vt 0.200446 0.332089
vt 0.213839 0.322480
vt 0.213839 0.338537
vt 0.379018 0.885201
vt 0.796614 0.417388
vt 0.272031 0.630188
vt 0.280939 0.619958
vt 0.258216 0.617001
vt 0.012946 0.924729
vt 0.501816 0.626057
vt 0.469624 0.851286
vt 0.445982 0.867529
vt 0.462995 0.850455
vt 0.756609 0.419715
vt 0.229911 0.986894
vt 0.941518 0.880964
vt 0.581306 0.688293
vt 0.611947 0.688655
vt 0.555960 0.697145
vt 0.906420 0.257547
vt 0.935467 0.951383
vt 0.934533 0.960368
vt 0.920055 0.951728
vt 0.750587 0.399971
vt 0.760464 0.368633
vt 0.748901 0.367260
vt 0.952819 0.937274
vt 0.823661 0.969567
vt 0.837400 0.990482
vt 0.826501 0.989985
vt 0.062946 0.783675
vt 0.399808 0.629600
vt 0.179834 0.719348
vt 0.176811 0.751118
vt 0.187829 0.731222
vt 0.926753 0.336694
vt 0.469196 0.657895
vt 0.379404 0.621109
vt 0.972768 0.301963
vt 0.883363 0.388031
vt 0.529421 0.817998
vt 0.383482 0.158341
vt 0.383482 0.177074
vt 0.377232 0.175167
vt 0.238839 0.475481
vt 0.243304 0.469670
vt 0.243304 0.487511
vt 0.169595 0.241302
vt 0.163839 0.239572
vt 0.175840 0.230598
vt 0.662679 0.290366
vt 0.667411 0.299286
vt 0.660568 0.298317
vt 0.652232 0.299286
vt 0.312741 0.018005
vt 0.514040 0.822570
vt 0.664732 0.856619
vt 0.112054 0.517841
vt 0.106696 0.494137
vt 0.112054 0.488403
vt 0.879116 0.312880
vt 0.850228 0.315368
vt 0.853305 0.308090
vt 0.469196 0.578179
vt 0.851441 0.394482
vt 0.461848 0.577609
vt 0.329313 0.019736
vt 0.224818 0.014719
vt 0.228125 0.017499
vt 0.830804 0.899643
vt 0.320982 0.228319
vt 0.297436 0.230881
vt 0.300639 0.237734
vt 0.461419 0.937188
vt 0.461161 0.944246
vt 0.487946 0.944246
vt 0.491236 0.837918
vt 0.764403 0.452721
vt 0.329498 0.629500
vt 0.331812 0.617958
vt 0.299232 0.618214
vt 0.897768 0.475022
vt 0.924554 0.475022
vt 0.915642 0.471454
vt 0.825496 0.389131
vt 0.103125 0.495540
vt 0.072543 0.489183
vt 0.102432 0.488403
vt 0.598661 0.709300
vt 0.235606 0.990633
vt 0.229911 0.997770
vt 0.245982 0.997770
vt 0.143261 0.525155
vt 0.158482 0.532114
vt 0.156928 0.524978
vt 0.603934 0.256081
vt 0.715281 0.285905
vt 0.055165 0.575643
vt 0.614732 0.697145
vt 0.237893 0.629909
vt 0.195089 0.552632
vt 0.200831 0.243893
vt 0.207589 0.249611
vt 0.421875 0.524086
vt 0.948661 0.435543
vt 0.280907 0.281109
vt 0.271049 0.269531
vt 0.413839 0.231664
vt 0.176244 0.774769
vt 0.186944 0.751191
vt 0.922964 0.314677
vt 0.927956 0.317023
vt 0.914687 0.334850
vt 0.762054 0.956962
vt 0.771879 0.958068
vt 0.771591 0.961649
vt 0.558518 0.788386
vt 0.908359 0.315057
vt 0.915907 0.309023
vt 0.867524 0.334456
vt 0.215515 0.719507
vt 0.082627 0.575055
vt 0.900552 0.317445
vt 0.257939 0.552987
vt 0.139334 0.243653
vt 0.861184 0.366395
vt 0.230991 0.742526
vt 0.244273 0.731584
vt 0.852414 0.339941
vt 0.258182 0.718811
vt 0.856028 0.317762
vt 0.545416 0.630241
vt 0.251339 0.574447
vt 0.258241 0.575651
vt 0.851871 0.364715
vt 0.228125 0.034344
vt 0.487875 0.937110
vt 0.294500 0.731162
vt 0.115797 0.229706
vt 0.295316 0.737184
vt 0.023987 0.675736
vt 0.299099 0.717723
vt 0.824602 0.364354
vt 0.714732 0.238626
vt 0.714732 0.252899
vt 0.704911 0.239165
vt 0.666261 0.992417
vt 0.661161 0.999554
vt 0.677232 0.999554
vt 0.017411 0.677520
vt 0.045598 0.684064
vt 0.019716 0.694089
vt 0.051627 0.680468
vt 0.364732 0.888938
vt 0.299898 0.628652
vt 0.325013 0.730235
vt 0.922832 0.942759
vt 0.365625 0.916592
vt 0.004878 0.912713
vt 0.012946 0.910348
vt 0.096090 0.682812
vt 0.887394 0.958482
vt 0.439732 0.544679
vt 0.357408 0.720864
vt 0.334027 0.710561
vt 0.764410 0.332792
vt 0.356758 0.730032
vt 0.943304 0.957247
vt 0.748339 0.339091
vt 0.360546 0.783091
vt 0.358329 0.751392
vt 0.354146 0.773492
vt 0.274554 0.248439
vt 0.274554 0.257360
vt 0.267411 0.255543
vt 0.003125 0.463716
vt 0.837779 0.964774
vt 0.895366 0.669943
vt 0.892628 0.675599
vt 0.921613 0.670976
vt 0.930238 0.667707
vt 0.935244 0.672478
vt 0.176873 0.652595
vt 0.170264 0.666318
vt 0.177949 0.666659
vt 0.177325 0.710767
vt 0.169539 0.713505
vt 0.904850 0.678323
vt 0.188535 0.823099
vt 0.175215 0.822804
vt 0.174435 0.832046
vt 0.103104 0.573782
vt 0.094615 0.573149
vt 0.936569 0.688899
vt 0.850301 0.960595
vt 0.923906 0.721282
vt 0.806183 0.957301
vt 0.874146 0.962979
vt 0.836440 0.087868
vt 0.829911 0.089652
vt 0.873661 0.089652
vt 0.904185 0.720762
vt 0.938205 0.746970
vt 0.939122 0.727253
vt 0.188839 0.241302
vt 0.186779 0.234763
vt 0.906948 0.735577
vt 0.898726 0.735647
vt 0.907273 0.748451
vt 0.926103 0.768813
vt 0.945982 0.788714
vt 0.891562 0.745109
vt 0.266835 0.742531
vt 0.960268 0.615139
vt 0.251169 0.750700
vt 0.293363 0.709933
vt 0.238891 0.711382
vt 0.908334 0.775971
vt 0.283700 0.752485
vt 0.730448 0.273417
vt 0.909725 0.786913
vt 0.943401 0.846390
vt 0.894644 0.776894
vt 0.897786 0.791853
vt 0.936184 0.962979
vt 0.556696 0.788136
vt 0.549554 0.782042
vt 0.556696 0.770294
vt 0.927560 0.817909
vt 0.891263 0.944062
vt 0.888839 0.950491
vt 0.136161 0.532114
vt 0.794388 0.341634
vt 0.823921 0.347109
vt 0.910560 0.812073
vt 0.342151 0.739886
vt 0.555804 0.687333
vt 0.339717 0.752728
vt 0.895839 0.816826
vt 0.910788 0.822952
vt 0.431770 0.539251
vt 0.932915 0.876450
vt 0.919196 0.870205
vt 0.931918 0.857716
vt 0.952232 0.870205
vt 0.936599 0.854375
vt 0.363927 0.711831
vt 0.193867 0.337645
vt 0.945982 0.849059
vt 0.341938 0.756299
vt 0.761083 0.316840
vt 0.746875 0.316546
vt 0.922750 0.276039
vt 0.918680 0.272789
vt 0.922979 0.855040
vt 0.354715 0.799830
vt 0.170580 0.678568
vt 0.169196 0.699575
vt 0.928853 0.311728
vt 0.932589 0.301441
vt 0.176119 0.797812
vt 0.918941 0.095897
vt 0.916707 0.114476
vt 0.188853 0.774856
vt 0.921133 0.116960
vt 0.262492 0.135147
vt 0.256739 0.148761
vt 0.187621 0.675806
vt 0.215718 0.679483
vt 0.208076 0.676737
vt 0.879553 0.305198
vt 0.221957 0.771408
vt 0.340625 0.673060
vt 0.340625 0.661773
vt 0.332589 0.663108
vt 0.253125 0.799764
vt 0.253128 0.813113
vt 0.259375 0.803218
vt 0.540628 0.020934
vt 0.536161 0.009367
vt 0.917635 0.168568
vt 0.244154 0.681222
vt 0.236912 0.667514
vt 0.231402 0.679073
vt 0.250683 0.773869
vt 0.024017 0.774514
vt 0.029976 0.780045
vt 0.052992 0.780398
vt 0.309844 0.631133
vt 0.267462 0.325156
vt 0.265625 0.346626
vt 0.269196 0.344706
vt 0.268960 0.372801
vt 0.683482 0.339429
vt 0.695982 0.339429
vt 0.685849 0.330508
vt 0.313689 0.756525
vt 0.285499 0.780478
vt 0.316914 0.773538
vt 0.821337 0.317752
vt 0.918206 0.223262
vt 0.317809 0.664352
vt 0.318665 0.678045
vt 0.320390 0.699304
vt 0.594196 0.266280
vt 0.055960 0.689480
vt 0.009686 0.662355
vt 0.348698 0.675366
vt 0.329497 0.679213
vt 0.352310 0.678583
vt 0.189830 0.349537
vt 0.357818 0.821467
vt 0.270041 0.436016
vt 0.269006 0.283197
vt 0.177777 0.698259
vt 0.863735 0.970159
vt 0.184076 0.665110
vt 0.863239 0.991525
vt 0.195080 0.800259
vt 0.889764 0.964764
vt 0.185851 0.679054
vt 0.893545 0.970637
vt 0.211509 0.656340
vt 0.215359 0.666572
vt 0.216446 0.699297
vt 0.220308 0.668136
vt 0.336792 0.648974
vt 0.917094 0.991525
vt 0.259375 0.789028
vt 0.225782 0.655882
vt 0.227733 0.667252
vt 0.227972 0.697144
vt 0.855104 0.298394
vt 0.913169 0.300404
vt 0.250038 0.800640
vt 0.917411 0.965273
vt 0.245440 0.700716
vt 0.251453 0.822637
vt 0.221601 0.822791
vt 0.249714 0.831510
vt 0.247260 0.668690
vt 0.251480 0.655672
vt 0.079577 0.781289
vt 0.084668 0.778867
vt 0.101456 0.780469
vt 0.437054 0.877342
vt 0.433482 0.860774
vt 0.437054 0.852364
vt 0.276339 0.233715
vt 0.253959 0.680141
vt 0.253808 0.701703
vt 0.255642 0.691137
vt 0.957589 0.865745
vt 0.952232 0.858943
vt 0.957589 0.847904
vt 0.279920 0.696796
vt 0.922293 0.194100
vt 0.278913 0.677117
vt 0.266638 0.407279
vt 0.269196 0.415254
vt 0.306994 0.801209
vt 0.284909 0.822707
vt 0.017655 0.723907
vt 0.017653 0.698494
vt 0.029807 0.698338
vt 0.045109 0.694943
vt 0.051367 0.723475
vt 0.317735 0.696683
vt 0.296971 0.677098
vt 0.293558 0.698491
vt 0.327218 0.665649
vt 0.323770 0.656320
vt 0.337869 0.822735
vt 0.328266 0.699290
vt 0.333680 0.697427
vt 0.073768 0.698651
vt 0.211165 0.830062
vt 0.209375 0.834523
vt 0.219196 0.834523
vt 0.099405 0.699332
vt 0.084386 0.723907
vt 0.099309 0.692125
vt 0.353833 0.665698
vt 0.354058 0.684721
vt 0.366518 0.832739
vt 0.100446 0.722491
vt 0.360735 0.652542
vt 0.361252 0.667288
vt 0.366518 0.699101
vt 0.360148 0.700500
vt 0.144871 0.848112
vt 0.125794 0.861011
vt 0.146875 0.869313
vt 0.099176 0.858569
vt 0.108840 0.862160
vt 0.108852 0.855845
vt 0.186144 0.696258
vt 0.256696 0.161017
vt 0.650863 0.000446
vt 0.662946 0.002230
vt 0.632589 0.002230
vt 0.196764 0.696140
vt 0.921746 0.166558
vt 0.257699 0.667187
vt 0.052438 0.507136
vt 0.020089 0.507136
vt 0.020320 0.497732
vt 0.089443 0.759780
vt 0.033850 0.746130
vt 0.020982 0.763152
vt 0.094090 0.747375
vt 0.111641 0.749952
vt 0.282364 0.667349
vt 0.101954 0.745547
vt 0.922750 0.221380
vt 0.295451 0.655037
vt 0.299754 0.831116
vt 0.922768 0.247870
vt 0.075547 0.694946
vt 0.112306 0.664967
vt 0.127786 0.668545
vt 0.128298 0.662355
vt 0.146875 0.663691
vt 0.191604 0.832269
vt 0.378548 0.631133
vt 0.346882 0.630064
vt 0.053125 0.496432
vt 0.064732 0.458073
vt 0.039472 0.455397
vt 0.023661 0.458073
vt 0.110491 0.731064
vt 0.338048 0.831658
vt 0.100288 0.808668
vt 0.109169 0.838737
vt 0.110594 0.808627
vt 0.125264 0.779402
vt 0.124875 0.795860
vt 0.145951 0.777627
vt 0.146310 0.757924
vt 0.145951 0.747765
vt 0.126307 0.729271
vt 0.111178 0.693149
vt 0.127087 0.693746
vt 0.124994 0.830717
vt 0.145533 0.826766
vt 0.109495 0.780823
vt 0.145765 0.795031
vt 0.146319 0.719977
vt 0.146449 0.686038
s 1
usemtl mat0
f 1645/1/1536 1646/2/1537 1650/3/1541
f 1645/1/1536 1643/4/1534 1646/2/1537
f 1643/4/1534 2335/5/2171 1646/2/1537
f 1646/2/1537 61/6/55 5612/7/4775
f 2335/5/2171 2337/8/2173 1646/2/1537
f 1646/2/1537 2337/8/2173 61/6/55
f 2338/9/2174 1645/1/1536 1651/10/1542
f 1651/10/1542 4136/11/3659 4137/12/3660
f 1651/10/1542 1645/1/1536 1650/3/1541
f 1650/3/1541 4136/11/3659 1651/10/1542
f 1646/2/1537 4136/11/3659 1650/3/1541
f 1646/2/1537 5612/7/4775 4136/11/3659
f 2339/13/2175 1651/10/1542 4137/12/3660
f 2339/13/2175 4137/12/3660 1075/14/1022
f 2338/9/2174 1651/10/1542 2339/13/2175
f 3727/15/3336 1645/1/1536 2338/9/2174
f 1652/16/1543 1649/17/1540 2353/18/2187
f 3728/19/3337 3729/20/3338 4495/21/3933
f 3728/19/3337 4495/21/3933 4138/22/3661
f 4495/21/3933 2035/23/1885 1543/24/1447
f 2035/23/1885 4495/21/3933 4490/25/3930
f 2035/23/1885 4490/25/3930 329/26/313
f 2029/27/1879 3728/19/3337 4138/22/3661
f 5149/28/4439 1655/29/1546 4478/30/3920
f 2029/27/1879 4138/22/3661 3732/31/3341
f 2020/32/1870 2029/27/1879 3732/31/3341
f 2034/33/1884 3376/34/3048 7058/35/5788
f 1543/24/1447 2035/23/1885 2373/36/2203
f 5142/37/4433 1655/29/1546 5149/28/4439
f 5148/38/4438 2238/39/2081 1665/40/1555
f 2027/41/1877 2029/27/1879 2020/32/1870
f 3734/42/3343 1637/43/1528 1645/1/1536
f 2020/32/1870 3732/31/3341 3731/44/3340
f 2035/23/1885 329/26/313 4149/45/3672
f 2242/46/2084 4821/47/4194 5520/48/4711
f 5520/48/4711 2879/49/2640 2242/46/2084
f 5142/37/4433 4142/50/3665 1655/29/1546
f 2373/36/2203 2035/23/1885 4149/45/3672
f 1645/1/1536 1637/43/1528 1643/4/1534
f 2027/41/1877 2020/32/1870 2016/51/1866
f 2373/36/2203 4149/45/3672 4806/52/4183
f 1665/40/1555 6503/53/5378 5144/54/4435
f 5142/37/4433 5143/55/4434 4142/50/3665
f 5145/56/4436 6505/57/4436 5523/58/4436
f 2016/51/1866 2020/32/1870 2019/59/1869
f 2019/59/1869 2020/32/1870 3731/44/3340
f 5525/60/4714 2874/61/2635 5146/62/4437
f 2019/59/1869 3731/44/3340 5621/63/4782
f 4806/52/4183 2038/64/1888 5531/65/4719
f 5143/55/4434 4805/66/4182 4142/50/3665
f 5526/67/4715 2019/59/1869 5529/68/4717
f 5530/68/4718 2019/59/1869 5621/63/4782
f 5143/55/4434 2369/69/2199 4805/66/4182
f 4144/70/3667 2343/71/2178 6502/72/5377
f 121/73/113 1158/28/1102 1664/74/1554
f 119/75/111 2342/76/111 5147/38/111
f 3379/77/3049 2904/78/2660 4143/79/3666
f 2904/80/2660 1160/71/1104 4143/70/3666
f 2032/19/1882 4482/81/3923 3730/20/3339
f 3726/15/3335 3733/82/3342 1625/83/1516
f 5149/28/4439 4478/30/3920 4489/74/3929
f 4495/21/3933 3729/20/3338 4490/25/3930
f 149/84/140 1625/83/1516 3733/82/3342
f 4480/30/3922 1681/85/1570 4488/74/3928
f 1625/83/1516 1626/86/1517 3726/15/3335
f 1645/1/1536 3727/15/3336 3734/42/3343
f 3726/15/3335 1626/86/1517 1640/42/1531
f 5148/38/4438 2341/76/2177 2340/87/2176
f 704/88/673 508/89/486 972/90/929
f 1625/83/1516 1624/91/1515 1626/86/1517
f 972/90/929 508/89/486 6917/92/5682
f 4139/93/3662 2930/94/2684 2022/95/1872
f 704/88/673 705/96/674 508/89/486
f 4141/29/3664 4501/97/3938 4479/30/3921
f 6917/92/5682 508/89/486 276/98/261
f 1619/99/1510 1624/91/1515 1625/83/1516
f 2340/87/2176 2238/39/2081 5148/38/4438
f 1624/91/1515 1627/100/1518 1626/86/1517
f 1626/86/1517 1627/100/1518 1640/42/1531
f 1627/100/1518 1637/43/1528 1640/42/1531
f 1665/40/1555 2238/39/2081 2240/101/2083
f 4165/102/3687 2021/103/1871 2022/95/1872
f 4146/104/3669 4148/46/3671 2880/105/2641
f 2240/101/2083 2882/106/2643 1665/40/1555
f 2877/49/2638 2880/105/2641 4148/46/3671
f 2021/103/1871 4165/102/3687 309/107/293
f 4141/29/3664 1658/50/1549 1656/108/1547
f 1656/108/1547 1658/50/1549 5150/109/4440
f 2036/110/1886 6515/111/5388 4150/112/3673
f 276/98/261 508/89/486 509/113/487
f 1624/91/1515 1628/114/1519 1627/100/1518
f 4806/52/4183 4149/45/3672 2038/64/1888
f 508/89/486 705/96/674 509/113/487
f 2344/115/2179 5524/116/4713 2347/117/2181
f 705/96/674 3757/118/3359 509/113/487
f 2344/115/2179 5581/119/4757 5524/116/4713
f 5524/116/4713 5581/119/4757 1454/120/1369
f 5150/109/4440 1658/50/1549 1639/121/1530
f 1627/100/1518 1628/114/1519 1637/43/1528
f 5146/62/4437 2874/61/2635 2875/122/2636
f 1628/114/1519 2350/123/2184 1637/43/1528
f 1639/121/1530 1658/50/1549 1657/66/1548
f 1637/43/1528 2350/123/2184 1643/4/1534
f 4807/124/4184 4806/52/4183 5531/65/4719
f 2350/123/2184 2336/5/2172 1643/4/1534
f 1628/114/1519 2349/125/2183 2350/123/2184
f 3738/126/3347 3361/127/3034 7059/128/5789
f 3361/129/3034 2876/130/2637 7059/131/5789
f 3362/132/1370 1666/62/1370 1455/122/1370
f 3737/126/3346 3735/133/3344 1456/127/1371
f 1456/127/1371 2369/69/2199 5143/55/4434
f 2369/69/2199 1456/127/1371 3735/133/3344
f 4805/66/4182 2369/69/2199 4809/134/4186
f 6502/135/5377 1158/28/1102 121/73/113
f 155/136/146 1653/137/1544 1654/138/1545
f 4144/139/3667 6502/140/5377 2377/141/2207
f 3856/73/3432 4488/74/3928 4161/142/3683
f 2033/20/1883 4486/81/3927 1706/143/1593
f 4492/144/3925 4484/145/3925 4494/146/3925
f 5155/147/4444 1160/71/1104 2904/80/2660
f 4152/148/3675 1619/99/1510 149/84/140
f 149/84/140 1619/99/1510 1625/83/1516
f 3750/85/3356 4481/30/3356 3755/149/3356
f 1707/150/1594 2372/151/2202 6926/152/5691
f 4152/148/3675 1618/153/1509 1619/99/1510
f 3759/154/3361 3762/155/3361 5577/156/3361
f 3764/155/3364 2890/157/2649 5579/156/4756
f 3376/34/3048 6515/111/5388 7058/35/5788
f 2353/18/2187 1649/17/1540 2352/158/2186
f 7058/35/5788 6515/111/5388 2036/110/1886
f 2893/159/2652 2242/46/2084 4147/104/3670
f 1619/99/1510 1618/153/1509 1624/91/1515
f 2878/160/2639 5533/161/4721 2881/162/2642
f 2878/160/2639 4812/163/4189 5533/161/4721
f 2882/106/2643 6503/53/5378 1665/40/1555
f 2352/158/2186 1649/17/1540 5613/164/4776
f 1618/153/1509 1623/165/1514 1624/91/1515
f 276/98/261 509/113/487 6918/166/5683
f 904/117/868 4853/167/868 2345/115/868
f 1623/165/1514 1618/153/1509 1621/168/1512
f 5526/67/4715 3746/169/3353 2016/51/1866
f 6918/166/5683 509/113/487 5549/170/4734
f 5526/67/4715 2016/51/1866 2019/59/1869
f 1546/171/1450 2037/172/1887 2931/173/2685
f 2931/173/2685 2037/172/1887 2410/174/2233
f 1623/165/1514 1628/114/1519 1624/91/1515
f 3757/118/3359 3408/175/3068 509/113/487
f 1623/165/1514 2349/125/2183 1628/114/1519
f 4816/176/4190 2349/125/2183 1623/165/1514
f 2410/174/2233 2037/172/1887 4808/177/4185
f 1632/125/1523 2069/178/1917 2351/123/2185
f 1657/66/1548 4810/134/4187 5537/179/4725
f 1647/180/1538 2067/181/1915 1648/182/1539
f 1648/182/1539 2067/181/1915 5210/183/4480
f 2915/184/2669 155/136/146 1654/138/1545
f 2915/184/2669 1654/138/1545 2916/185/2670
f 1065/186/1012 2917/187/2671 1652/16/1543
f 2224/188/2067 210/189/196 2220/190/2064
f 2380/191/2210 3365/192/3037 3364/193/3036
f 4482/81/3923 2032/19/1882 4818/194/4192
f 3363/193/3035 5151/195/4441 209/196/195
f 2029/27/1879 4817/194/4191 3728/19/3337
f 4161/142/3683 4488/74/3928 1681/85/1570
f 2009/197/1859 1983/198/1835 4817/194/4191
f 2887/199/2644 2883/200/2644 6507/201/2644
f 4151/202/3674 1615/203/1506 4152/148/3675
f 6508/204/5381 6919/205/5684 231/206/216
f 5151/207/4441 4153/208/3676 3368/209/3040
f 2216/210/2062 5151/195/4441 3368/211/3040
f 5155/147/4444 1159/212/1103 1160/71/1104
f 2188/213/2035 2889/214/2648 6508/204/5381
f 231/215/216 6919/216/5684 230/217/215
f 5152/218/4442 5157/219/4445 5155/147/4444
f 5155/147/4444 5157/219/4445 5538/220/4726
f 1609/30/1500 3753/221/1500 3756/149/1500
f 2899/222/2656 209/196/195 5151/195/4441
f 2899/222/2656 5151/195/4441 2216/210/2062
f 1615/203/1506 1618/153/1509 4152/148/3675
f 2009/197/1859 4817/194/4191 2018/223/1868
f 1159/212/1103 5538/220/4726 4155/224/3678
f 2018/223/1868 2029/27/1879 2027/41/1877
f 2925/225/2679 703/226/672 3741/227/3349
f 1999/228/1849 2009/197/1859 2018/223/1868
f 3369/209/3041 3742/229/3350 3367/230/3039
f 3754/221/3358 4479/30/3921 4501/97/3938
f 1999/228/1849 2018/223/1868 2000/231/1850
f 2002/232/1852 2018/223/1868 2027/41/1877
f 5538/220/4726 5579/156/4756 4155/224/3678
f 5579/156/4756 2890/157/2649 4155/224/3678
f 6509/233/5382 2188/213/2035 6508/204/5381
f 1615/203/1506 1616/234/1507 1618/153/1509
f 1054/235/1002 6508/204/5381 231/206/216
f 2890/157/2649 4145/104/3668 4155/224/3678
f 2892/159/2651 4145/104/3668 2890/157/2649
f 1999/228/1849 2000/231/1850 2001/236/1851
f 3367/230/3039 3742/229/3350 5543/237/4730
f 2242/46/2084 2893/159/2652 4821/47/4194
f 2896/238/2654 4830/239/4202 2898/222/2655
f 1616/234/1507 1621/168/1512 1618/153/1509
f 2001/236/1851 2004/240/1854 1999/228/1849
f 2016/51/1866 2002/232/1852 2027/41/1877
f 4141/29/3664 1656/108/1547 2362/241/2193
f 2000/231/1850 2018/223/1868 3745/232/3352
f 2900/242/192 2897/238/192 206/222/192
f 4832/243/4204 4830/239/4202 5540/244/4727
f 5521/245/1318 4813/163/1318 1392/160/1318
f 4848/246/4210 4832/243/4204 5540/244/4727
f 6509/233/5382 6508/204/5381 5571/247/4750
f 5571/247/4750 6508/204/5381 1054/235/1002
f 2001/236/1851 2000/231/1850 3745/232/3352
f 5534/248/4722 6511/249/5384 1393/250/1319
f 1393/250/1319 6511/249/5384 6504/251/5379
f 2364/252/2195 1656/108/1547 5150/109/4440
f 2001/236/1851 3745/232/3352 2003/253/1853
f 2003/253/1853 3745/232/3352 3747/169/3354
f 2002/232/1852 2016/51/1866 3746/169/3353
f 2902/242/2658 2899/222/2656 2216/210/2062
f 6515/111/5388 4504/254/3941 4150/112/3673
f 3781/255/3376 2348/256/2182 3786/257/3378
f 2017/258/1867 2001/236/1851 2003/253/1853
f 3786/257/3378 2348/256/2182 6510/259/5383
f 6510/259/5383 2348/256/2182 913/260/877
f 6510/259/5383 913/260/877 5/261/5
f 1644/109/1535 2921/121/2675 1631/262/1522
f 3374/263/3046 3758/264/3360 2901/242/2657
f 231/215/216 230/217/215 6512/265/5385
f 2902/242/2658 2216/210/2062 4497/266/3935
f 4150/112/3673 4504/254/3941 5532/267/4720
f 1054/235/1002 231/206/216 6512/268/5385
f 3372/269/3044 3375/263/3047 2903/242/2659
f 4824/270/4196 3367/210/3039 5542/271/4729
f 3367/230/3039 5543/237/4730 5542/272/4729
f 2168/273/2015 1055/274/1003 5570/275/4749
f 5582/276/869 3396/277/869 905/128/869
f 1616/234/1507 1620/278/1511 1621/168/1512
f 3372/269/3044 2903/242/2659 4498/266/3936
f 5618/279/4780 2003/253/1853 3747/169/3354
f 5572/247/4751 1054/235/1002 6512/268/5385
f 5567/280/4747 2169/281/2016 1056/282/1004
f 5581/119/4757 2876/130/2637 1454/120/1369
f 2017/258/1867 2003/253/1853 5618/279/4780
f 4497/266/3935 2216/210/2062 4823/270/4195
f 5532/267/4720 4504/254/3941 4502/283/3939
f 3748/284/3355 5553/285/3355 5619/286/3355
f 1623/165/1514 1621/168/1512 4816/176/4190
f 5581/119/4757 7059/131/5789 2876/130/2637
f 3409/175/3069 5549/170/4734 509/113/487
f 4156/287/3679 3738/126/3347 7059/128/5789
f 6922/288/5687 4825/289/4197 2214/272/2061
f 3757/118/3359 2429/290/2248 3408/175/3068
f 2361/291/2192 216/292/202 4500/293/3937
f 1630/176/1521 2069/178/1917 1632/125/1523
f 3390/294/2189 2360/295/2189 2356/296/2189
f 2358/296/208 223/295/208 4499/266/208
f 222/296/207 212/266/198 2310/297/2149
f 2310/297/2149 212/266/198 213/270/199
f 3740/298/1556 4840/299/1556 1667/300/1556
f 152/301/143 1653/137/1544 155/136/146
f 7061/302/5791 4144/139/3667 2377/141/2207
f 577/302/552 3381/303/552 1663/139/552
f 1635/304/1526 1653/137/1544 152/301/143
f 3366/305/3038 1680/306/1569 210/189/196
f 210/189/196 1680/306/1569 2220/190/2064
f 7064/307/5793 3365/192/3037 2380/191/2210
f 4496/308/3934 6929/309/5694 4140/310/3663
f 1991/311/1842 1983/198/1835 2009/197/1859
f 1660/78/1551 2905/312/1551 5156/313/1551
f 2008/314/1858 1991/311/1842 2009/197/1859
f 2018/223/1868 4817/194/4191 2029/27/1879
f 4154/208/3677 4159/315/3681 3370/209/3042
f 1999/228/1849 2008/314/1858 2009/197/1859
f 6920/216/5685 2885/316/2646 3793/317/3385
f 3749/318/1571 1682/319/1571 3752/320/1571
f 6920/216/5685 3793/317/3385 6921/217/5686
f 5538/220/4726 1159/212/1103 5155/147/4444
f 510/321/488 6916/322/5681 1672/323/1561
f 209/196/195 2898/222/2655 207/324/193
f 4151/202/3674 1612/325/1503 1615/203/1506
f 2005/326/1855 2008/314/1858 1999/228/1849
f 2354/327/2188 1063/328/1010 6514/329/5387
f 1642/97/1533 1622/330/1513 1613/331/1504
f 2004/240/1854 2005/326/1855 1999/228/1849
f 2173/332/2020 7138/333/5850 2186/334/2033
f 1055/335/1003 2186/336/2033 7138/337/5850
f 2363/330/2194 4501/97/3938 4141/29/3664
f 1612/325/1503 1616/234/1507 1615/203/1506
f 2006/338/1856 2005/326/1855 2004/240/1854
f 7068/339/2082 2895/340/2082 2239/341/2082
f 2363/330/2194 4141/29/3664 2362/241/2193
f 1656/108/1547 2364/252/2195 2362/241/2193
f 2006/338/1856 2004/240/1854 2007/342/1857
f 2004/240/1854 2001/236/1851 2017/258/1867
f 2007/342/1857 2004/240/1854 2012/343/1862
f 2167/344/2014 1055/274/1003 2168/273/2015
f 2004/240/1854 2017/258/1867 2012/343/1862
f 5150/109/4440 2920/262/2674 2364/252/2195
f 914/345/878 3787/346/3379 384/347/367
f 1612/325/1503 1620/278/1511 1616/234/1507
f 1620/278/1511 1612/325/1503 2918/348/2672
f 5646/349/4798 5550/350/4735 5175/351/4456
f 6921/217/5686 5638/352/4793 6513/265/5386
f 2912/353/2666 2007/342/1857 2012/343/1862
f 2352/158/2186 5613/164/4776 4505/354/3942
f 5544/237/4731 2954/355/2705 2214/272/2061
f 2168/273/2015 5570/275/4749 5562/356/4744
f 5552/357/1865 2015/358/1865 5527/359/1865
f 2913/360/2667 2017/258/1867 5618/279/4780
f 2012/343/1862 2017/258/1867 2912/353/2666
f 2912/353/2666 2017/258/1867 2913/360/2667
f 699/361/668 685/362/654 2430/363/2249
f 1620/278/1511 1638/364/1529 4816/176/4190
f 1620/278/1511 4816/176/4190 1621/168/1512
f 4512/365/3947 216/292/202 2361/291/2192
f 2365/366/2190 3391/294/2190 2357/296/2190
f 225/367/210 2359/368/2191 3811/369/3399
f 1630/176/1521 5588/370/4760 2069/178/1917
f 6530/371/5402 6923/372/5688 5187/373/4464
f 1647/180/1538 2066/374/1914 2067/181/1915
f 1074/375/1021 2917/187/2671 1065/186/1012
f 2033/20/1883 1706/143/1593 4491/25/3931
f 2924/376/2678 6517/377/5390 3429/378/3088
f 4485/379/3926 6929/309/5694 4496/308/3934
f 6926/152/5691 4493/380/3932 1707/150/1594
f 2008/314/1858 1985/381/1837 1991/311/1842
f 232/382/217 2886/316/217 1057/216/217
f 5556/383/4739 2382/191/2212 3363/193/3035
f 3751/85/3357 4151/202/3674 4162/142/3684
f 5590/384/4761 5153/385/4443 5600/386/4767
f 2910/387/2080 5154/388/2080 2237/389/2080
f 5556/383/4739 3363/193/3035 209/196/195
f 327/390/311 3376/34/3048 2034/33/1884
f 3751/85/3357 1683/221/1572 4151/202/3674
f 4514/391/3948 2888/392/2647 7138/333/5850
f 6925/393/5690 2930/94/2684 4139/93/3662
f 5160/394/2712 2962/395/2712 5539/396/2712
f 2929/397/2683 6926/152/5691 2372/151/2202
f 1171/396/1115 2963/395/1115 5580/398/1115
f 1683/221/1572 1613/331/1504 1612/325/1503
f 1683/221/1572 1642/97/1533 1613/331/1504
f 1683/221/1572 1612/325/1503 4151/202/3674
f 3743/229/3043 3371/209/3043 6552/399/3043
f 3377/400/1599 2355/327/1599 1714/329/1599
f 3744/229/3351 6553/399/3351 7063/401/3351
f 2930/94/2684 4165/102/3687 2022/95/1872
f 1613/331/1504 1610/241/1501 1612/325/1503
f 1613/331/1504 1622/330/1513 1610/241/1501
f 1610/241/1501 2918/348/2672 1612/325/1503
f 2006/338/1856 2011/402/1861 2005/326/1855
f 1672/323/1561 6916/322/5681 4850/403/4212
f 4822/404/2653 2894/405/2653 6563/406/2653
f 2217/407/2063 3803/408/3393 5546/409/4732
f 1085/410/1032 2186/336/2033 1055/335/1003
f 1085/410/1032 1055/335/1003 7203/411/5895
f 5661/412/4806 4850/403/4212 6916/322/5681
f 1629/252/1520 2918/348/2672 1610/241/1501
f 4849/413/4211 203/414/189 2945/415/2698
f 5636/416/4792 6916/322/5681 511/417/489
f 1629/252/1520 2919/262/2673 2918/348/2672
f 309/107/293 4165/102/3687 4163/418/3685
f 215/264/201 204/238/190 211/242/197
f 4854/419/4214 2348/256/2182 3781/255/3376
f 1631/262/1522 2921/121/2675 1611/348/1502
f 3741/227/3349 701/420/670 699/361/668
f 1062/421/1009 6514/329/5387 1063/328/1010
f 2933/422/2687 3758/264/3360 3374/263/3046
f 6513/265/5386 5638/352/4793 5568/423/4748
f 1638/364/1529 1620/278/1511 2918/348/2672
f 2918/348/2672 2922/121/2676 1638/364/1529
f 5561/424/4743 2169/281/2016 5567/280/4747
f 1639/121/1530 1657/66/1548 5537/179/4725
f 2922/121/2676 2072/179/1920 1638/364/1529
f 1638/364/1529 5588/370/4760 1630/176/1521
f 3811/369/3399 2359/368/2191 6924/372/5689
f 3811/369/3399 6924/372/5689 2313/371/2152
f 2367/425/2197 2371/426/2201 2370/427/2200
f 1633/428/1524 2066/374/1914 1647/180/1538
f 2368/425/2198 2075/427/1923 4900/429/4252
f 7060/302/5790 2376/141/2206 2378/430/2208
f 4537/431/3967 3380/303/3050 7060/302/5790
f 1680/306/1569 3366/305/3038 6531/432/5403
f 2923/433/2677 2924/225/2678 3429/434/3088
f 1614/435/1505 151/436/142 1634/437/1525
f 4819/438/1838 1986/439/1838 4487/440/1838
f 6668/441/5504 4493/380/3932 6926/152/5691
f 779/199/747 4515/442/3949 2884/200/2645
f 2419/443/2240 510/321/488 2927/444/2681
f 2026/445/1876 1985/381/1837 2008/314/1858
f 2926/446/2680 2927/444/2681 510/321/488
f 4514/391/3948 7138/333/5850 5192/447/4469
f 2926/446/2680 510/321/488 1672/323/1561
f 2218/209/958 2219/315/958 1003/399/958
f 5556/383/4739 209/196/195 207/324/193
f 2026/445/1876 2008/314/1858 2005/326/1855
f 3761/448/3363 5578/449/4755 5573/450/4752
f 5574/451/4753 5162/452/4447 5166/453/4450
f 5166/453/4450 2406/454/2230 5574/451/4753
f 2931/173/2685 2372/151/2202 1546/171/1450
f 2372/151/2202 2931/173/2685 2929/397/2683
f 6921/217/5686 3793/317/3385 229/455/214
f 224/456/209 5165/457/209 959/458/209
f 4830/239/4202 207/324/193 2898/222/2655
f 2405/459/2229 5167/456/4451 2402/460/2227
f 2402/460/2227 5167/456/4451 3778/458/3373
f 2023/461/1873 2026/445/1876 2011/402/1861
f 2026/445/1876 2005/326/1855 2011/402/1861
f 703/226/672 701/420/670 3741/227/3349
f 4830/239/4202 2896/238/2654 5540/244/4727
f 4812/163/4189 4826/462/4198 5533/161/4721
f 5661/412/4806 6916/322/5681 5636/416/4792
f 5171/463/2706 2955/464/2706 5547/465/2706
f 2932/422/2686 204/238/190 215/264/201
f 2011/402/1861 2006/338/1856 2007/342/1857
f 5176/466/4457 5551/467/4736 4506/468/3943
f 4506/468/3943 5551/467/4736 2934/422/2688
f 2023/461/1873 2011/402/1861 2007/342/1857
f 3398/469/3061 3395/470/3061 5583/471/3061
f 3373/269/3045 2935/422/2689 219/263/205
f 511/417/489 5548/472/4733 5584/473/4758
f 1061/474/1008 4505/354/3942 5613/164/4776
f 2954/355/2705 5625/475/4785 2214/272/2061
f 309/107/293 4163/418/3685 2412/476/2234
f 2936/477/2690 2023/461/1873 2007/342/1857
f 5532/267/4720 4502/283/3939 3861/478/3436
f 5548/472/4733 5586/479/4759 5584/473/4758
f 2936/477/2690 2007/342/1857 2912/353/2666
f 4167/480/3348 3739/481/3348 4157/482/3348
f 530/483/508 2013/484/1863 2914/485/2668
f 2072/179/1920 5588/370/4760 1638/364/1529
f 1641/486/1532 2070/487/1918 6506/488/5380
f 6928/489/5693 5187/373/4464 6923/372/5688
f 4900/429/4252 4811/490/4188 2368/425/2198
f 4829/491/4201 2377/492/2207 6502/493/5377
f 1680/306/1569 1858/494/1719 2220/190/2064
f 4820/438/4193 1971/495/1825 4261/439/3750
f 2904/78/2660 3379/77/3049 2906/312/2661
f 3382/77/3051 2928/496/2682 2908/312/2663
f 280/496/265 5591/497/4762 2909/312/2664
f 5600/386/4767 5153/385/4443 2911/498/2665
f 5593/499/4763 5596/500/4765 2941/501/2694
f 5158/394/2078 2235/502/2078 5589/503/2078
f 6942/504/5705 1985/381/1837 2026/445/1876
f 1065/186/1012 1652/16/1543 6518/505/5391
f 2941/501/2694 5596/500/4765 5557/506/4740
f 2959/507/2710 6942/504/5705 2026/445/1876
f 6518/505/5391 1652/16/1543 2353/18/2187
f 5192/447/4469 7138/333/5850 2173/332/2020
f 2958/508/2709 2959/507/2710 2026/445/1876
f 5163/509/4448 5573/450/4752 5578/449/4755
f 5164/510/4449 1395/398/1320 6932/511/5697
f 5161/457/4446 5556/383/4739 207/324/193
f 3760/512/3362 3765/513/3362 3763/514/3362
f 3779/458/3374 5161/457/4446 207/324/193
f 4830/239/4202 3779/458/3374 207/324/193
f 2403/515/2228 3776/516/2228 3775/517/2228
f 2217/407/2063 2229/518/2072 3803/408/3393
f 2173/332/2020 2186/334/2033 2172/519/2019
f 2958/508/2709 2026/445/1876 2023/461/1873
f 1264/520/1203 1544/521/1448 1545/522/1449
f 4831/523/4203 4834/524/4203 7140/525/4203
f 7139/526/5851 3777/527/3372 1419/528/1340
f 2375/529/2205 2958/508/2709 2023/461/1873
f 2943/530/2696 5541/531/4728 6522/532/5395
f 989/533/945 5540/244/4727 2896/238/2654
f 7203/534/5895 1055/274/1003 7146/535/5855
f 2375/529/2205 2023/461/1873 2374/536/2204
f 5545/409/4453 5172/537/4453 5169/538/4453
f 7146/535/5855 1055/274/1003 2167/344/2014
f 4164/539/3686 1264/520/1203 1545/522/1449
f 5604/540/4771 2953/464/2704 5170/463/4454
f 205/422/191 989/533/945 2896/238/2654
f 5646/349/4798 6523/541/5396 5550/350/4735
f 1363/467/1294 989/533/945 205/422/191
f 2936/477/2690 2374/536/2204 2023/461/1873
f 2936/477/2690 5606/542/4773 2374/536/2204
f 3768/543/3366 4506/468/3943 2934/422/2688
f 2409/544/2232 4164/539/3686 1545/522/1449
f 3769/543/3367 2935/422/2689 4509/545/3944
f 4509/545/3944 4835/546/4206 3769/543/3367
f 3373/269/3045 4509/545/3944 2935/422/2689
f 5564/547/4745 5569/548/4745 5616/549/4745
f 1685/423/1573 5183/550/4461 5615/551/4778
f 4511/552/3946 4509/545/3944 3373/269/3045
f 2361/291/2192 3389/553/3058 4512/365/3947
f 2014/554/1864 2013/484/1863 529/555/507
f 1668/298/1557 4168/556/1557 4841/299/1557
f 3736/300/3345 4837/557/4207 2077/426/1925
f 3736/300/3345 2077/426/1925 2074/425/1922
f 4829/491/4201 6502/493/5377 117/558/109
f 146/559/137 1636/560/1527 1635/304/1526
f 4870/561/4225 221/562/206 7065/563/5794
f 1987/564/1839 2042/440/1892 4262/439/3751
f 3422/565/3082 6516/377/5389 510/566/488
f 3422/567/3082 510/321/488 2419/443/2240
f 3773/568/3370 3772/569/3369 1984/570/1836
f 3773/568/3370 1984/570/1836 5168/571/4452
f 4515/442/3949 3412/572/3072 2884/200/2645
f 2420/573/2241 2928/496/2682 3382/77/3051
f 5607/574/4774 7064/307/5793 2380/191/2210
f 2030/310/1880 6930/309/5695 313/575/297
f 1541/576/1445 313/575/297 6930/309/5695
f 2907/577/2662 5608/578/2662 5597/579/2662
f 280/496/265 278/580/263 5591/497/4762
f 2937/581/2691 2940/582/2693 5559/583/4741
f 2937/581/2691 5559/583/4741 5633/584/4790
f 1715/585/1011 1064/327/1011 3378/400/1011
f 5632/586/4789 5560/587/4742 6931/588/5696
f 6931/588/5696 5560/587/4742 208/589/194
f 1260/590/1199 2241/591/1199 7067/592/1199
f 2172/519/2019 2186/334/2033 1085/593/1032
f 5624/594/4784 5522/595/4712 2243/404/2085
f 229/455/214 5638/352/4793 6921/217/5686
f 668/537/637 2228/409/2071 3802/408/3392
f 2942/596/2695 2945/415/2698 203/414/189
f 4827/597/4199 3787/346/3379 914/345/878
f 6521/598/5394 2943/530/2696 6522/532/5395
f 4854/419/4214 3781/255/3376 6937/599/5701
f 3406/600/3066 5174/601/3066 4508/602/3066
f 2948/603/2700 2953/464/2704 5604/540/4771
f 1473/604/1387 4507/605/1387 3770/606/1387
f 5649/607/4800 511/417/489 5584/473/4758
f 5568/423/4748 5638/352/4793 5184/550/4462
f 7143/608/5853 4510/609/3945 1469/610/1384
f 6524/611/5397 5614/612/4777 5209/613/4479
f 5183/550/4461 3789/614/3381 5615/551/4778
f 5617/615/4779 3791/616/3383 4892/617/4244
f 5587/618/3680 4158/619/3680 5585/620/3680
f 5586/479/4759 5548/472/4733 4170/621/3690
f 283/618/268 4169/622/3689 4166/623/3688
f 283/618/268 4166/623/3688 1669/619/1558
f 5554/285/4737 2031/624/1881 1218/286/1160
f 2214/272/2061 6927/625/5692 6922/288/5687
f 5535/626/4723 6625/627/5470 2071/628/1919
f 5535/626/4723 2071/628/1919 1641/486/1532
f 2071/628/1919 2070/487/1918 1641/486/1532
f 2410/174/2233 4808/177/4185 1547/629/1451
f 5528/630/4716 5620/631/4781 4561/632/3985
f 4839/299/4209 4837/557/4207 3736/300/3345
f 5536/626/4724 1659/490/1550 4899/429/4251
f 2067/181/1915 4529/633/3962 5210/183/4480
f 2379/634/2209 120/492/112 118/491/110
f 4154/208/3677 2391/635/2217 4159/315/3681
f 5594/499/4764 5668/636/4764 5609/637/4764
f 5595/638/1552 5611/639/1552 1661/640/1552
f 2381/191/2211 5558/383/2211 2385/641/2211
f 1824/506/1692 5598/500/1692 2386/642/1692
f 3793/317/3385 1338/643/1271 229/455/214
f 1182/644/1126 1181/645/1125 2891/341/2650
f 1181/645/1125 7066/339/5795 2891/341/2650
f 4860/646/4218 3804/647/3394 7062/648/5792
f 3774/649/3371 3777/527/3372 7139/526/5851
f 3802/650/3392 1596/651/1489 668/652/637
f 4842/653/4205 4833/654/4205 4847/655/4205
f 1208/656/1150 5622/657/1150 4814/658/1150
f 524/659/502 2943/530/2696 6521/598/5394
f 5173/660/4455 5626/661/4786 667/662/636
f 1563/663/1463 2948/603/2700 5604/540/4771
f 4852/167/2180 4855/664/2180 2346/115/2180
f 3402/665/203 3404/600/203 217/602/203
f 5581/119/4757 2344/115/2179 5627/666/4787
f 1674/667/1563 5630/668/1563 3399/669/1563
f 2947/670/2699 2950/671/2702 2213/672/2060
f 2947/670/2699 2213/672/2060 1728/673/1611
f 699/361/668 701/420/670 685/362/654
f 7144/674/1383 4836/675/1383 1468/676/1383
f 4503/677/3940 1512/678/1420 59/679/53
f 5625/475/4785 272/680/257 2214/272/2061
f 3383/681/3052 3392/294/3059 2366/366/2196
f 245/682/230 2014/554/1864 529/555/507
f 4171/621/3691 282/472/267 676/683/645
f 5675/684/4817 225/367/210 3811/369/3399
f 2214/272/2061 272/680/257 6927/625/5692
f 2043/685/1090 1386/630/1090 1145/686/1090
f 6506/488/5380 2119/687/1967 1633/428/1524
f 2039/688/1889 239/689/224 6631/690/5475
f 4537/431/3967 7060/302/5790 2378/430/2208
f 1858/494/1719 2399/691/2225 2220/190/2064
f 2397/692/2223 2391/635/2217 4154/208/3677
f 5168/571/4452 3873/495/3445 2010/438/1860
f 2034/33/1884 4913/693/4263 327/390/311
f 6540/694/1337 1413/563/1337 5610/695/1337
f 1396/499/1321 1139/501/1084 5666/636/4811
f 702/433/671 703/226/672 2925/225/2679
f 5592/503/2713 2965/696/2713 5159/394/2713
f 1139/582/1084 2939/581/2692 5666/697/4811
f 2938/698/2215 5634/699/2215 2387/700/2215
f 1180/448/1124 5576/450/1124 3767/701/1124
f 1732/395/1614 6932/511/5697 1395/398/1320
f 2407/702/2231 7205/703/5897 1673/704/1562
f 4860/646/4218 7062/648/5792 6549/705/5414
f 1731/706/1258 1324/707/1258 2404/515/1258
f 4886/708/4238 248/709/233 2025/710/1875
f 1338/643/1271 4176/711/3693 229/455/214
f 4173/712/3692 1672/323/1561 4850/403/4212
f 6562/406/5425 5624/594/4784 2243/404/2085
f 4176/711/3693 4851/713/4213 229/455/214
f 229/455/214 4851/713/4213 5638/352/4793
f 4815/658/1560 1671/657/1560 3783/714/1560
f 5638/352/4793 4851/713/4213 5660/715/4805
f 1390/163/1317 3785/716/1317 1391/462/1317
f 5661/412/4806 5636/416/4792 7145/717/5854
f 4858/718/4216 1563/663/1463 5604/540/4771
f 1563/663/1463 4858/718/4216 2969/719/2717
f 5639/720/4791 5635/721/4791 5643/722/4791
f 1727/723/1610 296/724/281 667/662/636
f 5636/416/4792 511/417/489 5649/607/4800
f 1727/723/1610 667/662/636 5626/661/4786
f 5638/352/4793 5644/725/4797 5184/550/4462
f 3400/604/3062 3771/606/3368 7142/726/5852
f 218/606/204 220/727/204 1474/726/204
f 3386/728/3055 7143/608/5853 1469/610/1384
f 4156/287/3679 7059/128/5789 1245/277/1186
f 1563/663/1463 6527/729/5399 2949/603/2701
f 2952/730/1609 1726/731/1609 6526/732/1609
f 1263/539/1202 2408/544/1202 2411/733/1202
f 3385/734/3054 4512/365/3947 3389/553/3058
f 5190/735/4467 3812/736/3400 6530/737/5402
f 4491/25/3931 1706/143/1593 324/738/308
f 6532/739/5404 2414/740/2236 2416/741/2237
f 1680/306/1569 1679/742/1568 1858/494/1719
f 3366/305/3038 4871/743/4226 6531/432/5403
f 4870/561/4225 7065/563/5794 6538/694/5407
f 2884/200/2645 3412/572/3072 6537/744/5406
f 778/745/746 6539/746/5408 3796/747/3387
f 5667/748/4812 3796/747/3387 6539/746/5408
f 5667/748/4812 6539/746/5408 6/749/6
f 1594/750/1487 4160/751/3682 2393/752/2219
f 2432/753/2251 6550/754/5415 4160/751/3682
f 2432/753/2251 4160/751/3682 1594/750/1487
f 278/580/263 2966/755/2714 5591/497/4762
f 2956/756/2707 2926/446/2680 1672/323/1561
f 328/34/312 327/390/311 6519/757/5392
f 2964/696/2079 2960/395/2079 2236/394/2079
f 6934/758/5699 249/759/234 4863/760/4220
f 5575/704/4754 6933/761/5698 2961/762/2711
f 1673/704/1562 7205/703/5897 1170/761/1114
f 4863/760/4220 249/759/234 248/709/233
f 277/403/262 4175/763/262 4172/712/262
f 1420/654/1341 4845/653/1341 7141/764/1341
f 4844/765/2697 2946/415/2697 2944/596/2697
f 1336/766/1269 6542/767/5410 5640/768/4794
f 3782/769/3377 3780/770/3375 4828/771/4200
f 3780/770/3375 1009/772/963 4828/771/4200
f 6543/773/4795 6544/774/4795 5641/775/4795
f 1835/776/1702 6546/777/1702 5637/778/1702
f 668/652/637 6566/779/5428 5625/475/4785
f 6523/541/5396 5646/349/4798 1478/780/1391
f 1328/781/1262 6936/782/1262 1329/783/1262
f 5647/784/1392 1482/785/1392 1479/786/1392
f 1756/721/1636 5650/787/1636 5645/722/1636
f 4856/664/867 5629/666/867 903/115/867
f 1784/788/1659 5177/789/4458 5182/790/4460
f 5631/791/1187 3397/792/1187 1246/793/1187
f 5185/790/754 788/789/754 4200/794/754
f 5186/795/4463 4198/796/3712 2425/797/2244
f 789/798/755 980/799/937 3788/800/3380
f 1563/663/1463 2967/801/2715 6527/729/5399
f 3788/800/3380 980/799/937 3384/681/3053
f 3383/681/3052 2426/799/2245 3392/294/3059
f 225/367/210 5675/684/4817 1818/802/1687
f 529/555/507 2013/484/1863 530/483/508
f 309/107/293 2412/476/2234 1387/803/1314
f 2081/299/1929 596/556/571 4838/557/4208
f 6631/690/5475 239/689/224 330/804/314
f 5187/805/4464 5190/735/4467 6530/737/5402
f 6627/627/5471 5536/626/4724 4899/429/4251
f 113/806/105 6502/493/5377 121/807/113
f 150/808/141 1614/435/1505 1617/809/1508
f 6569/810/5431 1636/560/1527 148/811/139
f 719/378/688 6516/377/5389 3422/565/3082
f 3422/567/3082 2419/443/2240 2417/812/2238
f 578/813/553 1662/303/1553 4538/431/3968
f 5599/814/4766 5607/574/4774 2380/191/2210
f 3818/815/2214 2384/816/2214 2389/817/2214
f 4513/818/2021 2174/819/2021 3795/820/2021
f 7069/821/5796 3798/822/3389 5669/823/4813
f 5194/819/3386 4179/824/3386 3794/820/3386
f 5601/825/4768 1138/698/1083 2390/700/2216
f 1733/826/1615 5575/704/4754 2961/762/2711
f 6551/827/5416 4880/828/4233 4859/829/4217
f 4178/824/3695 3792/830/3384 1340/820/1273
f 1733/755/1615 3766/831/3365 5575/832/4754
f 4886/708/4238 4863/760/4220 248/709/233
f 7204/706/5896 1323/515/1257 957/517/917
f 4861/833/3391 3800/834/3391 3801/835/3391
f 6554/836/5417 4180/837/3696 1087/838/1034
f 4178/824/3695 6555/839/5418 3792/830/3384
f 1152/592/1097 3766/831/3365 6564/590/5426
f 6555/839/5418 4177/840/3694 3792/830/3384
f 294/840/279 5658/766/279 4174/841/279
f 2172/519/2019 1085/593/1032 7146/535/5855
f 6555/839/5418 2187/842/2034 4177/840/3694
f 2187/842/2034 1336/766/1269 4177/840/3694
f 4846/765/1043 1097/413/1043 1762/415/1043
f 2187/842/2034 6542/767/5410 1336/766/1269
f 7147/843/5856 6542/767/5410 2187/842/2034
f 4859/829/4217 2969/719/2717 4858/718/4216
f 3784/844/962 6938/845/962 1008/846/962
f 4883/847/4235 2943/530/2696 524/659/502
f 6547/848/5412 7145/717/5854 5636/416/4792
f 1086/773/1033 1784/788/1659 6548/774/5413
f 1086/773/1033 5177/789/4458 1784/788/1659
f 6561/849/5424 5642/850/4796 5651/851/4801
f 598/852/573 4156/287/3679 5648/853/4799
f 1083/854/1030 4201/794/1030 5181/789/1030
f 5648/853/4799 4156/287/3679 5628/855/4788
f 5628/855/4788 4156/287/3679 1245/277/1186
f 2181/549/2028 2170/856/2017 5565/547/4746
f 226/857/211 225/367/210 1818/802/1687
f 6529/858/5401 5189/859/4466 4548/860/3975
f 3810/861/2151 2312/862/2151 3805/863/2151
f 147/864/138 1636/560/1527 146/559/137
f 5802/865/4900 4913/693/4263 2034/33/1884
f 579/866/554 1662/303/1553 578/813/553
f 3412/572/3072 4515/442/3949 5652/867/4802
f 5231/868/3073 3413/869/3073 5653/870/3073
f 6537/744/5406 3412/572/3072 4873/871/4227
f 327/390/311 4913/693/4263 6519/757/5392
f 1065/186/1012 6518/505/5391 325/872/309
f 1341/873/1274 3797/874/3388 5655/875/4803
f 6944/876/5706 249/759/234 6934/758/5699
f 6556/877/5419 2221/878/2065 4866/879/4222
f 2957/880/2708 2966/755/2714 278/580/263
f 6556/877/5419 4866/879/4222 4862/881/4219
f 279/880/264 6935/882/5700 1733/755/1615
f 6935/882/5700 3766/831/3365 1733/755/1615
f 2433/883/2252 6556/877/5419 3799/834/3390
f 6559/884/5422 5632/885/4789 6931/761/5696
f 4181/886/3697 6556/877/5419 4862/881/4219
f 3799/834/3390 6556/877/5419 4181/886/3697
f 3799/834/3390 4181/886/3697 1597/835/1490
f 7204/706/5896 957/517/917 6558/887/5421
f 6935/882/5700 284/888/269 3766/831/3365
f 3766/831/3365 284/888/269 5623/889/4783
f 1596/651/1489 6567/890/5429 668/652/637
f 4886/708/4238 2025/710/1875 4887/891/4239
f 284/888/269 5659/892/4804 5623/889/4783
f 4859/829/4217 4192/893/3707 2969/719/2717
f 5659/892/4804 1010/894/964 5623/889/4783
f 4843/765/1641 1761/596/1641 4882/895/1641
f 5659/892/4804 281/896/266 1010/894/964
f 281/896/266 1585/897/1479 1010/894/964
f 1564/898/1464 5603/899/4770 4893/900/4245
f 281/896/266 6545/901/5411 1585/897/1479
f 2969/719/2717 2967/801/2715 1563/663/1463
f 4887/891/4239 2025/710/1875 2024/902/1874
f 6545/901/5411 4857/903/4215 1585/897/1479
f 6541/904/5409 1088/905/1035 5180/906/4459
f 1783/907/1658 4857/903/4215 6545/901/5411
f 6520/908/5393 3405/786/3065 3401/604/3063
f 790/909/756 5642/850/4796 6561/849/5424
f 1783/907/1658 1670/853/1559 4857/903/4215
f 2163/910/2010 5566/911/2010 5179/906/2010
f 7142/726/5852 3387/912/3056 3400/604/3062
f 4198/796/3712 4197/913/3711 2425/797/2244
f 3393/914/3060 5676/915/4818 3388/912/3057
f 1475/916/1388 5662/917/4807 6525/858/5398
f 6525/858/5398 5662/917/4807 5188/859/4465
f 5842/918/4927 2410/174/2233 1547/629/1451
f 2070/487/1918 2119/687/1967 6506/488/5380
f 5191/735/4468 2311/805/2150 5685/919/4823
f 4869/920/4224 4872/921/4224 6535/922/4224
f 1861/923/428 446/924/428 1862/925/428
f 2383/926/2213 4875/927/4229 5602/825/4769
f 5655/875/4803 3797/874/3388 7070/928/5797
f 2431/929/2250 5673/930/4816 4880/931/4233
f 5193/932/4470 5196/933/4472 1339/837/1272
f 1780/823/1656 1138/698/1083 5601/825/4768
f 4880/828/4233 6551/827/5416 2431/934/2250
f 2388/817/1612 1729/885/1612 1792/935/1612
f 2175/936/2022 5195/937/4471 5192/447/4469
f 4865/881/1475 4868/879/1475 1579/938/1475
f 2173/332/2020 2175/936/2022 5192/447/4469
f 4180/837/3696 4524/939/3958 1087/838/1034
f 4864/940/4221 6567/890/5429 1596/651/1489
f 2175/936/2022 2173/332/2020 2172/519/2019
f 5623/889/4783 6564/590/5426 3766/831/3365
f 3774/649/3371 7139/526/5851 6560/941/5423
f 2175/936/2022 2172/519/2019 2183/942/2030
f 6554/836/5417 1087/838/1034 6541/904/5409
f 1337/943/1270 6554/836/5417 6541/904/5409
f 2166/944/2013 2172/519/2019 7146/535/5855
f 6567/890/5429 6566/779/5428 668/652/637
f 5603/899/4770 2951/730/2703 4894/945/4246
f 1362/784/1293 3405/786/3065 6520/908/5393
f 4857/903/4215 1670/853/1559 4/855/4
f 2165/946/2012 2168/273/2015 5562/356/4744
f 6565/947/5427 2024/902/1874 5605/948/4772
f 2165/946/2012 5562/356/4744 5670/949/4814
f 5671/910/1028 5178/906/1028 1081/950/1028
f 2424/951/2242 2421/952/2242 3394/953/2242
f 3403/604/3064 1270/912/1207 5664/917/4809
f 5663/917/4808 3388/912/3057 4879/954/4232
f 5676/915/4818 4879/954/4232 3388/912/3057
f 1266/955/1204 1265/956/1204 1530/957/1204
f 3425/362/3085 2427/958/2246 2428/363/2247
f 226/857/211 4204/959/3715 3790/960/3382
f 3811/369/3399 4878/961/4231 5675/684/4817
f 1741/861/1622 3806/863/3395 4877/962/4230
f 596/556/571 5727/963/4854 4838/557/4208
f 1480/964/1393 4548/860/3975 5189/859/4466
f 1385/965/1313 5555/686/4738 5528/630/4716
f 3807/863/3396 5191/862/4468 3813/966/3401
f 3813/967/3401 5191/968/4468 5685/969/4823
f 146/559/137 1635/304/1526 152/301/143
f 148/811/139 1636/560/1527 147/864/138
f 4537/431/3967 2378/430/2208 6579/970/5437
f 1984/570/1836 1972/971/1826 5168/571/4452
f 2435/972/2254 5673/930/4816 2431/929/2250
f 4875/927/4229 2383/926/2213 6533/973/5405
f 6536/974/200 214/816/200 3819/815/200
f 3814/815/3402 228/817/213 2447/935/2265
f 5673/930/4816 4187/975/3702 4880/931/4233
f 1170/761/1114 7205/703/5897 525/884/503
f 6568/976/5430 1592/977/1485 1268/978/1206
f 4880/828/4233 4192/893/3707 4859/829/4217
f 6560/941/5423 7139/526/5851 4884/979/4236
f 1098/980/918 958/764/918 1096/653/918
f 6541/904/5409 1087/838/1034 1088/905/1035
f 5704/981/4837 6520/908/5393 2976/982/2723
f 4887/891/4239 2024/902/1874 6565/947/5427
f 2976/982/2723 6520/908/5393 3401/604/3063
f 5180/906/4459 1088/905/1035 5225/950/4494
f 3403/604/3064 5664/917/4809 2968/916/2716
f 6566/779/5428 5715/983/4845 5625/475/4785
f 2425/797/2244 4197/913/3711 2423/984/2243
f 1271/953/1208 2422/952/1208 5674/985/1208
f 5625/475/4785 5715/983/4845 272/680/257
f 4204/959/3715 226/857/211 1818/802/1687
f 4892/617/4244 3791/616/3383 4890/986/4242
f 6629/987/5473 596/556/571 597/988/572
f 677/363/646 675/958/644 3407/989/3067
f 2119/687/1967 2068/990/1916 1633/428/1524
f 4837/557/4207 7079/991/5803 2077/426/1925
f 166/992/156 155/136/146 2915/184/2669
f 117/558/109 6502/493/5377 113/806/105
f 2392/635/2218 2400/692/2218 5678/993/2218
f 2438/994/2220 2394/995/2220 5681/996/2220
f 5196/933/4472 4525/939/3959 1339/837/1272
f 2447/935/2265 5688/997/4825 3814/815/3402
f 2449/935/2267 5632/885/4789 6570/998/5432
f 5632/885/4789 6559/884/5422 6570/998/5432
f 6568/976/5430 1268/978/1206 4888/999/4240
f 247/1000/232 2215/976/232 1269/999/232
f 2166/944/2013 7146/535/5855 2167/344/2014
f 1567/1001/1467 2975/1002/2722 2969/719/2717
f 2977/982/2724 2968/916/2716 1476/1003/1389
f 3403/604/3064 2968/916/2716 2977/982/2724
f 4518/1004/3952 1813/1005/1682 4521/1006/3955
f 4521/1006/3955 4517/1007/3951 4518/1004/3952
f 5716/1008/4846 6565/947/5427 5605/948/4772
f 4202/794/3714 5563/854/3714 5684/1009/3714
f 5683/1010/4822 5565/547/4746 2170/856/2017
f 4891/986/4243 227/616/212 791/1011/757
f 5662/917/4807 5686/1012/4824 5188/859/4465
f 530/483/508 2914/485/2668 532/1013/510
f 2031/485/1881 5554/1014/4737 533/1015/511
f 7079/991/5803 4183/1016/3699 2077/426/1925
f 1679/742/1568 3845/1017/3424 1858/494/1719
f 3847/1018/3425 2399/691/2225 1858/494/1719
f 2500/564/2312 6655/1019/5494 4483/440/3924
f 167/1020/157 1074/375/1021 1065/186/1012
f 150/808/141 1617/809/1508 6569/810/5431
f 6591/1021/5445 2418/813/2239 4539/431/3969
f 6534/974/3404 3817/815/3404 3836/1022/3404
f 5677/1023/4819 6944/876/5706 6934/758/5699
f 5198/1024/4473 7069/821/5796 5669/823/4813
f 5198/1024/4473 5669/823/4813 4874/927/4228
f 5669/823/4813 1781/825/1657 4874/927/4228
f 1747/1025/1628 7071/1026/5798 7150/1027/5859
f 3821/1028/3406 1192/1029/1134 2436/1030/2255
f 437/1031/420 4216/1032/3724 5212/1033/4482
f 7150/1027/5859 7071/1026/5798 6576/1034/5435
f 4186/1035/3701 1192/1029/1134 3821/1028/3406
f 3814/1036/3402 4185/1037/3700 3820/1038/3405
f 6606/1039/2261 2443/1040/2261 5687/1041/2261
f 3814/1042/3402 5688/1043/4825 4185/975/3700
f 5688/997/4825 2447/935/2265 5691/1044/4828
f 6605/1045/5456 1046/1046/996 5692/1047/4829
f 5689/1048/4826 2446/1049/2264 2442/1040/2260
f 5688/1043/4825 2445/1050/2263 4185/975/3700
f 2448/1051/2266 5696/1052/4832 1791/1050/1662
f 6573/1053/4827 5690/1054/4827 5694/1055/4827
f 2448/1051/2266 6577/1056/5436 5696/1052/4832
f 2445/1050/2263 5695/1052/4831 4185/975/3700
f 5697/1057/4830 5693/1058/4830 5699/1059/4830
f 5698/1060/4833 4880/931/4233 4187/975/3702
f 1793/1052/997 1047/1060/997 1379/975/997
f 436/1061/419 437/1031/420 5212/1033/4482
f 5701/1062/1466 6574/1063/1466 1566/1064/1466
f 7150/1027/5859 6576/1034/5435 6557/1065/5420
f 436/1061/419 5212/1033/4482 6595/1066/5447
f 4188/1067/3703 4191/893/3706 4881/828/4234
f 4194/1068/3708 436/1061/419 6595/1066/5447
f 7150/1027/5859 6557/1065/5420 4885/1069/4237
f 4195/1070/3709 4194/1068/3708 2970/1071/2718
f 4194/1068/3708 6595/1066/5447 2970/1071/2718
f 1318/1072/1252 7150/1027/5859 4885/1069/4237
f 856/1073/820 6939/1074/5702 4220/1075/3726
f 1318/1072/1252 4885/1069/4237 5703/1076/4836
f 5742/1077/4865 1567/1001/1467 2969/719/2717
f 4195/1070/3709 2970/1071/2718 439/1078/422
f 439/1078/422 2970/1071/2718 2971/1079/2719
f 1567/1001/1467 2470/1080/2283 2975/1002/2722
f 4220/1075/3726 6939/1074/5702 858/1081/822
f 4518/1004/3952 439/1078/422 1813/1005/1682
f 1813/1005/1682 439/1078/422 2971/1079/2719
f 6596/1082/5448 4242/1083/3739 2479/1084/2291
f 4516/1007/3950 4522/1006/3956 7231/1085/5913
f 1477/1086/1390 979/1087/936 4523/1088/3957
f 5683/1089/4822 2170/1090/2017 4889/1091/4241
f 4171/621/3691 676/683/645 5857/1092/4941
f 6628/1093/5472 4171/621/3691 5857/1092/4941
f 118/491/110 4231/1094/3735 2379/634/2209
f 4229/1095/3733 5708/1096/3733 6578/1097/3733
f 122/634/114 4232/1094/114 6582/1098/114
f 126/1099/118 3856/807/3432 4161/437/3683
f 1988/1100/1840 6929/309/5694 4485/379/3926
f 5237/1101/4504 5709/1102/4840 4536/1103/3966
f 5230/1104/4499 776/1105/744 3411/1106/3071
f 7148/1107/5857 2395/1108/2221 2440/1109/2258
f 3410/1105/3070 5203/1110/4475 3414/1106/3074
f 3415/1111/3075 5201/1112/3075 5197/1113/3075
f 777/1111/745 5200/1113/745 4876/1114/745
f 5199/1024/1106 5656/1115/1106 1162/821/1106
f 2396/1116/2222 2226/1117/2069 4867/1118/4223
f 6607/1039/2262 3815/1119/2262 2444/1040/2262
f 2442/1040/2260 1378/1119/1308 3822/1120/3407
f 6605/1045/5456 5692/1047/4829 3829/1121/3413
f 12/1122/11 6575/1123/11 456/1124/11
f 5689/1048/4826 2442/1040/2260 3822/1120/3407
f 5689/1048/4826 3822/1120/3407 5700/1125/4834
f 1730/1063/1613 5702/1062/4835 3827/1126/3411
f 3827/1126/3411 5702/1062/4835 3823/1127/3408
f 2434/1128/2253 1595/1129/1488 5777/1130/4887
f 6572/1131/5434 4188/1067/3703 4881/828/4234
f 5208/1132/4478 5207/1133/4477 4207/1134/3718
f 2996/1135/2741 4519/1136/3953 1087/838/1034
f 523/1137/501 5713/1138/4843 5220/1139/4489
f 4207/1134/3718 853/1140/817 856/1073/820
f 1565/1141/1465 1564/898/1464 4893/900/4245
f 5742/1077/4865 2969/719/2717 4192/893/3707
f 5703/1076/4836 2978/1142/2725 5711/1143/4842
f 1318/1072/1252 5703/1076/4836 5711/1143/4842
f 3416/1144/3076 5224/1145/4493 3418/1146/3078
f 3417/1147/3077 3419/1148/3079 6596/1082/5448
f 1318/1072/1252 5711/1143/4842 3825/1149/3410
f 6596/1082/5448 3419/1148/3079 4242/1083/3739
f 3825/1149/3410 5711/1143/4842 2988/1150/2733
f 4520/1151/3954 852/1152/816 1814/1153/1683
f 850/1154/814 4516/1007/3950 7231/1085/5913
f 4196/1155/3710 4523/1088/3957 979/1087/936
f 1082/1009/1029 4205/1156/3716 4199/794/3713
f 1820/1157/1686 4203/1158/1686 1817/1155/1686
f 4196/1155/3710 1819/1158/1688 4523/1088/3957
f 999/1159/955 2480/1160/2292 6617/1161/5463
f 4206/1162/3717 791/1011/757 227/616/212
f 1742/1163/1623 6590/1164/5444 5665/1165/4810
f 6524/611/5397 5209/613/4479 60/1166/54
f 5728/1167/4855 6940/1168/5703 2078/1169/1926
f 6583/1170/5440 3813/967/3401 5685/969/4823
f 2371/426/2201 4182/1016/3698 2370/427/2200
f 166/992/156 2915/184/2669 5705/1171/4838
f 4223/1172/3729 5706/1096/3729 4227/1095/3729
f 1858/494/1719 3845/1017/3424 3847/1018/3425
f 2484/1099/2296 1634/437/1525 151/436/142
f 151/436/142 1614/435/1505 150/808/141
f 4530/1173/3963 4534/1174/3965 5710/1096/4841
f 5238/1175/4505 5236/1176/4503 6580/970/5438
f 3422/567/3082 2417/812/2238 2450/1177/2268
f 5236/1176/4503 1442/431/1359 6580/970/5438
f 2453/1178/2271 2418/813/2239 6591/1021/5445
f 973/1179/930 1049/1180/930 1048/1128/930
f 5205/1181/779 5657/1182/779 814/1183/779
f 7072/1184/5799 7082/1185/5805 4911/1186/4261
f 2451/1187/2269 4216/1032/3724 437/1031/420
f 4236/1188/3737 2472/1189/2285 527/1190/505
f 4912/1191/4262 4236/1188/3737 527/1190/505
f 2454/1192/2272 5208/1132/4478 4208/1193/3719
f 656/1194/626 3816/1195/3403 5741/1196/4864
f 2441/1197/2259 4906/1198/4257 1380/1199/1309
f 527/1190/505 2472/1189/2285 6571/1200/5433
f 6605/1201/5456 3829/1202/3413 2474/1203/2286
f 6571/1200/5433 2472/1189/2285 4189/1204/3704
f 4207/1134/3718 5207/1133/4477 853/1140/817
f 2458/1205/2275 2463/1206/2275 4193/893/2275
f 4192/893/3707 2464/1206/2279 5742/1077/4865
f 1087/838/1034 4519/1136/3953 1088/905/1035
f 2183/942/2030 2172/519/2019 2166/944/2013
f 1567/1001/1467 5742/1077/4865 2470/1080/2283
f 2973/1207/2721 5712/1208/2721 2974/1209/2721
f 2167/344/2014 2168/273/2015 2165/946/2012
f 526/1210/504 4528/1211/3961 902/1212/866
f 2162/1213/2009 2165/946/2012 5670/949/4814
f 5721/1214/4851 4516/1007/3950 850/1154/814
f 5682/1215/4821 5672/910/4815 5226/950/4495
f 1082/1009/1029 6601/1216/5452 4205/1156/3716
f 3806/863/3395 6945/1217/5707 4877/962/4230
f 1742/1163/1623 6947/1218/5708 6590/1164/5444
f 4260/1219/3749 298/1220/283 4547/1221/3974
f 1481/1222/1394 1519/1223/1426 6589/1224/5443
f 2071/628/1919 2117/1225/1965 2070/487/1918
f 2067/181/1915 3462/1226/3113 4529/633/3962
f 1195/1172/1137 4530/1173/3963 5710/1096/4841
f 6581/1227/5439 2414/740/2236 6532/739/5404
f 5168/571/4452 1972/971/1826 3873/495/3445
f 2398/692/2224 2979/1228/2224 5680/993/2224
f 6943/1229/235 250/1230/235 2223/1231/235
f 4524/939/3958 2996/1135/2741 1087/838/1034
f 3827/1232/3411 3823/1233/3408 5218/1234/4487
f 4208/1193/3719 5208/1132/4478 4207/1134/3718
f 854/1235/818 4896/1236/4248 1812/1237/1681
f 1595/1129/1488 1565/1141/1465 4893/900/4245
f 4190/1238/3705 2468/1239/2281 2460/1240/2276
f 1561/1067/438 457/1205/438 1562/893/438
f 4190/1238/3705 2972/1207/2720 2468/1239/2281
f 703/226/672 706/1241/675 701/420/670
f 857/1242/821 5730/1243/4857 4520/1151/3954
f 2972/1207/2720 988/1209/944 2469/1244/2282
f 4519/1136/3953 1080/1245/1027 1088/905/1035
f 3416/1144/3076 3420/1246/3080 5224/1145/4493
f 2990/1247/2735 5713/1138/4843 901/1248/865
f 858/1081/822 851/1249/815 5722/1250/4852
f 4520/1151/3954 5730/1243/4857 852/1152/816
f 1772/1251/1650 6597/1252/5449 6620/1253/5466
f 2951/730/2703 6528/732/5400 5233/1254/4501
f 5714/1255/4844 5716/1008/4846 5605/948/4772
f 5233/1254/4501 6528/732/5400 270/1256/255
f 3824/1257/3409 2987/1258/2732 2983/1259/2728
f 532/1013/510 2914/485/2668 7156/1015/5864
f 6584/1260/5441 6588/1261/5441 6585/1262/5441
f 4230/1094/3734 4829/491/4201 117/558/109
f 719/378/688 3422/565/3082 3423/1263/3083
f 2401/1264/2226 5747/1265/4868 2980/1266/2726
f 2028/1229/1878 2981/1231/2727 3772/569/3369
f 970/1267/927 969/567/926 1148/1268/1093
f 1148/1268/1093 969/567/926 2452/1177/2270
f 167/1020/157 1065/186/1012 325/872/309
f 2456/1269/2273 6593/1270/2273 7075/1271/2273
f 7074/1272/5801 6592/1273/5446 4213/1274/3723
f 4211/1275/3721 6594/1276/3721 4215/1277/3721
f 4540/1278/3970 3865/1279/3438 5214/1280/4484
f 6591/1281/5445 4539/1282/3969 5215/1283/4485
f 5196/933/4472 5202/1284/4474 4525/939/3959
f 4216/1032/3724 5213/1283/4483 5212/1033/4482
f 7083/1285/5806 523/1137/501 4898/1286/4250
f 4906/1198/4257 5216/1287/4486 1380/1199/1309
f 5741/1196/4864 3816/1195/3403 6604/1288/5455
f 4898/1286/4250 523/1137/501 5220/1139/4489
f 5217/1234/2277 2465/1289/2277 2461/1290/2277
f 3826/1232/613 642/1234/613 2459/1290/613
f 986/1291/943 4189/1204/3704 2476/1292/2288
f 5777/1130/4887 1595/1129/1488 4893/900/4245
f 4207/1134/3718 856/1073/820 4220/1075/3726
f 986/1291/943 2476/1292/2288 4528/1211/3961
f 1812/1237/1681 4896/1236/4248 855/1293/819
f 5713/1138/4843 2989/1294/2734 5220/1139/4489
f 4896/1236/4248 5730/1243/4857 855/1293/819
f 855/1293/819 5730/1243/4857 857/1242/821
f 2468/1239/2281 2972/1207/2720 2469/1244/2282
f 986/1291/943 4528/1211/3961 526/1210/504
f 4893/900/4245 5603/899/4770 4894/945/4246
f 4220/1075/3726 858/1081/822 2999/1295/2744
f 2999/1295/2744 858/1081/822 5722/1250/4852
f 2989/1294/2734 5713/1138/4843 2990/1247/2735
f 1773/1296/1651 5222/1297/4491 5221/1298/4490
f 1773/1296/1651 5221/1298/4490 1031/1299/983
f 1771/1300/1649 6597/1252/5449 1772/1251/1650
f 1080/1245/1027 5225/950/4494 1088/905/1035
f 4894/945/4246 2951/730/2703 5233/1254/4501
f 5682/1215/4821 5226/950/4495 5718/1301/4848
f 5718/1301/4848 6599/1302/5451 5682/1215/4821
f 2991/1303/2736 3824/1257/3409 2983/1259/2728
f 6629/987/5473 5727/963/4854 596/556/571
f 7073/1304/5800 245/682/230 529/555/507
f 58/1305/52 6524/611/5397 60/1166/54
f 5554/1306/4737 1388/1307/1315 533/1308/511
f 5726/1309/1085 5723/1310/1085 1140/1311/1085
f 1481/1222/1394 6589/1224/5443 1433/1312/1352
f 3809/863/3398 1740/966/1621 6603/1313/5454
f 41/1314/35 3813/967/3401 6583/1170/5440
f 1385/965/1313 5528/630/4716 4561/632/3985
f 1633/428/1524 2068/990/1916 2066/374/1914
f 1679/742/1568 1237/1315/1179 3845/1017/3424
f 1418/1316/551 2415/1317/551 576/1318/551
f 3850/1319/2066 5748/1320/2066 2222/1321/2066
f 5230/1104/4499 5228/1322/4497 776/1105/744
f 2437/994/2256 5679/996/4820 5746/1323/4867
f 3837/1324/3418 6580/970/5438 1734/1325/1616
f 5229/1326/4498 2245/868/2087 1511/870/1419
f 4531/1327/3964 4542/1328/3964 4535/1329/3964
f 7082/1185/5805 1316/1330/1250 4911/1186/4261
f 3830/1331/3414 2439/1332/2257 3835/1333/3417
f 7076/1271/3725 7208/1334/3725 4217/1335/3725
f 466/1336/445 4214/1337/445 4219/1338/445
f 580/1269/555 7077/1271/555 4218/1335/555
f 1790/1032/823 1776/1281/823 859/1283/823
f 2226/1117/2069 2227/1339/2070 4867/1118/4223
f 5214/1340/4484 4896/1236/4248 854/1235/818
f 2473/1203/809 5740/1341/809 845/1201/809
f 702/433/671 2993/1342/2738 703/226/672
f 5195/937/4471 2175/936/2022 2182/1343/2029
f 2472/1189/2285 2476/1292/2288 4189/1204/3704
f 2182/1343/2029 2175/936/2022 2183/942/2030
f 985/1344/942 3828/1232/3412 2462/1290/2278
f 1811/1345/1680 1317/1346/1251 1319/1347/1253
f 409/1348/392 985/1344/942 2471/1349/2284
f 409/1348/392 2471/1349/2284 3421/1350/3081
f 2471/1349/2284 5223/1351/4492 3421/1350/3081
f 5732/1352/4859 1811/1345/1680 1319/1347/1253
f 5732/1352/4859 1319/1347/1253 2992/1353/2737
f 5730/1243/4857 895/1354/859 852/1152/816
f 409/1348/392 3421/1350/3081 6618/1355/5464
f 2146/1356/1994 2162/1213/2009 5670/949/4814
f 5211/1245/4481 2998/1357/2743 5227/950/4496
f 902/1212/866 4528/1211/3961 2986/1358/2731
f 5227/950/4496 2998/1357/2743 1227/1301/1169
f 850/1154/814 7231/1085/5913 5733/1359/4860
f 5670/949/4814 5683/1089/4822 2146/1356/1994
f 4554/1360/3980 5720/1214/4850 850/1154/814
f 850/1154/814 4552/1361/3978 4554/1360/3980
f 850/1154/814 5733/1359/4860 4552/1361/3978
f 529/555/507 530/483/508 531/1362/509
f 5764/1363/4879 6941/1311/5704 5724/1310/4853
f 6583/1170/5440 6586/1364/5442 6609/1365/5457
f 3444/1366/3099 4230/1094/3734 117/558/109
f 116/1366/108 117/558/109 113/806/105
f 5707/1102/4839 5737/1367/4862 1679/742/1568
f 1679/742/1568 5737/1367/4862 1237/1315/1179
f 4532/1368/3727 4221/1369/3727 4224/1370/3727
f 5237/1101/4504 5738/1367/4863 5709/1102/4840
f 5238/1175/4505 6580/970/5438 3837/1324/3418
f 2457/1371/2274 4212/1372/3722 5800/1373/4898
f 5800/1373/4898 4212/1372/3722 7206/1374/5898
f 7206/1374/5898 4543/1375/3971 3003/1376/2748
f 4541/1278/3440 4545/1377/3440 3867/1279/3440
f 2455/1378/424 441/1379/424 1789/1380/424
f 4213/1274/3723 6640/1381/5483 7074/1272/5801
f 2176/1382/2023 2246/1383/2023 5206/1384/2023
f 6639/1385/5482 7207/1386/5899 1786/1387/1660
f 7149/1179/5858 2434/1128/2253 5777/1130/4887
f 3865/1388/3438 4896/1236/4248 5214/1340/4484
f 1593/1389/1486 5801/1390/4899 6934/1391/5699
f 4237/1392/389 5739/1341/389 406/1203/389
f 4527/939/1026 4210/1393/1026 1079/1135/1026
f 2997/1135/2742 440/1393/423 435/1394/418
f 5219/1234/4488 4908/1395/4258 5778/1396/4888
f 295/1397/280 5219/1234/4488 5778/1396/4888
f 408/1398/391 2475/1399/2287 3828/1232/3412
f 4895/1400/4247 4897/1401/4249 1317/1346/1251
f 458/1289/439 5219/1234/4488 295/1397/280
f 4895/1400/4247 1317/1346/1251 1811/1345/1680
f 985/1344/942 408/1398/391 3828/1232/3412
f 2995/1135/2740 2994/1402/2739 1089/1136/1036
f 409/1348/392 408/1398/391 985/1344/942
f 987/1403/435 453/1404/435 2466/1405/435
f 2471/1349/2284 2467/1289/2280 5223/1351/4492
f 1376/1351/1306 458/1289/439 295/1397/280
f 706/1241/675 685/362/654 701/420/670
f 5211/1245/4481 1089/1136/1036 2994/1402/2739
f 2167/344/2014 2165/946/2012 2166/944/2013
f 1376/1351/1306 295/1397/280 297/1406/282
f 1375/1407/1305 1376/1351/1306 297/1406/282
f 5211/1245/4481 2994/1402/2739 2998/1357/2743
f 1375/1407/1305 297/1406/282 5232/1408/4500
f 2985/1409/2730 409/1348/392 6618/1355/5464
f 4243/1410/3740 2477/1411/2289 2478/1412/2290
f 1739/1413/1620 5753/1414/1620 6946/1415/1620
f 5782/1416/4891 2164/986/2011 6602/1011/5453
f 2071/628/1919 6625/627/5470 2117/1225/1965
f 4222/1369/3728 4228/1417/3732 4549/1418/3976
f 5800/1373/4898 7206/1374/5898 1147/1419/1092
f 5654/1182/780 815/1181/780 5243/1420/780
f 7207/1386/5899 6639/1385/5482 4544/1377/3972
f 3834/1421/3416 656/1194/626 5741/1196/4864
f 6638/1422/5481 2454/1192/2272 4208/1193/3719
f 2993/1342/2738 706/1241/675 703/226/672
f 2997/1135/2742 435/1394/418 1077/1402/1024
f 1077/1402/1024 435/1394/418 438/1423/421
f 1077/1402/1024 438/1423/421 1078/1357/1025
f 2162/1213/2009 2146/1356/1994 2142/1424/1990
f 1031/1299/983 5221/1298/4490 5234/1425/4502
f 5743/1426/3397 5752/1427/3397 3808/1428/3397
f 675/958/644 5858/1429/4942 3407/989/3067
f 6608/1430/3742 6587/1431/3742 4245/1432/3742
f 6940/1168/5703 7078/1433/5802 2078/1169/1926
f 3772/569/3369 2981/1231/2727 1984/570/1836
f 4533/1327/1142 1200/1434/1142 1441/1328/1142
f 7148/1107/5857 6955/1435/5713 2395/1108/2221
f 7206/1374/5898 3003/1376/2748 1147/1419/1092
f 6621/1436/5467 3440/1437/3095 7083/1285/5806
f 4526/939/3960 5204/1284/4476 487/1438/466
f 4235/1439/1461 4233/1440/1461 1558/1441/1461
f 5786/1442/4893 1320/1303/1254 899/1259/863
f 3425/362/3085 681/1443/650 2427/958/2246
f 4260/1219/3749 4547/1221/3974 4546/1444/3973
f 1520/1445/1427 1591/1164/1427 4246/1446/1427
f 3809/863/3398 6603/1313/5454 5744/1447/4866
f 6941/1311/5704 5764/1363/4879 7080/1448/5804
f 4225/1370/3730 4222/1369/3728 4549/1418/3976
f 1857/1449/1718 5239/1450/4506 5246/1451/4510
f 1857/1449/1718 1202/1452/1144 5239/1450/4506
f 5747/1265/4868 5749/1453/4869 2980/1266/2726
f 5746/1323/4867 5679/996/4820 5751/1454/4870
f 5746/1323/4867 3837/1324/3418 2437/994/2256
f 3851/1455/3427 5203/1110/4475 3410/1105/3070
f 3834/1421/3416 5741/1196/4864 872/1456/836
f 1084/939/1031 487/1438/466 4209/1393/3720
f 2166/944/2013 2165/946/2012 2162/1213/2009
f 5717/1457/4847 4555/1458/3981 3857/1459/3433
f 4889/1091/4241 2146/1356/1994 5683/1089/4822
f 286/987/271 5766/1460/4881 5729/963/4856
f 6615/1461/5461 6617/1161/5463 2480/1160/2292
f 5725/1462/1980 2132/1463/1980 5770/1464/1980
f 6948/1218/1425 1517/1465/1425 1518/1466/1425
f 6590/1164/5444 6947/1218/5708 4247/1467/3743
f 4252/1468/3744 41/1314/35 6583/1170/5440
f 152/301/143 155/136/146 154/1469/145
f 150/808/141 6569/810/5431 148/811/139
f 3002/1470/2747 1440/1368/1358 4226/1370/3731
f 5229/1326/4498 1511/870/1419 5242/1471/4509
f 643/1472/614 7149/1179/5858 5777/1130/4887
f 6621/1436/5467 7083/1285/5806 4898/1286/4250
f 706/1241/675 682/1473/651 685/362/654
f 2984/1259/2729 6619/1474/5465 5775/1475/4886
f 5754/1476/4871 6598/1477/5450 5719/1478/4849
f 5731/1479/4858 1320/1303/1254 5786/1442/4893
f 5715/983/4845 271/1480/256 272/680/257
f 4553/1481/3979 5735/1482/3979 5769/1483/3979
f 6947/1218/5708 4258/1484/3747 4247/1467/3743
f 4252/1468/3744 6583/1170/5440 6609/1365/5457
f 7081/991/4878 5763/1485/4878 5794/1486/4878
f 2066/374/1914 3462/1226/3113 2067/181/1915
f 1196/1370/1138 4551/1418/3977 5773/1487/4884
f 2982/1488/237 5750/1489/237 252/1490/237
f 4226/1370/3731 3000/1491/2745 3002/1470/2747
f 3429/434/3088 3426/1492/3086 2923/433/2677
f 5251/1493/4513 581/1489/556 5677/1023/4819
f 6638/1422/5481 4208/1193/3719 486/1494/465
f 244/1495/229 5856/1496/4940 2212/1497/2059
f 1228/1498/1170 2233/1499/2076 2232/1481/2075
f 5714/1255/4844 5605/948/4772 536/1500/514
f 4502/283/3939 4263/1501/3752 3861/478/3436
f 1035/1160/986 1034/1502/985 6614/1461/5460
f 5745/1466/1368 4256/1484/1368 1453/1218/1368
f 5744/1447/4866 6603/1313/5454 4257/1503/3746
f 3/1504/3 5755/1505/4872 5761/1506/4877
f 4255/1507/3745 41/1314/35 4252/1468/3744
f 675/958/644 2481/1508/2293 5858/1429/4942
f 6626/1509/3090 4901/1510/3090 3434/1511/3090
f 155/136/146 166/992/156 154/1469/145
f 1706/143/1593 1542/1512/1446 324/738/308
f 5828/1513/4918 4493/380/3932 6668/441/5504
f 5228/1322/4497 3838/1514/3419 776/1105/744
f 5251/1493/4513 5677/1023/4819 6934/758/5699
f 775/1515/743 487/1438/466 5204/1284/4476
f 2184/1516/2031 2183/942/2030 2166/944/2013
f 5775/1517/4886 6619/1518/5465 5840/1519/4925
f 6600/1477/2751 3007/1520/2751 5783/1521/2751
f 5784/1442/4892 2984/1259/2729 5775/1475/4886
f 1287/1522/1224 792/1523/758 6616/1524/5462
f 4614/1525/4024 4260/1219/3749 4546/1444/3973
f 681/1443/650 678/1508/647 2427/958/2246
f 2082/1526/1930 6628/1093/5472 5857/1092/4941
f 6590/1164/5444 4247/1467/3743 4244/1446/3741
f 3/1504/3 5765/1527/4880 5755/1505/4872
f 4254/1468/32 6613/1365/32 37/1528/32
f 6950/1529/1291 1360/1530/1291 3435/1531/1291
f 4270/1532/3758 3843/1533/3423 3845/1017/3424
f 1851/1017/1714 3844/1533/1714 3846/1018/1714
f 3001/1491/2746 1196/1370/1138 5773/1487/4884
f 5238/1175/4505 3837/1324/3418 7151/1534/5860
f 7151/1534/5860 3837/1324/3418 5746/1323/4867
f 3022/1490/2763 581/1489/556 5251/1493/4513
f 3426/1492/3086 712/1535/681 2923/433/2677
f 2923/433/2677 712/1535/681 707/1342/676
f 2276/1536/2117 5195/937/4471 2182/1343/2029
f 4241/1410/1307 1377/1537/1307 4238/1538/1307
f 4243/1410/3740 4239/1538/3738 2477/1411/2289
f 1354/1539/1286 5717/1457/4847 3857/1459/3433
f 5754/1476/4871 3004/1520/2749 6598/1477/5450
f 5759/1540/1201 1262/1541/1201 5736/1542/1201
f 6630/1543/5474 5766/1460/4881 286/987/271
f 4274/1544/3761 5555/686/4738 1385/965/1313
f 1588/1545/1482 4251/1546/1482 6611/1547/1482
f 5756/1505/4873 5776/1548/4873 5762/1506/4873
f 1778/1549/1655 4253/1550/1655 4250/1551/1655
f 1261/1552/1200 900/1517/864 5795/1553/4895
f 2075/427/1923 3430/1554/3089 4900/429/4252
f 3431/1554/1921 3433/1555/1921 2073/429/1921
f 2981/1231/2727 3023/1556/2764 1984/570/1836
f 487/1557/466 6952/1558/5710 4209/1559/3720
f 5255/1560/440 459/1561/440 4907/1562/440
f 462/1400/442 6624/1563/442 463/1401/442
f 709/1564/678 706/1241/675 2993/1342/2738
f 709/1564/678 708/1565/677 706/1241/675
f 3425/362/3085 3424/1473/3084 681/1443/650
f 5715/983/4845 5855/1566/4939 271/1480/256
f 4503/677/3940 59/679/53 4264/1567/3753
f 5734/1568/4861 5780/1569/4890 5757/1570/4874
f 5785/1571/4875 5758/1572/4875 5789/1573/4875
f 5760/1574/4876 5784/1575/4892 5775/1576/4886
f 2164/986/2011 5782/1416/4891 3011/1577/2754
f 4249/1551/1654 1777/1550/1654 5799/1578/1654
f 2070/487/1918 2117/1225/1965 2119/687/1967
f 3464/1579/3115 6631/690/5475 330/804/314
f 2133/991/1981 5791/1486/1981 4184/1016/1981
f 2068/990/1916 2065/1580/1913 2066/374/1914
f 3432/1581/1927 6951/1582/1927 2079/1583/1927
f 154/1469/145 166/992/156 1066/1584/1013
f 1066/1584/1013 166/992/156 5705/1171/4838
f 151/436/142 2482/1585/2294 2484/1099/2296
f 3410/1105/3070 3839/1514/3420 3851/1455/3427
f 2439/1332/2257 3830/1331/3414 4904/1586/4255
f 4902/1587/4253 4906/1198/4257 2441/1197/2259
f 5734/1568/4861 5808/1588/4905 5780/1569/4890
f 1228/1498/1170 2232/1481/2075 5767/1483/4882
f 3877/1589/3449 5788/1590/3449 5792/1591/3449
f 5233/1254/4501 270/1256/255 266/1592/251
f 4259/1593/3748 4260/1219/3749 4614/1525/4024
f 6625/627/5470 6949/1594/5709 2117/1225/1965
f 5796/1528/4896 6610/1365/5458 2490/1595/2302
f 4230/1094/3734 3444/1366/3099 6632/1596/5476
f 1198/1597/1140 6633/1598/1140 4550/1599/1140
f 1197/1599/1139 6953/1600/5711 5774/1601/4885
f 571/1534/546 1508/1323/546 1848/1602/546
f 7148/1107/5857 4571/1603/3991 6955/1435/5713
f 326/1604/310 167/1020/157 325/872/309
f 6639/1385/5482 465/1605/444 4544/1377/3972
f 5195/1382/4471 2276/1606/2117 2249/1607/2090
f 1827/1608/1695 5781/1609/1695 5790/1610/1695
f 3010/1611/2753 2146/1356/1994 4889/1091/4241
f 5795/1553/4895 900/1517/864 3878/1612/3450
f 7073/1304/5800 529/555/507 531/1362/509
f 1589/1613/1483 7209/1614/5900 6612/1615/5459
f 531/1362/509 530/483/508 532/1013/510
f 4248/1616/638 5797/1617/638 669/1618/638
f 1128/1486/1073 4559/1619/3983 2080/1016/1928
f 2075/427/1923 2125/1620/1973 3430/1554/3089
f 3845/1017/3424 1237/1315/1179 4270/1532/3758
f 1847/1533/1711 4564/1621/1711 3848/1018/1711
f 145/1622/136 151/436/142 150/808/141
f 1197/1599/1139 115/1598/107 6953/1600/5711
f 2244/1326/2086 5244/1471/2086 3841/1623/2086
f 5245/1624/4507 5240/1625/4507 5247/1626/4507
f 1199/1627/1141 1347/1628/1279 1000/1629/956
f 3849/1602/3426 6645/1630/5487 7151/1534/5860
f 1147/1419/1092 3003/1376/2748 1199/1627/1141
f 3852/1455/3428 3840/1514/3421 3853/1631/3429
f 465/1605/444 3866/1279/3439 4544/1377/3972
f 4896/1236/4248 3865/1388/3438 6622/1632/5468
f 5768/1483/2074 5793/1633/2074 2231/1634/2074
f 3005/1520/1268 3008/1635/1268 1335/1521/1268
f 3443/1636/3098 7209/1614/5900 1589/1613/1483
f 2117/1225/1965 6949/1594/5709 2089/1637/1937
f 1560/1638/1462 1718/1639/1602 2491/1640/2303
f 2485/1641/2297 5796/1528/4896 2490/1595/2302
f 113/806/105 109/1642/101 116/1366/108
f 144/1643/135 147/864/138 146/559/137
f 5241/1471/4508 7084/1644/5807 3842/1623/3422
f 3012/1645/2755 167/1020/157 326/1604/310
f 770/1514/739 2247/1646/2088 3854/1631/3430
f 1977/1647/1830 1987/564/1839 4262/439/3751
f 5248/1626/1145 1203/1625/1145 3831/1648/1145
f 974/1649/931 2227/1650/2070 2226/1651/2069
f 5241/1383/4508 5195/1382/4471 2249/1607/2090
f 2184/1516/2031 2166/944/2013 2162/1213/2009
f 2157/1652/2005 2162/1213/2009 2142/1424/1990
f 1354/1539/1286 3857/1459/3433 5859/1653/4943
f 2477/1411/2289 4239/1538/3738 2492/1654/2304
f 5771/1655/4883 4556/1656/3982 1128/1657/1073
f 5842/918/4927 1547/629/1451 238/1658/223
f 3438/1659/3093 3442/1618/3097 3015/1660/2757
f 3015/1660/2757 3442/1618/3097 5798/1617/4897
f 2370/427/2200 4182/1016/3698 2528/1620/2334
f 148/811/139 147/864/138 144/1643/135
f 1000/1629/956 1147/1419/1092 1199/1627/1141
f 2513/1661/2322 5800/1373/4898 1147/1419/1092
f 5238/1175/4505 7151/1534/5860 3832/1662/3415
f 4595/1663/4010 6669/576/5505 1219/309/1161
f 3864/1664/1248 3514/1665/1248 1314/1666/1248
f 2182/1667/2029 2183/1668/2030 2184/1669/2031
f 708/1565/677 682/1473/651 706/1241/675
f 3004/1520/2749 5754/1476/4871 4909/1670/4259
f 681/1443/650 679/1671/648 678/1508/647
f 271/1480/256 5855/1566/4939 268/1672/253
f 3443/1636/3098 5819/1673/4914 7209/1614/5900
f 1128/1674/1073 4556/1675/3982 4559/1676/3983
f 1718/1639/1602 7153/1677/5862 2491/1640/2303
f 1385/965/1313 4561/632/3985 3468/1678/3119
f 152/301/143 154/1469/145 153/1679/144
f 3855/1680/3431 113/806/105 121/807/113
f 146/559/137 152/301/143 153/1679/144
f 1237/1315/1179 5249/1681/4511 4270/1532/3758
f 1972/971/1826 1967/1682/1821 3873/495/3445
f 6656/1683/5495 6929/309/5694 1988/1100/1840
f 3012/1645/2755 326/1604/310 3013/1684/2756
f 7148/1107/5857 6647/1685/5489 4571/1603/3991
f 2513/1661/2322 1147/1419/1092 4588/1686/4003
f 3832/1662/3415 7151/1534/5860 4905/1687/4256
f 5801/1390/4899 5251/1688/4513 6934/1391/5699
f 2184/1516/2031 2162/1213/2009 2157/1652/2005
f 5731/1479/4858 5786/1442/4893 3499/1689/3146
f 3876/1612/3448 5775/1517/4886 5840/1519/4925
f 5787/1690/4894 3879/1691/3451 1308/1692/1242
f 1228/1498/1170 5767/1483/4882 2230/1693/2073
f 6614/1461/5460 1034/1502/985 2495/1694/2307
f 4566/1695/3989 3016/1696/2758 5796/1528/4896
f 2068/990/1916 2119/687/1967 2088/1697/1936
f 3090/1642/2823 113/806/105 3855/1680/3431
f 3856/807/3432 126/1099/118 124/1585/116
f 5814/1698/4911 1146/1699/1091 6954/1700/5712
f 5814/1698/4911 6954/1700/5712 6634/1701/5477
f 4588/1686/4003 1147/1419/1092 1000/1629/956
f 4905/1687/4256 7151/1534/5860 6645/1630/5487
f 3441/1330/3096 1315/1702/1249 1746/1186/1627
f 4912/1191/4262 4910/1703/4260 4236/1188/3737
f 3858/1704/3434 5859/1653/4943 3857/1459/3433
f 3859/1705/3435 1228/1498/1170 2230/1693/2073
f 1287/1522/1224 6616/1524/5462 6648/1706/5490
f 6630/1543/5474 3452/1707/3105 5766/1460/4881
f 3843/1533/3423 4270/1532/3758 4563/1621/3987
f 2482/1585/2294 151/436/142 145/1622/136
f 6645/1630/5487 3849/1602/3426 4565/1708/3988
f 3023/1556/2764 1968/1709/1822 1984/570/1836
f 6635/1710/5478 465/1605/444 6639/1385/5482
f 3866/1279/3439 465/1605/444 4272/1711/3759
f 2497/1564/2309 707/1342/676 712/1535/681
f 2142/1424/1990 2146/1356/1994 2143/1712/1991
f 5767/1483/4882 5779/1634/4889 2230/1693/2073
f 4582/1713/3998 2146/1356/1994 3010/1611/2753
f 3019/1714/2760 674/1715/643 3437/1659/3092
f 6524/611/5397 58/1305/52 3054/1716/2791
f 3018/1714/642 673/1659/642 3014/1660/642
f 7209/1614/5900 5819/1673/4914 7152/1717/5861
f 1542/1512/1446 5803/1718/4901 324/738/308
f 970/1267/927 1148/1268/1093 2514/1719/2323
f 1746/1186/1627 1315/1702/1249 1744/1720/1625
f 2227/1650/2070 974/1649/931 5252/1721/4514
f 5241/1471/4508 2249/1722/2090 2248/1723/2089
f 709/1564/678 710/1724/679 708/1565/677
f 1030/1538/982 5235/1537/982 4936/1725/982
f 2143/1712/1991 2146/1356/1994 4276/1726/3763
f 4937/1727/4277 5233/1254/4501 266/1592/251
f 4263/1501/3752 3862/1728/3437 3861/478/3436
f 3436/1729/3091 3439/1730/3094 672/1731/641
f 4276/1726/3763 2146/1356/1994 4582/1713/3998
f 3453/1732/3106 4557/1656/3106 5772/1655/3106
f 3006/1520/2750 3020/1733/2761 3009/1635/2752
f 1388/1307/1315 1389/1734/1316 533/1308/511
f 7087/1735/5809 7073/1304/5800 535/1736/513
f 531/1362/509 535/1736/513 7073/1304/5800
f 533/1308/511 1389/1734/1316 4298/1737/3782
f 1142/1738/1087 532/1013/510 7156/1015/5864
f 4566/1695/3989 5796/1528/4896 2485/1641/2297
f 3427/1739/3087 719/378/688 3423/1263/3083
f 110/1680/102 3856/807/3432 124/1585/116
f 4269/1532/3757 4267/1740/3756 4562/1621/3986
f 5802/865/4900 2040/1741/1890 4913/693/4263
f 1984/570/1836 1968/1709/1822 1972/971/1826
f 6647/1685/5489 4572/1742/3992 4571/1603/3991
f 1238/1743/1180 3833/1744/1180 5804/1745/1180
f 3440/1437/3095 6621/1436/5467 2499/1746/2311
f 4236/1188/3737 4910/1703/4260 5815/1747/4912
f 398/1748/381 5731/1479/4858 3499/1689/3146
f 896/1749/860 1161/1750/1105 3043/1751/2781
f 5714/1255/4844 536/1500/514 2509/1752/2318
f 5809/1753/4906 2413/955/2235 5841/957/4926
f 1353/1670/1285 3021/1733/2762 1355/1520/1287
f 3469/1754/3120 1387/803/1314 2412/476/2234
f 2127/1582/1975 2076/1581/1924 2114/1755/1962
f 145/1622/136 150/808/141 148/811/139
f 1972/971/1826 1968/1709/1822 1967/1682/1821
f 4905/1687/4256 6645/1630/5487 6642/1756/5485
f 2040/1741/1890 4914/1757/4264 4913/693/4263
f 3022/1490/2763 5251/1493/4513 5253/1758/4515
f 6636/1759/5479 6638/1422/5481 486/1494/465
f 7149/1179/5858 643/1472/614 2521/1760/2329
f 4273/1761/3760 3513/1762/3158 432/1763/415
f 2182/1667/2029 2184/1669/2031 2177/1764/2024
f 2179/1765/2026 2184/1516/2031 2157/1652/2005
f 708/1565/677 684/1766/653 682/1473/651
f 5856/1496/4940 244/1495/229 1334/1767/1267
f 4265/1768/3754 6524/611/5397 3054/1716/2791
f 3436/1729/3091 672/1731/641 3443/1636/3098
f 3443/1636/3098 5898/1769/4965 5819/1673/4914
f 38/1770/33 39/1640/33 7154/1677/33
f 4568/1771/2299 2487/1772/2299 5816/1773/2299
f 6632/1596/5476 3444/1366/3099 92/1774/84
f 1542/1512/1446 2041/1775/1891 5803/1718/4901
f 5813/1776/4910 6632/1596/5476 5810/1777/4907
f 4915/1778/1707 4268/1740/1707 1841/1532/1707
f 4267/1779/3756 4575/1780/3994 4562/1781/3986
f 4576/1782/545 570/1630/545 1843/1708/545
f 1194/1783/1136 5833/1784/4922 5250/1743/4512
f 6929/309/5694 6656/1683/5495 4596/1663/4011
f 1194/1783/1136 5250/1743/4512 5805/1745/4902
f 6646/1785/5488 7149/1179/5858 2521/1760/2329
f 5862/1786/4946 5241/1471/4508 2248/1723/2089
f 2499/1746/2311 6621/1436/5467 2498/1787/2310
f 3834/1421/3416 872/1456/836 5878/1788/4954
f 873/1439/837 405/1789/388 4234/1440/3736
f 710/1724/679 684/1766/653 708/1565/677
f 3424/1473/3084 679/1671/648 681/1443/650
f 2503/1790/284 4240/1538/284 299/1725/284
f 3439/1730/3094 3032/1791/2771 672/1731/641
f 2082/1526/1930 5857/1092/4941 6652/1792/5492
f 3443/1636/3098 672/1731/641 5898/1769/4965
f 3868/1793/3441 674/1715/643 3019/1714/2760
f 670/1794/639 4569/1795/639 5820/1796/639
f 3448/1797/3103 7155/1717/5863 5818/1673/4913
f 5821/1798/4915 3016/1696/2758 4566/1695/3989
f 6949/1594/5709 3492/1799/3140 2089/1637/1937
f 5257/1800/2298 5817/1801/2298 2486/1802/2298
f 5258/1800/2301 2489/1802/2301 3451/1803/2301
f 109/1642/101 92/1774/84 116/1366/108
f 712/1535/681 3426/1492/3086 810/1804/775
f 137/1805/128 145/1622/136 148/811/139
f 5827/1806/4917 5828/1513/4918 6668/441/5504
f 5249/1681/4511 1836/1778/1703 4270/1532/3758
f 1967/1682/1821 3480/1807/3128 3873/495/3445
f 3024/1808/2765 1973/1809/1827 3023/1556/2764
f 1971/495/1825 3481/1647/3129 4261/439/3750
f 2040/1741/1890 333/1810/316 4914/1757/4264
f 6641/1811/5484 6646/1785/5488 2521/1760/2329
f 6666/1812/5502 3852/1455/3428 3853/1631/3429
f 684/1766/653 683/1813/652 3424/1473/3084
f 1308/1692/1242 3879/1691/3451 3484/1814/3132
f 6650/1815/854 890/1461/854 1032/1694/854
f 6630/1543/5474 6653/1816/5493 3452/1707/3105
f 3454/1817/3107 3869/1818/3107 4558/1819/3107
f 5818/1820/4913 5830/1821/4919 3448/1822/3103
f 3009/1635/2752 3020/1733/2761 4577/1823/3995
f 4583/1824/3999 1356/1635/1288 4578/1823/3996
f 671/1677/640 3445/1825/3100 2488/1770/2300
f 3464/1579/3115 330/804/314 332/1826/315
f 4559/1619/3983 1216/1827/1158 2080/1016/1928
f 2481/1508/2293 650/1828/621 5858/1429/4942
f 6655/1019/5494 2500/564/2312 2501/1829/2313
f 5834/1830/4923 1193/1831/1135 5249/1681/4511
f 7084/1644/5807 5241/1471/4508 5862/1786/4946
f 2247/1646/2088 4585/1832/4001 3854/1631/3430
f 1462/1833/1377 5812/1834/4909 4590/1835/4005
f 1462/1833/1377 4590/1835/4005 4589/1836/4004
f 641/1198/612 4903/1587/4254 5254/1837/4516
f 2497/1564/2309 713/1838/682 710/1724/679
f 3876/1612/3448 5840/1519/4925 3874/1839/3446
f 4239/1538/3738 2502/1790/2314 2492/1654/2304
f 3039/1840/2777 2230/1693/2073 5779/1634/4889
f 3455/1841/3108 2230/1693/2073 3039/1840/2777
f 237/1842/222 3863/1728/222 331/1501/222
f 5903/1843/4968 5831/1821/4920 4570/1844/3990
f 534/1845/512 531/1362/509 532/1013/510
f 2488/1770/2300 3445/1825/3100 3449/1846/3104
f 5829/1847/1438 1534/1801/1438 5259/1800/1438
f 3467/1848/3118 1385/965/1313 3468/1678/3119
f 4182/1016/3698 2529/1849/2335 2528/1620/2334
f 6655/1019/5494 2501/1829/2313 1220/1850/1162
f 1840/1779/1706 5864/1851/1706 4573/1780/1706
f 137/1805/128 148/811/139 144/1643/135
f 1193/1831/1135 1836/1778/1703 5249/1681/4511
f 3023/1556/2764 1973/1809/1827 1968/1709/1822
f 1971/495/1825 1970/1807/1824 3481/1647/3129
f 1169/1852/1113 5832/1853/4921 6956/1854/5714
f 6956/1854/5714 5832/1853/4921 5807/1855/4904
f 2513/1661/2322 4588/1686/4003 2510/1856/2319
f 254/1857/239 3022/1490/2763 5253/1758/4515
f 465/1605/444 4591/1858/4006 4272/1711/3759
f 2190/1859/2037 5252/1721/4514 974/1649/931
f 487/1438/466 775/1515/743 6664/1860/5500
f 5254/1837/4516 4903/1587/4254 2526/1861/2332
f 712/1535/681 715/1862/684 2497/1564/2309
f 323/1863/307 322/1864/306 567/1865/544
f 5754/1476/4871 5860/1866/4944 4909/1670/4259
f 3859/1705/3435 2230/1693/2073 3455/1841/3108
f 3032/1791/2771 3439/1730/3094 3870/1867/3442
f 5835/1868/2759 3017/1696/2759 5822/1798/2759
f 1529/1869/1435 3469/1754/3120 2412/476/2234
f 3872/1870/3444 2131/1676/1979 2130/1675/1978
f 1491/1871/1403 5260/1872/4517 1720/1873/1604
f 3886/1874/773 3428/1875/773 808/1876/773
f 4587/1832/4002 6665/1812/5501 771/1631/740
f 4574/1877/3993 2190/1859/2037 974/1649/931
f 6664/1878/5500 6952/1558/5710 487/1557/466
f 2276/1536/2117 2182/1343/2029 2177/1879/2024
f 710/1724/679 700/1880/669 684/1766/653
f 683/1813/652 679/1671/648 3424/1473/3084
f 6653/1816/5493 3457/1881/3110 3452/1707/3105
f 678/1508/647 679/1671/648 651/1882/622
f 535/1736/513 531/1362/509 534/1845/512
f 1167/1798/1111 4567/1695/1111 5256/1872/1111
f 5823/1798/4916 5260/1872/4517 1491/1871/1403
f 27/1883/23 36/1884/23 1605/1885/23
f 4560/1886/3984 5847/1887/4932 6733/1888/5551
f 154/1469/145 1066/1584/1013 1067/1889/1014
f 3880/1890/3452 3427/1739/3087 3423/1263/3083
f 3883/1891/3455 970/1267/927 630/1892/602
f 1989/1829/1841 1987/564/1839 1977/1647/1830
f 4587/1832/4002 5269/1893/4524 6665/1812/5501
f 630/1892/602 970/1267/927 2514/1719/2323
f 4592/1835/4007 5811/1834/4908 3025/1894/2766
f 3029/1895/2769 4592/1835/4007 3025/1894/2766
f 465/1605/444 631/1896/603 4593/1858/4008
f 4271/1897/1094 1149/1835/1094 3030/1895/1094
f 6664/1878/5500 6637/1898/5480 6952/1558/5710
f 716/1899/685 715/1862/684 712/1535/681
f 2177/1764/2024 2184/1669/2031 2179/1900/2026
f 6648/1706/5490 3875/1901/3447 1287/1522/1224
f 5855/1566/4939 1333/1902/1266 268/1672/253
f 5780/1569/4890 3055/1903/2792 3041/1904/2779
f 5809/1753/4906 5841/957/4926 5843/1905/4928
f 3860/1705/1931 2083/1841/1931 3458/1906/1931
f 3456/1817/3109 3038/1907/2776 3031/1908/2770
f 672/1731/641 5278/1909/4532 5898/1769/4965
f 3456/1817/3109 3031/1908/2770 1103/1818/1048
f 1353/1670/1285 3046/1910/2784 3021/1733/2762
f 5846/1911/4931 3871/1912/3443 1102/1913/1047
f 5838/1868/4924 1102/1913/1047 1101/1696/1046
f 5842/918/4927 238/1658/223 1548/1914/1452
f 5845/1915/4930 5848/1916/4933 2131/1676/1979
f 3872/1870/3444 5845/1915/4930 2131/1676/1979
f 4578/1823/3996 5851/1917/4936 4583/1824/3999
f 3446/1825/3101 3460/1918/3101 3450/1846/3101
f 2066/374/1914 57/1919/51 3462/1226/3113
f 153/1679/144 154/1469/145 156/1920/147
f 718/1739/687 3881/1890/3453 2543/1921/2348
f 140/1922/131 146/559/137 153/1679/144
f 5803/1718/4901 2041/1775/1891 334/1923/317
f 140/1922/131 144/1643/135 146/559/137
f 141/1924/132 2482/1585/2294 145/1622/136
f 3028/1894/106 114/1834/106 6658/1925/106
f 2510/1856/2319 4588/1686/4003 4594/1926/4009
f 465/1605/444 6635/1710/5478 631/1896/603
f 6660/1927/5498 5806/1928/4903 655/1662/625
f 6661/1929/5499 3834/1421/3416 5878/1788/4954
f 405/1789/388 5876/1930/4952 4234/1440/3736
f 715/1862/684 713/1838/682 2497/1564/2309
f 896/1749/860 3043/1751/2781 3042/1931/2780
f 2505/1932/1460 1557/1933/1460 2507/1934/1460
f 2509/1752/2318 536/1500/514 7086/1935/5808
f 672/1731/641 3032/1791/2771 5281/1909/4534
f 4579/1936/2785 3047/1937/2785 6654/1938/2785
f 5831/1821/4920 5903/1843/4968 5264/1939/4521
f 1357/1733/1283 1351/1910/1283 4581/1823/1283
f 5838/1868/4924 5846/1911/4931 1102/1913/1047
f 6652/1792/5492 5857/1092/4941 4580/1940/3997
f 1358/1940/1289 285/1092/270 5852/1941/4937
f 4274/1544/3761 1385/965/1313 1383/1848/1312
f 285/1092/270 3494/1942/3142 5852/1941/4937
f 1548/1914/1452 238/1658/223 234/1943/219
f 6683/1944/5516 5823/1798/4916 1491/1871/1403
f 1491/1871/1403 1720/1873/1604 1721/1945/1605
f 2117/1946/1965 2118/1947/1966 2119/1948/1967
f 2068/990/1916 2088/1697/1936 2065/1580/1913
f 3054/1716/2791 58/1305/52 3059/1949/2796
f 4278/1882/3765 650/1828/621 2481/1508/2293
f 2065/1580/1913 57/1919/51 2066/374/1914
f 5810/1777/4907 6632/1596/5476 92/1774/84
f 4932/1950/2822 3089/1951/2822 4586/1952/2822
f 7085/1953/741 4934/1950/741 772/1952/741
f 7084/1644/5807 5862/1786/4946 4931/1954/4275
f 5261/1955/4518 632/1956/604 2511/1957/2320
f 716/1899/685 712/1535/681 810/1804/775
f 2140/1958/1988 2157/1652/2005 2142/1424/1990
f 2234/1959/2077 1229/1705/1171 3459/1906/3111
f 287/1960/272 3048/1961/2786 2084/1962/1932
f 2084/1962/1932 3048/1961/2786 5844/1963/4929
f 2084/1962/1932 3035/1964/2773 3040/1965/2778
f 2084/1962/1932 5844/1963/4929 3035/1964/2773
f 5280/1966/4533 5837/1967/4533 5826/1968/4533
f 3053/1969/2790 3464/1579/3115 332/1826/315
f 2119/1948/1967 2118/1947/1966 2088/1970/1936
f 2125/1971/1973 3504/1972/3151 3430/1581/3089
f 1801/1973/1670 2041/1775/1891 1542/1512/1446
f 4587/1832/4002 3088/1974/2821 5269/1893/4524
f 1966/1975/1820 1967/1682/1821 1968/1709/1822
f 4930/1976/4274 5863/1977/4274 5268/1978/4274
f 6657/1979/5496 2511/1957/2320 3026/1980/2767
f 615/1978/462 483/1977/462 6663/1981/462
f 1581/1982/1477 2190/1859/2037 975/1877/932
f 6657/1979/5496 5261/1955/4518 2511/1957/2320
f 6669/1983/5505 4595/1984/4010 4597/1985/4012
f 464/1898/443 6667/1878/5503 481/1986/460
f 2512/1987/2321 4917/1988/4266 3027/1989/2768
f 481/1986/460 2512/1987/2321 464/1898/443
f 5806/1928/4903 6660/1927/5498 2538/1990/2343
f 484/1991/463 1461/1897/1376 1460/1895/1375
f 6662/1992/611 2525/1993/611 640/1994/611
f 5866/1995/4948 6641/1811/5484 2521/1760/2329
f 405/1789/388 3063/1996/2800 5876/1930/4952
f 700/1880/669 688/1997/657 684/1766/653
f 684/1766/653 687/1998/656 683/1813/652
f 3459/1962/3111 1525/1965/1431 3056/1999/2793
f 6672/2000/5506 5846/1911/4931 5838/1868/4924
f 3036/2001/2774 5839/1967/2774 5284/1966/2774
f 5282/2002/3467 5824/2003/3467 3898/2004/3467
f 3049/1910/844 3890/2005/844 880/1917/844
f 3048/1961/2786 5850/2006/4935 5844/1963/4929
f 3901/2007/3468 5825/1798/3468 5871/2008/3468
f 5853/1917/4000 5873/2009/4000 4584/1824/4000
f 5872/2008/4950 5823/1798/4916 6683/1944/5516
f 3463/2010/3114 3464/1579/3115 3053/1969/2790
f 2076/1581/1924 3502/1972/3149 2114/1755/1962
f 5810/1777/4907 92/1774/84 629/2011/601
f 137/1805/128 141/1924/132 145/1622/136
f 4266/1740/3755 1838/2012/1705 5865/2013/4947
f 3882/2014/3454 5261/1955/4518 6657/1979/5496
f 5865/2013/4947 1838/2012/1705 3626/2015/3248
f 1581/1982/1477 2199/2016/2046 2191/2017/2038
f 1968/1709/1822 1973/1809/1827 1966/1975/1820
f 5827/1806/4917 6668/441/5504 4598/2018/4013
f 2539/2019/2344 6957/2020/5715 1168/2021/1112
f 1090/1878/1037 5861/2022/4945 4916/1986/4265
f 1411/1927/1335 4905/1687/4256 6642/1756/5485
f 1459/1894/1374 484/1991/463 1460/1895/1375
f 6659/1992/5497 2532/2023/2338 2522/1993/2330
f 4273/1761/3760 4919/2024/4268 3513/1762/3158
f 5877/2025/4953 2532/2023/2338 6659/1992/5497
f 2532/2023/2338 5877/2025/4953 2516/2026/2325
f 2515/2027/2324 5879/2028/2324 2520/2029/2324
f 5880/2030/2333 5868/2031/2333 2527/2032/2333
f 3961/2033/3518 6623/1666/5469 430/1665/413
f 2139/2034/1987 2179/1765/2026 2157/1652/2005
f 2141/2035/1989 2142/1424/1990 2143/1712/1991
f 2234/2036/2077 3459/1962/3111 3056/1999/2793
f 5279/2037/2308 6649/2038/2308 2496/2039/2308
f 5887/2040/2772 3900/2041/2772 3033/2042/2772
f 5860/1866/4944 3050/1910/2787 4909/1670/4259
f 1524/2043/1430 3899/2044/1430 5836/2045/1430
f 3034/2046/843 879/2047/843 6671/2048/843
f 5831/1821/4920 3490/2049/3138 3447/1822/3102
f 4274/1544/3761 1383/1848/1312 4275/2050/3762
f 5854/1917/4938 4280/2051/3767 5875/2009/4951
f 6674/2052/5508 5852/1941/4937 3494/1942/3142
f 1216/1827/1158 2126/1849/1974 2080/1016/1928
f 2125/1971/1973 2126/2053/1974 3504/1972/3151
f 3884/2054/3456 3885/1874/3457 2544/1876/2349
f 138/2055/129 144/1643/135 140/1922/131
f 1193/1831/1135 7090/2056/5812 1836/1778/1703
f 2040/1741/1890 5882/2057/4955 333/1810/316
f 2512/1987/2321 481/1986/460 4917/1988/4266
f 2533/2058/2339 4941/2059/4280 2530/2060/2336
f 4941/2059/4280 2524/2061/2331 2530/2060/2336
f 4920/2062/2337 2534/2058/2337 2531/2060/2337
f 2532/2023/2338 2516/2026/2325 5867/2063/4949
f 4922/2062/1458 1555/2060/1458 5869/2064/1458
f 4921/2065/835 5881/2066/835 871/2067/835
f 1002/2068/289 1554/2062/289 304/2064/289
f 4951/2069/4290 2276/1536/2117 2177/1879/2024
f 2179/1900/2026 5883/2070/4956 2177/1764/2024
f 5780/1569/4890 5808/1588/4905 3055/1903/2792
f 3484/1814/3132 1306/2071/1240 1308/1692/1242
f 5899/2072/2306 5283/2037/2306 2494/2039/2306
f 5889/2073/2775 3037/2074/2775 6670/2075/2775
f 5264/1939/4521 3490/2049/3138 5831/1821/4920
f 3888/2005/3459 4280/2051/3767 5854/1917/4938
f 5850/2006/4935 6675/2076/5509 5844/1963/4929
f 5844/1963/4929 6675/2076/5509 5849/2077/4934
f 2117/1946/1965 2089/2078/1937 2118/1947/1966
f 1359/2079/1290 5874/2080/1290 3475/2081/1290
f 156/1920/147 154/1469/145 1067/1889/1014
f 110/1680/102 124/1585/116 123/2082/115
f 138/2055/129 137/1805/128 144/1643/135
f 3088/1974/2821 5884/2083/4957 5269/1893/4524
f 1193/1831/1135 455/2084/437 7090/2056/5812
f 2541/2085/2346 2483/1585/2295 141/1924/132
f 6677/2086/5511 6957/2020/5715 2539/2019/2344
f 4951/2087/4290 2177/1764/2024 2185/2070/2032
f 5808/1588/4905 3057/2088/2794 3055/1903/2792
f 5888/2089/4959 3894/2090/3464 3897/2091/3466
f 679/1671/648 680/2092/649 651/1882/622
f 6673/2093/5507 3893/2094/3463 1725/2089/1608
f 1529/1869/1435 5291/2095/4540 3469/1754/3120
f 3893/2094/3463 6673/2093/5507 30/2096/26
f 586/2097/561 6673/2093/5507 3904/2091/3471
f 1785/2000/34 40/1868/34 955/2007/34
f 5902/2098/1402 6684/2099/1402 1490/2100/1402
f 3074/2101/2810 5872/2008/4950 6683/1944/5516
f 534/1845/512 532/1013/510 1142/1738/1087
f 4276/1726/3763 4582/1713/3998 3474/2102/3123
f 2543/1921/2348 3881/1890/3453 804/2103/769
f 804/2103/769 3881/1890/3453 6960/2104/5718
f 141/1924/132 137/1805/128 135/2105/126
f 5272/2106/1713 5885/2107/1713 1850/2108/1713
f 7088/2109/5810 7090/2056/5812 455/2084/437
f 4266/1740/3755 1836/1778/1703 1838/2012/1705
f 5895/2110/4963 7089/2111/5811 6676/2112/5510
f 5895/2110/4963 5271/2113/4526 7089/2111/5811
f 5895/2110/4963 6676/2112/5510 2535/2114/2340
f 6644/1756/5486 4943/2115/4282 6660/1927/5498
f 6660/1927/5498 4943/2115/4282 2538/1990/2343
f 1313/2116/1247 1744/1720/1625 1315/1702/1249
f 2540/2117/2345 4923/2065/2345 3066/2067/2345
f 2523/2118/2326 4606/2119/2326 2517/2120/2326
f 700/1880/669 710/1724/679 711/2121/680
f 2147/2122/1995 5883/2070/4956 2179/1900/2026
f 2140/1958/1988 2139/2034/1987 2157/1652/2005
f 684/1766/653 688/1997/657 687/1998/656
f 2140/1958/1988 2142/1424/1990 2141/2035/1989
f 3892/2094/3462 3894/2090/3464 5888/2089/4959
f 4924/2123/4269 3891/2124/3461 1504/2125/1415
f 3887/2126/3458 1504/2125/1415 3891/2124/3461
f 1503/2127/1414 3893/2094/3463 30/2096/26
f 30/2096/26 6673/2093/5507 586/2097/561
f 3045/1910/2783 3044/2128/2782 3889/2005/3460
f 6685/2099/4519 5265/2129/4519 5262/2100/4519
f 288/2130/273 3487/2131/3135 1217/2132/1159
f 2126/1849/1974 3994/2133/3544 3504/2134/3151
f 3051/2135/2788 3054/1716/2791 3059/1949/2796
f 3486/2136/3134 6674/2052/5508 3494/1942/3142
f 1809/2137/1678 971/2138/928 629/2011/601
f 4947/2139/4286 629/2011/601 92/1774/84
f 3088/1974/2821 6694/2140/5523 5884/2083/4957
f 7088/2108/5810 5886/2107/4958 7090/2141/5812
f 5890/2142/4960 5270/2143/4525 5896/2144/4964
f 2147/2145/1995 2179/1765/2026 2139/2034/1987
f 1506/2146/1416 4925/2147/1416 3896/2148/1416
f 2143/1712/1991 4276/1726/3763 2144/2149/1992
f 5860/1866/4944 5289/2150/4539 3050/1910/2787
f 4280/2051/3767 3906/2151/3473 5875/2009/4951
f 3052/2152/2789 3463/2010/3114 3053/1969/2790
f 4277/2153/3764 2553/2154/2356 3495/2155/3143
f 3884/2054/3456 2544/1876/2349 2542/2156/2347
f 1859/2107/1720 5905/2157/4969 7091/2141/5813
f 123/2082/115 124/1585/116 128/2085/120
f 5861/2022/4945 7162/2158/5867 4916/1986/4265
f 5897/2159/1459 1556/2160/1459 7159/2161/1459
f 713/1838/682 711/2121/680 710/1724/679
f 5860/1866/4944 5288/2162/4538 5289/2150/4539
f 3895/2148/3465 6678/2163/5512 3902/2164/3469
f 1504/2125/1415 4284/2165/3770 4924/2123/4269
f 3903/2164/3470 5273/2166/4527 5277/2167/4531
f 2493/1654/2305 2504/1790/2315 5274/2168/4528
f 2493/1654/2305 5274/2168/4528 5900/2169/4966
f 3050/1910/2787 5289/2150/4539 1349/2128/1281
f 3908/2151/3475 3889/2005/3460 3044/2128/2782
f 545/2170/523 7087/1735/5809 535/1736/513
f 3467/1848/3118 3468/1678/3119 3465/2171/3116
f 807/2172/772 716/1899/685 810/1804/775
f 106/2173/98 110/1680/102 123/2082/115
f 1967/1682/1821 1966/1975/1820 1965/2174/1819
f 5270/2143/4525 5890/2142/4960 4929/2175/4273
f 3470/2176/3121 3013/1684/2756 326/1604/310
f 7158/2161/2341 2536/2160/2341 5904/2177/2341
f 4940/2178/4279 4605/2179/4019 1599/2180/1492
f 2276/2181/2117 2248/1723/2089 2249/1722/2090
f 687/1998/656 686/2182/655 683/1813/652
f 5860/2183/4944 1815/2184/1684 3058/2185/2795
f 1505/2147/916 4285/2186/916 954/2148/916
f 4284/2165/3770 3887/2126/3458 3909/2187/3476
f 4956/2188/4294 5263/2189/4520 5266/2190/4522
f 3905/2191/3472 4279/2192/3766 3074/2101/2810
f 3074/2101/2810 4279/2192/3766 5872/2008/4950
f 2145/1726/1993 3473/2102/1993 3471/2193/1993
f 288/2130/273 3485/2194/3133 3487/2131/3135
f 2089/1637/1937 3491/2195/3139 2118/2196/1966
f 2155/2197/2003 2156/2081/2004 1156/2080/1100
f 2546/2198/1311 1382/2171/1311 1384/1678/1311
f 3090/1642/2823 3855/1680/3431 5267/2173/4523
f 136/2199/127 137/1805/128 138/2055/129
f 1809/2137/1678 629/2011/601 4947/2139/4286
f 4916/1986/4265 7162/2158/5867 5908/2200/4972
f 254/1857/239 5253/1758/4515 3910/2201/3477
f 4916/1986/4265 5909/2202/4973 4918/1988/4267
f 5910/2203/4974 3513/1762/3158 4919/2024/4268
f 5288/2204/4538 5860/2183/4944 3058/2185/2795
f 442/2205/425 6678/2163/5512 3895/2148/3465
f 1504/2125/1415 3887/2126/3458 4284/2165/3770
f 680/2092/649 696/2206/665 651/1882/622
f 2144/2149/1992 4276/1726/3763 3472/2193/3122
f 3074/2101/2810 6683/1944/5516 6686/2207/5517
f 5291/2095/4540 2545/2208/2350 3469/1754/3120
f 5847/1887/4932 593/2209/568 6733/1888/5551
f 3486/2136/3134 3494/1942/3142 647/2210/618
f 2088/1697/1936 2059/2211/1907 2065/1580/1913
f 140/1922/131 153/1679/144 85/2212/78
f 1965/2174/1819 617/2213/590 1967/1682/1821
f 7090/2056/5812 7173/2214/5875 1836/1778/1703
f 1836/1778/1703 7173/2214/5875 1837/2215/1704
f 4929/2175/4273 5890/2142/4960 4926/2216/4270
f 5884/2083/4957 6694/2140/5523 5892/2217/4962
f 5893/2218/436 454/2159/436 7157/2161/436
f 5862/1786/4946 2248/1723/2089 6696/2219/5524
f 5252/1721/4514 2190/1859/2037 1676/2220/1565
f 4916/1986/4265 5908/2200/4972 5909/2202/4973
f 2147/2145/1995 2139/2034/1987 2135/2221/1983
f 4938/2222/984 1033/1790/984 4935/1725/984
f 6651/1706/5491 891/2223/855 889/2224/853
f 4282/2186/3769 442/2205/425 3895/2148/3465
f 6680/2163/5514 5273/2166/4527 3903/2164/3470
f 1548/1914/1452 234/1943/219 6692/2225/5521
f 5275/2168/4529 6687/2226/5518 5901/2169/4967
f 5901/2169/4967 6687/2226/5518 28/2227/24
f 135/2105/126 137/1805/128 136/2199/127
f 5286/2228/4536 6959/2137/5717 4948/2139/4287
f 251/2229/236 6763/2230/5568 253/2231/238
f 4910/1703/4260 2642/2232/2433 5815/1747/4912
f 2498/1787/2310 6621/1436/5467 825/2233/790
f 2178/2087/2025 5883/2070/4956 2147/2122/1995
f 2141/2035/1989 2143/1712/1991 2144/2149/1992
f 683/1813/652 686/2182/655 679/1671/648
f 679/1671/648 686/2182/655 680/2092/649
f 4939/2234/4278 4937/1727/4277 266/1592/251
f 6692/2225/5521 234/1943/219 4626/2235/4036
f 4601/2236/4015 3907/2237/3474 4603/2238/4017
f 4603/2239/4017 3907/2191/3474 3075/2101/2811
f 2126/1849/1974 2113/2240/1961 3994/2133/3544
f 2573/2241/2376 2088/1697/1936 2048/2242/1897
f 3051/2135/2788 3059/1949/2796 3076/2243/2812
f 3076/2243/2812 3059/1949/2796 56/2244/50
f 138/2055/129 140/1922/131 139/2245/130
f 1859/2107/1720 5891/2246/4961 5905/2157/4969
f 773/2247/557 582/2248/557 666/2249/557
f 2139/2034/1987 2140/1958/1988 2138/2250/1986
f 4297/2251/3781 3875/1901/3447 6648/1706/5490
f 1333/1902/1266 267/2252/252 268/1672/253
f 2504/1790/2315 869/2253/833 5274/2168/4528
f 5293/2254/4542 5809/1753/4906 5843/1905/4928
f 5293/2254/4542 5843/1905/4928 1178/2255/1122
f 560/2256/537 2509/1752/2318 7086/1935/5808
f 31/2237/27 443/2236/27 4283/2257/27
f 4281/2258/3768 4602/2238/4016 6682/2259/5515
f 5264/1939/4521 4961/2260/4298 3490/2049/3138
f 445/2257/427 4600/2236/4014 4281/2258/3768
f 4281/2258/3768 4600/2236/4014 4602/2238/4016
f 7087/1735/5809 545/2170/523 6711/2261/5535
f 696/2206/665 649/2262/620 651/1882/622
f 1549/2263/1453 3463/2010/3114 3052/2152/2789
f 3549/2264/3187 4933/2175/4276 4928/2216/4272
f 804/2265/769 6960/2266/5718 5912/2267/4976
f 141/1924/132 135/2105/126 131/2268/122
f 1967/1682/1821 3476/2269/3124 3480/1807/3128
f 4927/2270/4271 5894/2271/4271 6695/2272/4271
f 5286/2228/4536 5911/2273/4975 6959/2137/5717
f 6656/1683/5495 5920/2274/4984 4596/1663/4011
f 5861/2022/4945 2270/2275/2111 7162/2158/5867
f 1581/1982/1477 2191/2017/2038 2190/1859/2037
f 7161/2276/5866 5913/2277/4977 482/2278/461
f 4940/2178/4279 4609/2279/4020 4605/2179/4019
f 1744/1720/1625 1313/2116/1247 1745/2280/1626
f 4610/2281/4021 2537/2117/2342 3065/2067/2802
f 2248/1723/2089 2276/2181/2117 2250/2282/2091
f 4956/2188/4294 4959/2283/4296 5263/2189/4520
f 2046/2284/1895 2118/2196/1966 3491/2195/3139
f 2088/1697/1936 2118/2196/1966 2048/2242/1897
f 617/2213/590 3476/2269/3124 1967/1682/1821
f 1970/1807/1824 3477/2269/3125 3481/1647/3129
f 1345/1984/1278 5924/2285/1278 4599/1985/1278
f 4942/2115/4281 6643/1756/4281 5926/2286/4281
f 405/1789/388 3060/2287/2797 3063/1996/2800
f 2138/2250/1986 2135/2221/1983 2139/2034/1987
f 688/1997/657 689/2288/658 687/1998/656
f 896/1749/860 3042/1931/2780 3067/2289/2803
f 1306/2071/1240 3484/1814/3132 3482/2290/3130
f 3927/2291/3492 5276/2292/4530 6958/2293/5716
f 6680/2163/5514 6688/2294/5519 5273/2166/4527
f 4259/1593/3748 4614/1525/4024 4613/2295/4023
f 1349/2128/1281 5289/2150/4539 3069/2296/2805
f 592/2297/567 1213/2298/1155 3488/2299/3136
f 1216/1827/1158 2113/2240/1961 2126/1849/1974
f 2597/2300/2398 3486/2136/3134 647/2210/618
f 2065/1580/1913 2563/2301/2366 57/1919/51
f 156/1920/147 1067/1889/1014 1068/2302/1015
f 5906/2303/4970 5914/2304/4978 1845/2056/1709
f 2541/2085/2346 141/1924/132 131/2268/122
f 4946/2139/4285 4944/2305/4283 5285/2228/4535
f 482/2278/461 5913/2277/4977 633/2306/605
f 5913/2277/4977 91/2307/83 633/2306/605
f 5907/2308/4971 2537/2117/2342 4610/2281/4021
f 715/1862/684 717/2309/686 713/1838/682
f 2138/2250/1986 2140/1958/1988 2141/2035/1989
f 594/2310/569 1816/2311/1685 4291/2312/3776
f 1350/2313/1282 5290/2314/1282 5932/2315/1282
f 595/2314/570 594/2310/569 5931/2315/4988
f 5931/2315/4988 594/2310/569 4291/2312/3776
f 5928/2315/4987 4290/2312/3775 592/2297/567
f 592/2297/567 4290/2312/3775 1213/2298/1155
f 1722/2316/1606 3461/1918/3112 1719/1825/1603
f 3072/2317/2808 3074/2101/2810 6686/2207/5517
f 240/2318/225 373/2319/356 233/2152/218
f 1836/1778/1703 1837/2215/1704 1838/2012/1705
f 3024/1808/2765 255/2320/240 1973/1809/1827
f 5287/2321/4537 3508/2322/3154 5910/2203/4974
f 5915/2323/4979 5907/2308/4971 4610/2281/4021
f 4611/2281/4022 3064/2067/2801 3077/2324/2813
f 716/1899/685 717/2309/686 715/1862/684
f 2250/2282/2091 2276/2181/2117 2269/2325/2110
f 713/1838/682 714/2326/683 711/2121/680
f 5917/2327/4981 398/1748/381 3499/1689/3146
f 3492/1799/3140 3491/2195/3139 2089/1637/1937
f 3931/2328/3496 4298/1737/3782 1389/1734/1316
f 4958/2329/4295 1491/1871/1403 1721/1945/1605
f 3491/2195/3139 3106/2330/2835 2046/2284/1895
f 3906/2151/3473 5918/2331/4982 5875/2009/4951
f 2553/2154/2356 3493/2332/3141 3495/2155/3143
f 139/2245/130 140/1922/131 85/2212/78
f 6700/2333/2328 5870/1995/2328 2519/2334/2328
f 2269/2325/2110 2276/2181/2117 4951/2335/4290
f 711/2121/680 690/2336/659 700/1880/669
f 322/1864/306 888/2337/852 567/1865/544
f 6651/1706/5491 889/2224/853 3929/2338/3494
f 1307/2339/1241 1306/2071/1240 3482/2290/3130
f 7160/2340/5865 242/1735/227 546/2261/524
f 535/1736/513 534/1845/512 544/2341/522
f 2155/2197/2003 1156/2080/1100 5919/2342/4983
f 1549/2263/1453 3052/2152/2789 5294/2319/4543
f 3496/2343/3144 4286/2344/3771 2501/1829/2313
f 804/2265/769 5912/2267/4976 4631/2345/4041
f 4947/2139/4286 92/1774/84 844/2346/808
f 4949/2347/4288 2178/2069/2025 2147/2145/1995
f 869/2253/833 2504/1790/2315 300/2222/285
f 4296/2251/3780 1492/1706/1404 3930/2338/3495
f 301/2348/286 4259/1593/3748 4613/2295/4023
f 4618/2349/4028 4952/2350/4291 3489/2209/3137
f 543/2351/521 534/1845/512 1142/1738/1087
f 3906/2151/3473 6725/2352/5546 5918/2331/4982
f 4953/2350/4292 6733/1888/5551 593/2209/568
f 2118/2196/1966 2046/2284/1895 2048/2242/1897
f 6656/1683/5495 4287/2353/3772 5920/2274/4984
f 3096/2346/82 89/2305/82 90/2139/82
f 123/2082/115 128/2085/120 3137/2354/2860
f 1973/1809/1827 1964/2355/1818 1966/1975/1820
f 5925/2356/1382 4612/2357/1382 1467/2358/1382
f 6641/1811/5484 5866/1995/4948 6699/2333/5527
f 2190/1859/2037 4990/2359/4318 1676/2220/1565
f 711/2121/680 714/2326/683 3501/2360/3148
f 5963/2361/5012 4939/2234/4278 266/1592/251
f 4288/2362/3773 3057/2088/2794 3914/2363/3481
f 6679/2364/5513 6703/2365/5513 6690/2366/5513
f 6691/2366/5520 2292/2367/2133 4960/2368/4297
f 396/2363/379 4615/2369/4025 4289/2362/3774
f 397/2370/380 4616/2371/4026 4619/2372/4029
f 4616/2371/4026 4620/2373/4030 4619/2372/4029
f 4961/2260/4298 6705/2374/5530 3490/2049/3138
f 6681/2375/426 444/2376/426 3955/2377/426
f 1722/2316/1606 6708/2378/5532 3461/1918/3112
f 4618/2349/4028 4621/2379/4031 4952/2350/4291
f 1570/2380/1470 6689/2366/1470 1571/2368/1470
f 16/2317/14 956/2207/14 4957/2329/14
f 2065/1580/1913 2059/2211/1907 2563/2301/2366
f 3088/1974/2821 3086/2381/2819 6694/2140/5523
f 80/2382/73 138/2055/129 139/2245/130
f 4622/2383/4032 613/2384/587 4624/2385/4034
f 5285/2228/4535 4944/2305/4283 3510/2386/3155
f 6698/2387/5526 5927/2286/4986 302/1756/287
f 572/2333/547 2518/2334/2327 5948/2388/5002
f 680/2092/649 693/2389/662 696/2206/665
f 4604/2239/4018 29/2101/25 3073/2317/2809
f 4958/2329/4295 1721/1945/1605 6706/2390/5531
f 2057/2241/1905 2059/2211/1907 2088/1697/1936
f 2501/1829/2313 4286/2344/3771 1220/1850/1162
f 613/2384/587 1587/2391/1481 4624/2385/4034
f 1757/2392/1637 5915/2323/4979 4610/2281/4021
f 700/1880/669 690/2336/659 688/1997/657
f 2148/2393/1996 2141/2035/1989 2144/2149/1992
f 897/2394/861 3911/2395/3478 5808/1588/4905
f 5808/1588/4905 3911/2395/3478 3057/2088/2794
f 3933/2396/3497 4275/2050/3762 1383/1848/1312
f 543/2351/521 1142/1738/1087 4300/2397/3784
f 157/2398/148 156/1920/147 1068/2302/1015
f 136/2199/127 138/2055/129 80/2382/73
f 5827/1806/4917 4598/2018/4013 7164/2399/5869
f 1973/1809/1827 255/2320/240 1982/2400/1834
f 621/2401/593 1346/2402/593 5922/2403/593
f 3508/2322/3154 7165/2404/5870 5910/2203/4974
f 4607/2119/1491 5949/2405/1491 1598/2120/1491
f 716/1899/685 754/2406/723 717/2309/686
f 717/2309/686 714/2326/683 713/1838/682
f 2269/2325/2110 4951/2335/4290 2137/2407/1985
f 5917/2327/4981 3499/1689/3146 3500/2408/3147
f 888/2337/852 3483/2409/3131 567/1865/544
f 680/2092/649 686/2182/655 693/2389/662
f 6701/2365/5528 2292/2367/2133 6691/2366/5520
f 3070/2410/2806 5929/2411/2806 6961/2412/2806
f 6962/2412/1198 5930/2411/1198 1259/2413/1198
f 6702/2414/1472 1573/2375/1472 3954/2377/1472
f 4617/2371/4027 4310/2415/3787 1215/2373/1157
f 290/2416/275 3486/2136/3134 2597/2300/2398
f 544/2341/522 534/1845/512 543/2351/521
f 3044/2128/2782 6723/2352/5545 3908/2151/3475
f 2144/2149/1992 3472/2193/3122 6716/2417/5540
f 5827/1806/4917 7164/2399/5869 5933/2418/4989
f 5914/2304/4978 7174/2214/5876 1845/2056/1709
f 1965/2174/1819 6704/2419/5529 617/2213/590
f 3501/2360/3148 690/2336/659 711/2121/680
f 4310/2415/3787 4954/2420/4293 1215/2373/1157
f 545/2170/523 535/1736/513 544/2341/522
f 6692/2225/5521 4626/2235/4036 3564/2421/3198
f 3502/2134/3149 2051/2195/1900 2114/1799/1962
f 1549/2263/1453 5294/2319/4543 372/2422/355
f 157/2398/148 153/1679/144 156/1920/147
f 1989/1829/1841 1977/1647/1830 3497/2343/3145
f 3505/2423/3152 4945/2424/4284 3095/2425/2828
f 3507/2426/3153 4945/2424/4284 3505/2423/3152
f 3509/2426/2830 3506/2423/2830 3098/2427/2830
f 2270/2275/2111 4629/2428/4039 7162/2158/5867
f 5936/2429/4992 5915/2323/4979 1757/2392/1637
f 5910/2203/4974 3511/2430/3156 3513/1762/3158
f 3077/2431/2813 3064/1996/2801 3061/2287/2798
f 3930/2338/3495 4292/2432/3777 4296/2251/3780
f 888/2337/852 5934/2433/4990 3483/2409/3131
f 4962/2434/4299 5956/2435/4299 6707/2436/4299
f 3957/2437/3514 4604/2239/4018 3073/2317/2809
f 3931/2328/3496 4299/2438/3783 4298/1737/3782
f 1383/1848/1312 6710/2439/5534 3933/2396/3497
f 1383/1848/1312 3466/2171/3117 6710/2439/5534
f 3497/2343/3145 1977/1647/1830 3478/2269/3126
f 3517/2440/3160 3515/2441/3159 5916/2304/4980
f 4336/2442/3806 3470/2176/3121 326/1604/310
f 714/2326/683 717/2309/686 752/2443/721
f 2137/2407/1985 4951/2335/4290 4950/2444/4289
f 888/2337/852 4294/2445/3778 5934/2433/4990
f 896/1749/860 3067/2289/2803 563/2446/540
f 3068/2339/2804 566/2290/543 319/2447/303
f 3950/2448/3509 6967/2449/5721 1342/2450/1275
f 5291/2095/4540 2548/2451/2352 2545/2208/2350
f 373/2452/356 240/2453/225 4357/2454/3824
f 85/2212/78 153/1679/144 3123/2455/2849
f 85/2212/78 80/2382/73 139/2245/130
f 841/2456/805 1224/2423/1166 3092/2425/2825
f 1965/2174/1819 2558/2457/2361 6704/2419/5529
f 3518/2458/3161 1823/2459/1691 5935/2460/4991
f 333/1810/316 1069/2461/1016 4914/1757/4264
f 3100/2462/1167 7166/2404/1167 1225/2322/1167
f 7163/2463/5868 619/2464/592 3916/2465/3483
f 3916/2465/3483 619/2464/592 2561/2466/2364
f 2642/2232/2433 870/2467/834 5815/1747/4912
f 4949/2347/4288 2147/2145/1995 2135/2221/1983
f 5296/2468/4545 869/2253/833 300/2222/285
f 3057/2088/2794 3911/2395/3478 3914/2363/3481
f 6968/2469/5722 4970/2470/4306 6701/2365/5528
f 6701/2365/5528 4970/2470/4306 2292/2367/2133
f 5292/2471/4541 6693/2472/5522 5943/2473/4998
f 3952/2474/3511 3950/2448/3509 1342/2450/1275
f 3503/2134/3150 3915/2475/3482 3491/2195/3139
f 3564/2421/3198 4626/2235/4036 4627/2476/4037
f 131/2268/122 135/2105/126 6098/2477/5106
f 3515/2441/3159 7171/2214/5874 5916/2304/4980
f 1966/1975/1820 1964/2355/1818 1965/2174/1819
f 1982/2400/1834 1964/2355/1818 1973/1809/1827
f 634/2158/464 4632/2428/464 485/2478/464
f 5940/2479/4996 3518/2458/3161 5935/2460/4991
f 616/2480/589 619/2464/592 3479/2481/3127
f 3919/2482/3486 5927/2286/4986 6698/2387/5526
f 616/2480/589 2561/2466/2364 619/2464/592
f 1466/2279/1381 3081/2483/1381 4608/2179/1381
f 3079/2483/1380 5946/2484/1380 1465/2179/1380
f 430/1665/413 3512/2485/3157 3961/2033/3518
f 687/1998/656 691/2486/660 686/2182/655
f 303/2487/288 3927/2291/3492 6958/2293/5716
f 3068/2339/2804 319/2447/303 4333/2488/3803
f 5942/2489/4997 1176/2490/1120 5943/2473/4998
f 5943/2473/4998 1176/2490/1120 5292/2471/4541
f 4306/2491/3786 4615/2369/4025 396/2363/379
f 6712/2492/5536 7160/2340/5865 546/2261/524
f 4305/2493/385 4309/2415/385 402/2371/385
f 4357/2454/3824 4000/2494/3550 373/2452/356
f 3957/2437/3514 3073/2317/2809 4958/2329/4295
f 6715/2495/5539 2155/2197/2003 5919/2342/4983
f 2551/2496/2354 153/1679/144 157/2398/148
f 2041/2497/1891 1801/2498/1670 1538/2499/1442
f 807/2172/772 754/2406/723 716/1899/685
f 3549/2264/3187 4928/2216/4272 4623/2500/4033
f 841/2456/805 3097/2427/2829 1224/2423/1166
f 2199/2016/2046 2192/2501/2039 2191/2017/2038
f 1965/2174/1819 1964/2355/1818 2558/2457/2361
f 6697/2502/5525 616/2480/589 3479/2481/3127
f 1975/2503/1828 616/2480/589 6697/2502/5525
f 1975/2503/1828 2559/2504/2362 616/2480/589
f 3479/2481/3127 619/2464/592 5921/2505/4985
f 619/2464/592 7163/2463/5868 5921/2505/4985
f 1186/2506/1130 3521/2507/3164 3917/2508/3484
f 7165/2404/5870 3511/2430/3156 5910/2203/4974
f 2252/2509/2093 2250/2282/2091 2269/2325/2110
f 4939/2234/4278 5963/2361/5012 5295/2510/4544
f 2148/2393/1996 2144/2149/1992 6716/2417/5540
f 4306/2491/3786 396/2363/379 3913/2395/3480
f 5942/2489/4997 3083/2511/2816 1176/2490/1120
f 1176/2490/1120 3083/2511/2816 1141/2512/1086
f 4304/2513/3785 4301/2514/3785 4308/2515/3785
f 1141/2512/1086 6709/2516/5533 1176/2490/1120
f 3044/2128/2782 3071/2296/2807 6723/2352/5545
f 6710/2439/5534 3466/2171/3117 311/2198/295
f 2553/2154/2356 2552/2517/2355 3493/2332/3141
f 2270/2275/2111 4633/2518/4042 4629/2428/4039
f 3921/2519/3488 3919/2482/3486 6698/2387/5526
f 2559/2504/2362 2561/2466/2364 616/2480/589
f 3080/2520/2815 3920/2521/3487 5947/2522/5001
f 5950/2523/5003 572/2333/547 5948/2388/5002
f 6696/2219/5524 2248/1723/2089 2251/2524/2092
f 2251/2524/2092 2248/1723/2089 2250/2282/2091
f 752/2443/721 717/2309/686 754/2406/723
f 714/2326/683 3519/2525/3162 3501/2360/3148
f 689/2288/658 691/2486/660 687/1998/656
f 898/2526/862 896/1749/860 563/2446/540
f 4293/2432/3493 3928/2338/3493 4311/2527/3493
f 3926/2291/3177 5297/2487/3177 3537/2528/3177
f 7093/2529/764 6969/2530/764 799/2531/764
f 3085/2532/2818 3083/2511/2816 5942/2489/4997
f 6714/2492/5538 6711/2261/5535 3990/2533/3540
f 1176/2490/1120 2549/2534/2353 310/2471/294
f 6711/2261/5535 545/2170/523 6982/2535/5733
f 3084/2536/2817 3934/2537/2817 3932/2538/2817
f 4299/2438/3783 3931/2328/3496 3935/2539/3498
f 80/2382/73 135/2105/126 136/2199/127
f 6694/2140/5523 2599/2540/2400 4625/2541/4035
f 2541/2085/2346 131/2268/122 127/2354/119
f 1969/2481/1823 5923/2505/1823 3498/2542/1823
f 7164/2399/5869 3918/2543/3485 3946/2544/3505
f 3520/2545/3163 3521/2507/3164 1186/2506/1130
f 3917/2508/3484 3521/2507/3164 3949/2546/3508
f 5947/2522/5001 3920/2521/3487 3923/2547/3490
f 690/2336/659 689/2288/658 688/1997/657
f 2509/1752/2318 560/2256/537 561/2548/538
f 4314/2549/3789 1174/2550/1118 5944/2551/4999
f 2565/2552/2368 3085/2532/2818 5942/2489/4997
f 560/2256/537 6713/2553/5537 561/2548/538
f 3957/2437/3514 4958/2329/4295 6065/2554/5085
f 5955/2555/5007 1204/2556/1146 26/2557/22
f 1176/2490/1120 6709/2516/5533 2549/2534/2353
f 693/2389/662 649/2262/620 696/2206/665
f 614/1950/588 3551/2558/3188 1724/1951/1607
f 1724/1951/1607 3551/2558/3188 3087/2559/2820
f 78/2560/71 80/2382/73 85/2212/78
f 6972/2561/5724 2557/2562/2360 3105/2563/2834
f 3516/2564/1712 1849/2565/1712 5941/2566/1712
f 846/2383/810 847/2385/811 612/2567/586
f 2554/2568/2357 1975/2503/1828 2556/2569/2359
f 1998/2542/1574 1686/2505/1574 1990/2570/1574
f 2554/2568/2357 2559/2504/2362 1975/2503/1828
f 5933/2418/4989 7164/2399/5869 3946/2544/3505
f 3921/2519/3488 6698/2387/5526 3556/2571/3191
f 3099/2462/414 3530/2572/414 431/2404/414
f 5939/2573/4995 5927/2286/4986 3937/2574/3500
f 5927/2286/4986 3919/2482/3486 3937/2574/3500
f 3941/2575/548 573/2576/548 3082/2577/548
f 1313/2116/1247 5299/2578/4546 1745/2280/1626
f 2251/2524/2092 2250/2282/2091 2252/2509/2093
f 2135/2221/1983 2138/2250/1986 2136/2579/1984
f 5298/2580/3175 3534/2581/3175 3536/2582/3175
f 5981/2583/5027 5945/2584/5000 3565/2585/3199
f 866/2586/830 5295/2510/4544 5963/2361/5012
f 3526/2587/3168 1174/2550/1118 4314/2549/3789
f 4316/2588/3791 5945/2584/5000 5981/2583/5027
f 3564/2421/3198 802/2589/767 6692/2225/5521
f 4315/2590/3790 5980/2591/3790 5302/2592/3790
f 3990/2533/3540 6711/2261/5535 6982/2535/5733
f 804/2265/769 4631/2345/4041 6738/2593/5554
f 6098/2477/5106 135/2105/126 80/2382/73
f 3105/2563/2834 6732/2594/5550 6972/2561/5724
f 620/2562/591 6971/2561/591 618/2595/591
f 1846/2596/1710 1091/2597/1038 7170/2598/5873
f 7170/2598/5873 1091/2597/1038 5937/2599/4993
f 746/2525/715 721/2600/690 748/2360/717
f 748/2360/717 721/2600/690 690/2336/659
f 2506/1932/2316 2508/1934/2317 241/2601/226
f 4312/2602/832 868/2291/832 3538/2528/832
f 3526/2587/3168 801/2603/766 1174/2550/1118
f 1410/2469/1334 7092/2604/1334 4971/2470/1334
f 2207/2605/2054 301/2348/286 4613/2295/4023
f 3936/2539/3499 5953/2606/5005 1143/2438/1088
f 6963/2607/5719 6723/2352/5545 3071/2296/2807
f 693/2389/662 646/2608/617 649/2262/620
f 6726/2352/1284 6717/2609/1284 1352/2331/1284
f 2547/2610/2351 2550/2611/2351 7167/2612/2351
f 2059/2211/1907 2562/2613/2365 2563/2301/2366
f 108/2614/100 3090/1642/2823 5267/2173/4523
f 78/2560/71 85/2212/78 3125/2455/2851
f 3549/2264/3187 4623/2500/4033 6735/2615/5552
f 1187/2507/1131 3945/2616/3504 3948/2546/3507
f 1190/2546/1132 1189/2616/1132 1188/2508/1132
f 2498/1787/2310 825/2233/790 1312/2617/1246
f 3078/2431/2814 3062/2287/2799 4964/2618/4301
f 7169/2619/5872 4295/2432/3779 865/2620/829
f 865/2620/829 4295/2432/3779 886/2527/850
f 4307/2491/378 395/2395/378 5984/2621/378
f 6964/2622/5055 6020/2623/5055 6727/2624/5055
f 3951/2625/3510 3956/2626/3513 4968/2627/4304
f 5955/2555/5007 2630/2628/2425 1204/2556/1146
f 542/2629/520 544/2341/522 543/2351/521
f 1179/2630/1123 7210/2631/5901 312/2611/296
f 312/2611/296 7210/2631/5901 7168/2612/5871
f 4302/2514/894 4955/2632/894 931/2515/894
f 3962/2633/3519 157/2398/148 1068/2302/1015
f 6970/2634/5723 754/2406/723 807/2172/772
f 93/2635/85 844/2346/808 92/1774/84
f 92/1774/84 109/1642/101 108/2614/100
f 6694/2140/5523 3086/2381/2819 2599/2540/2400
f 3091/2636/2824 3093/2637/2826 3522/2638/3165
f 3091/2636/2824 3529/2639/3171 843/2640/807
f 2190/1859/2037 2189/2641/2036 4990/2359/4318
f 4634/2642/4043 6696/2219/5524 2251/2524/2092
f 2560/2643/2363 3520/2545/3163 1186/2506/1130
f 3924/2547/1042 5952/2644/1042 1095/2522/1042
f 3958/2645/3515 3961/2033/3518 3512/2485/3157
f 3943/2575/838 874/2577/838 4966/2646/838
f 2269/2325/2110 2137/2407/1985 2278/2647/2119
f 4970/2470/4306 4648/2648/4056 2292/2367/2133
f 801/2603/766 3526/2587/3168 3525/2649/3167
f 426/2650/409 427/2651/410 861/2652/825
f 4319/2653/3794 4317/2654/3792 4963/2655/4300
f 3967/2656/3523 3085/2532/2818 2565/2552/2368
f 7094/2657/5814 3951/2625/3510 4968/2627/4304
f 1516/2658/1424 4963/2655/4300 2629/2659/2424
f 545/2170/523 544/2341/522 541/2660/519
f 4967/2661/4303 800/2662/765 1348/2663/1280
f 541/2660/519 544/2341/522 542/2629/520
f 5953/2606/5005 5315/2664/4559 1143/2438/1088
f 4303/2514/1156 2611/2665/1156 1214/2632/1156
f 2041/2497/1891 6035/2666/5064 334/2667/317
f 753/2668/722 3884/2054/3456 2542/2156/2347
f 6098/2477/5106 80/2382/73 78/2560/71
f 2558/2457/2361 2574/2669/2377 3103/2670/2833
f 5938/2671/4994 7176/2672/4994 7172/2673/4994
f 2555/2674/2358 894/2675/858 5306/2676/4552
f 721/2600/690 720/2677/689 690/2336/659
f 2134/2347/1982 2135/2221/1983 2274/2678/2115
f 2171/2679/2018 2138/2250/1986 2141/2035/1989
f 4969/2680/4305 4967/2661/4303 4653/2681/4059
f 5964/2682/5013 301/2348/286 2207/2605/2054
f 5954/2683/5006 1144/2537/1089 1175/2536/1119
f 929/2514/892 930/2513/893 5985/2684/5029
f 6750/2663/3512 3953/2662/3512 5957/2685/3512
f 542/2629/520 543/2351/521 5314/2686/4558
f 543/2351/521 4300/2397/3784 5314/2686/4558
f 6710/2439/5534 311/2198/295 1381/2687/1310
f 55/2688/49 3076/2243/2812 56/2244/50
f 3123/2455/2849 153/1679/144 158/2496/149
f 78/2560/71 3125/2455/2851 519/2689/497
f 1070/2690/1017 3470/2176/3121 4336/2442/3806
f 78/2560/71 4374/2691/3839 6098/2477/5106
f 3094/2692/2827 5961/2693/2827 3523/2694/2827
f 1964/2355/1818 2574/2669/2377 2558/2457/2361
f 3529/2639/3171 3091/2636/2824 3522/2638/3165
f 847/2385/811 2598/2695/2399 612/2567/586
f 333/1810/316 5882/2057/4955 335/2696/318
f 2334/2697/2170 3945/2616/3504 1187/2507/1131
f 1187/2507/1131 1185/2545/1129 5976/2698/5024
f 5976/2698/5024 2334/2697/2170 1187/2507/1131
f 5300/2699/4547 3520/2545/3163 2560/2643/2363
f 691/2486/660 694/2700/663 686/2182/655
f 694/2700/663 693/2389/662 686/2182/655
f 2565/2552/2368 2566/2701/2369 3967/2656/3523
f 866/2586/830 5963/2361/5012 269/2702/254
f 963/2703/921 1576/2704/921 962/2705/921
f 1177/2706/1121 1710/2707/1595 1175/2536/1119
f 929/2514/892 5985/2684/5029 2613/2665/2412
f 4958/2329/4295 6706/2390/5531 6065/2554/5085
f 3994/2133/3544 3109/2708/2837 3504/2134/3151
f 1381/2687/1310 311/2198/295 1430/2709/1349
f 753/2668/722 2542/2156/2347 2564/2710/2367
f 7173/2214/5875 6994/2711/5742 1837/2215/1704
f 3541/2712/3180 5976/2698/5024 1185/2545/1129
f 2277/2713/2118 2278/2714/2119 2137/2715/1985
f 2137/2716/1985 2134/2347/1982 2274/2678/2115
f 3912/2395/3479 3963/2717/3479 5983/2621/3479
f 7097/2718/5817 4333/2488/3803 319/2447/303
f 514/2719/492 5005/2720/4330 1177/2706/1121
f 861/2652/825 427/2651/410 5303/2721/4549
f 964/2722/922 3957/2437/3514 6065/2554/5085
f 1157/2723/1101 6724/2724/1101 4977/2725/1101
f 2610/2726/2410 6719/2727/5542 4953/2350/4292
f 53/2728/47 3076/2243/2812 2062/2729/1910
f 2552/2517/2355 289/2730/274 3493/2332/3141
f 1538/2499/1442 6035/2666/5064 2041/2497/1891
f 894/2675/858 6731/2731/5549 5306/2676/4552
f 1183/2699/1127 3541/2712/3180 1185/2545/1129
f 5965/2732/5014 6728/2733/5547 3101/2734/2831
f 3938/2574/3501 3922/2519/3489 1404/2735/1328
f 574/2519/549 3554/2571/549 3552/2735/549
f 3119/2736/2845 2559/2504/2362 2554/2568/2357
f 5965/2737/5014 2588/2738/2389 3947/2739/3506
f 2588/2738/2389 3977/2740/3530 3947/2739/3506
f 4634/2642/4043 2251/2524/2092 4636/2741/4045
f 2269/2325/2110 5017/2742/4338 2252/2509/2093
f 2278/2647/2119 5017/2742/4338 2269/2325/2110
f 752/2443/721 747/2743/716 714/2326/683
f 720/2677/689 689/2288/658 690/2336/659
f 3966/2744/3522 2506/1932/2316 241/2601/226
f 4648/2648/4056 2290/2745/2131 2292/2367/2133
f 3525/2649/3167 803/2746/768 801/2603/766
f 3524/2747/3166 426/2650/409 6736/2748/5553
f 6736/2748/5553 426/2650/409 861/2652/825
f 5005/2720/4330 1710/2707/1595 1177/2706/1121
f 1175/2536/1119 1710/2707/1595 5954/2683/5006
f 6966/2749/5720 6741/2750/5556 6019/2751/5054
f 5992/2752/5035 542/2629/520 5314/2686/4558
f 693/2389/662 2569/2753/2372 646/2608/617
f 4320/2754/3795 2048/2242/1897 2046/2284/1895
f 2552/2517/2355 648/2755/619 289/2730/274
f 3996/2756/3546 4374/2691/3839 78/2560/71
f 805/2757/770 804/2265/769 6738/2593/5554
f 5966/2758/5015 2574/2669/2377 1964/2355/1818
f 2189/2641/2036 2190/1859/2037 2191/2017/2038
f 5972/2759/5020 6728/2733/5547 5965/2732/5014
f 5973/2760/5021 2332/2761/2168 5969/2762/5018
f 5975/2763/5023 2588/2738/2389 3101/2764/2831
f 3101/2764/2831 2588/2738/2389 5965/2737/5014
f 3555/2765/3190 572/2333/547 5950/2523/5003
f 3983/2766/839 3939/2575/839 875/2646/839
f 6722/2767/411 428/2768/411 5979/2769/411
f 3915/2475/3482 3106/2330/2835 3491/2195/3139
f 6982/2535/5733 545/2170/523 541/2660/519
f 1584/2770/1478 4976/2771/4309 1735/2772/1617
f 2597/2300/2398 647/2210/618 6720/2773/5543
f 1070/2690/1017 4336/2442/3806 4628/2774/4038
f 6996/2775/1116 1172/2673/1116 7178/2672/1116
f 1982/2400/1834 6974/2776/5726 1964/2355/1818
f 7177/2672/957 1001/2671/957 3942/2777/957
f 6728/2778/5547 5972/2779/5020 5971/2780/5019
f 3101/2734/2831 6728/2733/5547 3102/2781/2832
f 5969/2762/5018 2332/2761/2168 2333/2782/2169
f 2333/2783/2169 6730/2784/5548 6001/2785/5040
f 2333/2783/2169 6001/2785/5040 3979/2786/3532
f 2333/2783/2169 3979/2786/3532 2589/2787/2390
f 7165/2404/5870 826/2788/791 3511/2430/3156
f 429/2485/412 6047/2789/5072 3959/2645/3516
f 754/2406/723 751/2790/720 752/2443/721
f 2135/2221/1983 2136/2579/1984 2274/2678/2115
f 2141/2035/1989 2148/2393/1996 2149/2791/1997
f 4646/2648/4054 2644/2792/2435 4318/2745/3793
f 1333/1902/1266 1331/2793/1264 267/2252/252
f 5986/2684/5030 4989/2794/4317 2609/2665/2409
f 5977/2795/5025 6721/2767/5544 5978/2769/5026
f 4988/2796/4316 5982/2797/5028 2592/2798/2393
f 4317/2654/3792 4664/2799/4067 4963/2655/4300
f 697/2800/666 2569/2753/2372 693/2389/662
f 2054/2134/1901 3108/2708/1901 2052/2475/1901
f 4953/2350/4292 6719/2727/5542 6733/1888/5551
f 2048/2242/1897 2570/2801/2373 2573/2241/2376
f 3962/2633/3519 2551/2496/2354 157/2398/148
f 93/2635/85 92/1774/84 108/2614/100
f 108/2614/100 5267/2173/4523 105/2802/97
f 3996/2756/3546 78/2560/71 519/2689/497
f 3103/2670/2833 2574/2669/2377 2576/2803/2379
f 3086/2381/2819 6003/2804/5042 2599/2540/2400
f 2555/2674/2358 5306/2676/4552 5305/2805/4551
f 5306/2676/4552 6731/2731/5549 5997/2806/5039
f 3104/2807/1058 5998/2808/1058 1113/2809/1058
f 1488/2810/1400 842/2811/806 6040/2812/5067
f 4637/2813/4046 4630/2814/4040 1487/2815/1399
f 4637/2813/4046 4972/2816/4307 4630/2814/4040
f 2584/2817/2386 6729/2818/2386 5970/2819/2386
f 333/1810/316 335/2696/318 1069/2461/1016
f 4630/2814/4040 4972/2816/4307 7180/2820/5879
f 4973/2816/3170 3528/2821/3170 7181/2820/3170
f 3944/2822/3503 3981/2823/3534 3925/2824/3491
f 2587/2825/1484 2583/2826/1484 1590/2827/1484
f 2589/2787/2390 5969/2828/5018 2333/2783/2169
f 4995/2829/4321 863/2830/827 399/2831/382
f 2566/2701/2369 3968/2832/3524 3967/2656/3523
f 1765/2833/1644 2595/2834/2396 4995/2829/4321
f 4995/2829/4321 2595/2834/2396 863/2830/827
f 425/2835/408 6721/2767/5544 5977/2795/5025
f 3969/2836/3525 5005/2720/4330 514/2719/492
f 2595/2834/2396 2590/2837/2391 863/2830/827
f 4978/2838/4310 2148/2393/1996 6716/2417/5540
f 4653/2681/4059 4967/2661/4303 1348/2663/1280
f 5987/2839/5031 541/2660/519 5992/2752/5035
f 5992/2752/5035 541/2660/519 542/2629/520
f 1216/1827/1158 6718/2840/5541 2113/2240/1961
f 4320/2754/3795 2570/2801/2373 2048/2242/1897
f 2059/2211/1907 2060/2841/1908 2562/2613/2365
f 5967/2758/5016 4997/2842/4323 2575/2669/2378
f 1963/2670/1817 1974/2803/1817 5999/2843/1817
f 6040/2812/5067 842/2811/806 5962/2844/5011
f 1982/2400/1834 1992/2845/1843 6974/2776/5726
f 6040/2812/5067 7179/2846/5878 1488/2810/1400
f 2581/2847/2384 2555/2674/2358 4998/2848/4324
f 4998/2848/4324 2555/2674/2358 5305/2805/4551
f 1485/2849/1397 7182/2846/1397 6739/2850/1397
f 1787/2851/1661 5307/2852/4553 583/2853/558
f 1787/2851/1661 2586/2854/2388 5307/2852/4553
f 3946/2544/3505 3976/2855/3529 3114/2856/2841
f 6017/2857/5052 3938/2574/3501 1404/2735/1328
f 5309/2858/3531 3978/2859/3531 6000/2860/3531
f 1486/2816/1398 3532/2861/3173 3527/2821/3169
f 3981/2823/3534 5951/2862/5004 3925/2824/3491
f 2251/2524/2092 2252/2509/2093 4635/2863/4044
f 751/2790/720 747/2743/716 752/2443/721
f 2279/2864/2120 2137/2716/1985 2274/2678/2115
f 689/2288/658 692/2865/661 691/2486/660
f 885/2866/849 1451/2867/1366 318/2868/302
f 3911/2395/3478 897/2394/861 3964/2717/3520
f 4294/2445/3778 7115/2869/5831 5934/2433/4990
f 4993/2870/4320 3965/2871/3521 5002/2872/4327
f 7184/2873/5880 72/2874/66 6979/2875/5730
f 860/2876/824 425/2835/408 5977/2795/5025
f 6979/2875/5730 72/2874/66 2/2583/2
f 6979/2875/5730 2/2583/2 1277/2585/1214
f 6745/2877/377 6965/2833/377 394/2829/377
f 4357/2454/3824 367/2878/350 4000/2494/3550
f 6743/2879/5558 6741/2750/5556 6966/2749/5720
f 1584/2770/1478 4974/2880/4308 4976/2771/4309
f 2057/2241/1905 2058/2881/1906 2059/2211/1907
f 2562/2613/2365 2060/2841/1908 5419/2882/4630
f 2604/2883/2405 3548/2264/2405 6734/2615/2405
f 2575/2669/2378 4997/2842/4323 2578/2884/2381
f 1962/2669/1816 2579/2884/2382 2577/2803/2380
f 2577/2803/2380 2579/2884/2382 5996/2843/5038
f 1964/2355/1818 836/2776/801 5966/2758/5015
f 583/2853/558 5307/2852/4553 5308/2885/4554
f 2554/2568/2357 2582/2886/2385 3119/2736/2845
f 3940/2574/3502 6013/2857/3502 6010/2887/3502
f 919/2888/882 2585/2889/2387 5974/2890/5022
f 5933/2418/4989 3946/2544/3505 3114/2856/2841
f 13/2891/12 14/2892/12 1788/2893/12
f 3120/2894/2846 5301/2699/4548 1184/2643/1128
f 3982/2895/3535 3553/2896/3189 1293/2897/1230
f 3531/2572/3172 826/2788/791 7165/2404/5870
f 2279/2898/2120 2277/2713/2118 2137/2715/1985
f 6002/2899/5041 2274/2678/2115 2136/2579/1984
f 4313/2602/3788 867/2528/831 3535/2900/3176
f 2686/2901/2474 2509/1752/2318 561/2548/538
f 4989/2794/4317 4647/2902/4055 2609/2665/2409
f 6087/2903/5099 3524/2747/3166 6736/2748/5553
f 4317/2654/3792 5015/2904/4337 4664/2799/4067
f 2608/2905/2408 4649/2906/2408 2615/2907/2408
f 4979/2908/4311 2591/2909/2392 2596/2910/2397
f 4980/2911/4312 2597/2300/2398 6720/2773/5543
f 2593/2912/2394 2637/2913/2429 2612/2914/2411
f 2612/2914/2411 2637/2913/2429 932/2915/895
f 2062/2729/1910 3076/2243/2812 55/2688/49
f 2551/2496/2354 3962/2633/3519 159/2916/150
f 159/2916/150 3962/2633/3519 1071/2917/1018
f 3550/2558/742 774/2918/742 1723/2559/742
f 844/2346/808 93/2635/85 877/2919/841
f 2580/2920/2383 1110/2805/1055 1526/2806/1432
f 5321/2921/4563 6737/2850/4563 7183/2846/4563
f 1110/2805/1055 1112/2676/1057 1526/2806/1432
f 6008/2922/5046 7175/2923/5877 575/2924/550
f 1486/2925/1398 2266/2926/2107 420/2927/403
f 1486/2925/1398 420/2927/403 3532/2928/3173
f 3120/2894/2846 3558/2929/3193 5301/2699/4548
f 4635/2863/4044 4636/2741/4045 2251/2524/2092
f 2149/2791/1997 2148/2393/1996 2150/2930/1998
f 1770/2931/1648 6041/2932/5068 4654/2933/4060
f 6761/2934/5566 425/2835/408 860/2876/824
f 6079/2935/5093 2568/2746/2371 424/2649/407
f 4981/2936/4313 4988/2796/4316 2592/2798/2393
f 4984/2937/1197 1258/2938/1197 2614/2939/1197
f 2617/2940/2414 4655/2941/2414 6748/2942/2414
f 5007/2943/4332 5993/2944/4332 5312/2945/4332
f 512/2943/490 5311/2945/4556 6740/2946/5555
f 6740/2946/5555 5311/2945/4556 513/2947/491
f 513/2947/491 5311/2945/4556 5313/2948/4557
f 6982/2535/5733 541/2660/519 5987/2839/5031
f 1708/2945/1354 1435/2944/1354 1709/2948/1354
f 3915/2475/3482 3107/2708/2836 3106/2330/2835
f 2057/2241/1905 2571/2801/2374 2058/2881/1906
f 1151/2923/1096 4327/2949/1096 6997/2950/1096
f 3542/2951/3181 7098/2952/5818 3124/2953/2850
f 6008/2922/5046 4326/2949/3799 7175/2923/5877
f 6973/2954/5725 2582/2955/2385 5968/2956/5017
f 6031/2957/5062 6751/2958/5562 6012/2959/5048
f 2602/2960/2403 612/2567/586 2598/2695/2399
f 2607/2961/2402 2601/2962/2402 6034/2957/2402
f 2600/2962/2401 6751/2958/5562 6031/2957/5062
f 3541/2712/3180 1183/2699/1127 3539/2963/3178
f 919/2888/882 6976/2964/5728 2585/2889/2387
f 1205/2965/1147 3971/2966/3526 5310/2967/4555
f 6026/2968/2407 2606/2961/2407 6032/2957/2407
f 6027/2969/5060 6033/2957/5063 6009/2959/5047
f 6027/2969/5060 6009/2959/5047 6014/2970/5049
f 2585/2889/2387 64/2971/58 1205/2965/1147
f 3975/2972/1148 1206/2967/1148 3970/2966/1148
f 3531/2572/3172 1489/2973/1401 826/2788/791
f 2585/2889/2387 6976/2964/5728 64/2971/58
f 1205/2965/1147 64/2971/58 3971/2966/3526
f 2171/2679/2018 2141/2035/1989 2149/2791/1997
f 7096/2974/5816 4313/2602/3788 3535/2900/3176
f 6042/2975/5069 6041/2932/5068 1770/2931/1648
f 7100/2976/3196 6978/2977/3196 3562/2978/3196
f 6088/2979/5100 425/2835/408 6761/2934/5566
f 478/2980/457 4330/2981/3801 6984/2982/5734
f 6984/2982/5734 4330/2981/3801 5318/2983/4562
f 6742/2984/5557 6042/2975/5069 1770/2931/1648
f 6742/2984/5557 6746/2985/5560 6042/2975/5069
f 6742/2984/5557 1770/2931/1648 4982/2986/4314
f 827/2987/792 1583/2988/792 4986/2989/792
f 4335/2990/3805 246/2492/231 548/2533/526
f 6741/2750/5556 6022/2991/5057 6019/2751/5054
f 4987/2992/1498 1606/2993/1498 2618/2994/1498
f 1584/2770/1478 6021/2995/5056 4974/2880/4308
f 5006/2996/4331 5009/2997/4334 5994/2998/5036
f 3110/2999/2838 2616/2994/2413 6749/3000/5561
f 3110/2999/2838 6749/3000/5561 5960/3001/5010
f 2594/2912/2395 6045/3002/2395 2636/2913/2395
f 1549/2263/1453 372/2422/355 1550/3003/1454
f 805/2757/770 6738/2593/5554 1295/3004/1232
f 5322/2921/1007 1060/2846/1007 6039/2812/1007
f 6011/3005/3796 4321/3006/3796 4325/3007/3796
f 1150/3008/1095 6754/3009/1095 4322/3010/1095
f 520/3011/498 7098/2952/5818 3542/2951/3181
f 6025/3012/725 756/3013/725 6028/3014/725
f 6764/2220/2040 2193/2359/2040 4992/3015/2040
f 6975/3016/5727 1249/3017/1189 3972/3018/3527
f 691/2486/660 692/2865/661 694/2700/663
f 3964/2717/3520 897/2394/861 4638/3019/4047
f 7096/2974/5816 3535/2900/3176 6061/3020/5083
f 5002/2872/4327 3965/2871/3521 4639/3021/4048
f 275/3022/260 6744/3023/5559 7102/3024/5820
f 6077/3025/5092 3524/2747/3166 6087/2903/5099
f 4329/3026/3800 4330/2981/3801 478/2980/457
f 4963/2655/4300 4664/2799/4067 2629/2659/2424
f 478/2980/457 6984/2982/5734 2049/3027/1898
f 2626/3028/2421 4983/3029/2421 3111/3030/2421
f 1608/2999/1499 1769/2992/1499 1607/2994/1499
f 2045/3031/1894 478/2980/457 2049/3027/1898
f 6718/2840/5541 3994/2133/3544 2113/2240/1961
f 2059/2211/1907 2058/2881/1906 2060/2841/1908
f 1538/2499/1442 1798/3032/1667 6035/2666/5064
f 5882/2057/4955 1797/3033/1666 335/2696/318
f 2674/3034/2463 877/2919/841 93/2635/85
f 848/3035/812 6005/3036/812 6752/3037/812
f 1976/2920/1829 4996/3038/4322 5304/2805/4550
f 2253/3039/2094 420/2927/403 2266/2926/2107
f 520/3011/498 3542/2951/3181 6037/3040/5066
f 3540/3041/3179 6976/3042/5728 919/3043/882
f 6037/3040/5066 3542/2951/3181 3543/3044/3182
f 3974/3045/898 3116/3046/898 935/3047/898
f 4635/2863/4044 2252/2509/2093 5017/2742/4338
f 5995/3048/5037 2180/3049/2027 2273/3050/2114
f 693/2389/662 694/2700/663 695/3051/664
f 7115/2869/5831 562/3052/539 5934/2433/4990
f 477/3053/456 5316/3054/4560 5317/3055/4561
f 6747/3056/4062 4994/2870/4062 4657/3057/4062
f 6760/2934/5101 6758/3058/5101 6090/2979/5101
f 6744/3059/5559 6119/3060/5120 7102/3061/5820
f 1331/2793/1264 2699/3062/2487 267/2252/252
f 3984/3063/3536 6977/3064/5729 7099/3065/5819
f 6118/3066/5119 6024/2987/5059 4985/2989/4315
f 6118/3066/5119 4985/2989/4315 2628/3067/2423
f 3984/3063/3536 7099/3065/5819 3987/3068/3538
f 2591/2909/2392 4979/2908/4311 6046/3069/5071
f 5009/2997/4334 5989/3070/5032 5994/2998/5036
f 4329/3026/3800 478/2980/457 2045/3031/1894
f 5320/3071/2462 6038/3072/2462 2673/3034/2462
f 1806/2850/1675 5319/2921/1675 5324/3073/1675
f 1982/2400/1834 255/2320/240 1992/2845/1843
f 4999/2848/4325 5304/2805/4550 4996/3038/4322
f 6753/3074/3797 6029/3075/3797 4323/3076/3797
f 755/3074/724 6006/3077/5044 6030/3075/5061
f 2582/2955/2385 6973/2954/5725 3119/3078/2845
f 2605/3079/2406 1236/3080/1178 6006/3077/5044
f 6006/3077/5044 1236/3080/1178 6030/3075/5061
f 420/2927/403 2653/3081/2443 3533/2928/3174
f 3553/2896/3189 3982/2895/3535 6015/3082/5050
f 3540/3041/3179 6981/3083/5732 6976/3042/5728
f 995/3084/951 3980/2766/3533 4965/2646/4302
f 689/2288/658 720/2677/689 725/3085/694
f 2153/3086/2001 2136/2579/1984 2138/2250/1986
f 689/2288/658 725/3085/694 692/2865/661
f 693/2389/662 695/3051/664 697/2800/666
f 476/3087/455 5316/3054/4560 477/3053/456
f 275/3022/260 7102/3024/5820 907/3088/871
f 907/3088/871 7102/3024/5820 274/3089/259
f 907/3088/871 274/3089/259 4650/3090/4057
f 4317/2654/3792 2645/3091/2436 5015/2904/4337
f 4664/2799/4067 2631/3092/2426 2629/2659/2424
f 4662/3093/4066 3990/2533/3540 6982/2535/5733
f 2045/3031/1894 4331/3094/3802 4329/3026/3800
f 3112/3030/2839 2619/3095/2415 2624/3028/2419
f 6064/3096/1600 1716/3097/1600 2632/3098/1600
f 6107/3099/5111 6982/2535/5733 5987/2839/5031
f 2619/3095/2415 3112/3030/2839 5958/3100/5008
f 3140/3101/795 830/3102/795 4975/3103/795
f 6043/3104/2427 2633/3105/2427 2635/3106/2427
f 2674/3034/2463 95/3072/87 877/2919/841
f 7098/2952/5818 520/3011/498 76/3107/70
f 4324/3076/3798 1830/3075/1697 757/3108/726
f 4324/3076/3798 757/3108/726 7213/3109/5902
f 6057/3110/5079 7095/2974/5815 6060/3020/5082
f 2649/3111/2439 7095/2974/5815 6057/3110/5079
f 4658/3057/4063 4993/2870/4320 5002/2872/4327
f 981/3061/938 2627/3112/2422 6056/3113/5078
f 981/3061/938 769/3060/738 2627/3112/2422
f 3561/3114/3194 3559/3115/3194 7101/3116/3194
f 1257/2908/1196 6052/3117/5075 6044/3069/5070
f 1276/3118/1213 3988/3119/3539 1768/3120/1647
f 3547/3121/3186 3545/3122/3184 6007/3123/5045
f 4667/3124/4069 4997/2842/4323 5967/2758/5016
f 1045/3125/995 4643/3126/4052 4641/3127/4050
f 2653/3081/2443 2654/3128/2444 3533/2928/3174
f 2642/2232/2433 2643/3129/2434 870/2467/834
f 6018/3130/5053 998/2766/954 995/3084/951
f 6047/2789/5072 433/3131/416 3959/2645/3516
f 3519/2525/3162 726/3132/695 721/2600/690
f 898/2526/862 563/2446/540 564/3133/541
f 4664/2799/4067 3579/3134/3212 2631/3092/2426
f 479/3135/458 5366/3136/4591 2572/3137/2375
f 3106/2330/2835 2044/3138/1893 2046/2284/1895
f 3986/3139/3234 3989/3140/3234 3611/3141/3234
f 6718/3142/5541 2634/3105/2428 3994/3143/3544
f 6718/3142/5541 2129/3106/1977 2634/3105/2428
f 4667/3124/4069 6755/3144/5563 4997/2842/4323
f 622/3145/594 4668/3146/4070 1107/3147/1052
f 4645/3148/2430 2640/3149/2430 2638/3150/2430
f 4328/3151/1468 1568/3076/1468 7211/3109/1468
f 5325/3152/4565 5323/3153/4564 378/3154/361
f 6082/3155/5095 2581/2847/2384 4998/2848/4324
f 1183/2699/1127 1105/2929/1050 3539/2963/3178
f 335/2696/318 4337/3156/3807 1069/2461/1016
f 7214/3157/5903 6016/3130/5051 3121/3158/2847
f 2253/3039/2094 4680/3159/4082 2653/3081/2443
f 2253/3039/2094 2653/3081/2443 420/2927/403
f 1539/3160/1443 4644/3148/4053 1044/3150/994
f 934/3161/897 4644/3148/4053 1539/3160/1443
f 5299/2578/4546 1748/3162/1629 1745/2280/1626
f 994/3158/950 6018/3130/5053 995/3084/951
f 2655/3163/2445 826/2788/791 1489/2973/1401
f 6980/3164/5731 6975/3016/5727 918/3165/881
f 3062/2287/2799 6121/3166/5121 4964/2618/4301
f 5995/3048/5037 2273/3050/2114 2279/3167/2120
f 2153/3086/2001 6002/2899/5041 2136/2579/1984
f 897/2394/861 5003/3168/4328 4638/3019/4047
f 75/3169/69 7184/2873/5880 6757/3170/5565
f 4659/3057/4064 393/2872/376 5004/3171/4329
f 2148/2393/1996 4978/2838/4310 2150/2930/1998
f 4646/2648/4054 2646/3172/2437 2644/2792/2435
f 906/3173/870 4661/3174/870 6120/3175/870
f 3969/2836/3525 5008/3176/4333 5005/2720/4330
f 6049/3177/2420 6055/3178/2420 2625/3179/2420
f 6050/3180/1422 1514/3028/1422 2620/3095/1422
f 4662/3093/4066 6982/2535/5733 2668/3181/2458
f 6771/3182/5114 6983/3183/5114 6112/3184/5114
f 6051/3185/5074 2128/3186/1976 933/3187/896
f 3106/2330/2835 3113/3188/2840 2055/3189/1903
f 1294/3153/1231 2672/3190/2461 6085/3154/5098
f 1569/3151/1469 7212/3109/1469 1839/3191/1469
f 255/2320/240 4341/3192/3810 1992/2845/1843
f 5328/3193/4568 5325/3152/4565 378/3154/361
f 520/3011/498 949/3194/911 76/3107/70
f 949/3194/911 520/3011/498 67/3040/61
f 2653/3081/2443 2652/3195/2442 2654/3128/2444
f 6762/3196/5567 1748/3162/1629 5299/2578/4546
f 3553/2896/3189 1405/3197/1329 1293/2897/1230
f 6986/3198/5736 3910/2201/3477 5253/1758/4515
f 253/2231/238 6763/2230/5568 2200/3199/2047
f 995/3084/951 4965/2646/4302 6122/3200/5122
f 864/3201/828 5014/3202/828 2647/3203/828
f 6059/3204/5081 305/3205/290 866/2586/830
f 5004/3171/4329 393/2872/376 5012/3206/4336
f 4334/3207/3804 4333/2488/3803 7097/2718/5817
f 1575/3208/1473 5016/2904/1473 1574/3091/1473
f 393/2872/376 4640/3021/4049 5012/3206/4336
f 193/3209/179 192/3210/178 6985/3135/5735
f 274/3089/259 6053/3211/5076 2657/3212/2447
f 6052/3117/5075 6778/3213/5581 6773/3214/5576
f 3969/2836/3525 6769/3215/5573 5008/3176/4333
f 1257/2908/1196 6778/3213/5581 6052/3117/5075
f 4335/2990/3805 548/2533/526 3991/3216/3541
f 6051/3185/5074 2623/3217/2418 6987/3218/5737
f 3580/3219/1601 6062/3220/1601 1717/3221/1601
f 2128/3186/1976 6051/3185/5074 6987/3218/5737
f 2128/3186/1976 6987/3218/5737 2100/3222/1948
f 2044/3138/1893 4320/2754/3795 2046/2284/1895
f 3995/2133/3545 1361/3223/1292 2102/3224/1950
f 2571/2801/2374 3147/3225/2869 2058/2881/1906
f 6035/2666/5064 1798/3032/1667 342/3226/325
f 3997/3227/3547 4374/2691/3839 3996/2756/3546
f 978/2264/935 2603/2883/2404 3546/3228/3185
f 6085/3154/5098 2672/3190/2461 2669/3229/2459
f 4642/3127/4051 1248/3126/1188 3973/3230/3528
f 2639/3150/2431 2641/3149/2432 1540/3231/1444
f 4628/2774/4038 4336/2442/3806 1072/3232/1019
f 2639/3150/2431 1540/3231/1444 3115/3160/2842
f 2675/3233/2464 7214/3157/5903 3121/3158/2847
f 6099/3234/5107 6036/3235/5065 6100/3236/5108
f 1749/3237/1630 1312/2617/1246 825/2233/790
f 728/3238/697 726/3132/695 3519/2525/3162
f 720/2677/689 723/3239/692 725/3085/694
f 2153/3086/2001 2138/2250/1986 2171/2679/2018
f 400/3021/383 401/3240/384 386/3206/369
f 2150/2930/1998 4978/2838/4310 3138/3241/2861
f 274/3089/259 2657/3212/2447 4650/3090/4057
f 4652/3242/4058 2658/3243/2448 7104/3244/5822
f 515/2832/493 2567/2701/2370 6768/3245/5572
f 4339/3246/3809 4331/3094/3802 2045/3031/1894
f 2044/3138/1893 4338/3247/3808 4320/2754/3795
f 3546/3228/3185 2603/2883/2404 611/3248/585
f 335/2696/318 1797/3033/1666 4337/3156/3807
f 750/3249/719 754/2406/723 6970/2634/5723
f 5001/3250/4326 1109/3251/1054 6756/3252/5564
f 1992/2845/1843 7185/3253/5881 6974/2776/5726
f 6765/3254/5569 849/3255/813 6004/3256/5043
f 5933/2418/4989 3114/2856/2841 3117/3257/2843
f 6100/3236/5108 6036/3235/5065 522/3258/500
f 1675/3259/1564 253/2231/238 2200/3199/2047
f 6973/2954/5725 3118/3260/2844 3119/3078/2845
f 2655/3163/2445 6048/3261/5073 826/2788/791
f 714/2326/683 747/2743/716 3519/2525/3162
f 2277/3262/2118 2279/3167/2120 2275/3263/2116
f 692/2865/661 725/3085/694 745/3264/714
f 7184/2873/5880 6979/2875/5730 4025/3265/3569
f 6990/3266/4080 5013/3267/4080 4678/3268/4080
f 4651/3269/2438 6991/3266/2438 2648/3270/2438
f 1572/3271/1471 7103/3272/5821 6989/3273/5739
f 6117/3175/5118 4660/3174/4065 392/3274/375
f 6992/3275/5740 4665/3276/4068 5015/2904/4337
f 6066/3277/5086 6076/3278/5086 6068/3279/5086
f 5010/3280/4335 6081/3281/4335 6089/3282/4335
f 1173/3182/1117 6111/3184/5113 6080/3283/5094
f 516/3280/494 6086/3282/494 5988/3284/494
f 2567/2701/2370 2666/3285/2456 6768/3245/5572
f 7104/3244/5822 2658/3243/2448 1374/3286/1304
f 2666/3285/2456 547/3287/525 6768/3245/5572
f 2621/3288/2416 2656/3289/2446 6988/3290/5738
f 1374/3286/1304 2658/3243/2448 2622/3291/2417
f 1374/3286/1304 1513/3291/1421 5959/3292/5009
f 2053/2708/1902 2064/3188/1912 2050/2330/1899
f 367/2878/350 3999/3293/3549 4000/2494/3550
f 1550/3003/1454 372/2422/355 368/3294/351
f 2674/3034/2463 93/2635/85 94/3295/86
f 5326/3296/4566 805/2757/770 1295/3004/1232
f 5326/3296/4566 1295/3004/1232 5327/3297/4567
f 4669/3298/4071 622/3145/594 6083/3299/5096
f 2189/2641/2036 2191/2017/2038 2192/2501/2039
f 3998/3300/3548 76/3107/70 949/3194/911
f 2671/3301/2460 5329/3302/4569 6084/3303/5097
f 256/3304/241 3910/2201/3477 6986/3198/5736
f 1104/3305/1049 3557/3306/3192 1106/3307/1051
f 2255/3308/2096 4635/2863/4044 5017/2742/4338
f 3519/2525/3162 747/2743/716 728/3238/697
f 720/2677/689 722/3309/691 723/3239/692
f 388/3310/371 4656/3057/4061 385/3171/368
f 6058/3311/5080 4679/3312/4081 796/3313/762
f 2568/3314/2371 6079/3315/5093 4347/3316/3816
f 6079/3315/5093 6067/3317/5087 4347/3316/3816
f 517/3318/495 1464/3319/1379 6769/3215/5573
f 6091/2979/3224 6759/3058/3224 3596/3320/3224
f 6777/3321/5580 4980/2911/4312 5046/3322/4362
f 6072/3323/5089 6080/3283/5094 6111/3184/5113
f 6074/3324/5033 5990/3325/5033 6092/3326/5033
f 3993/3216/3543 3990/2533/3540 4662/3093/4066
f 2656/3289/2446 2659/3327/2449 6988/3290/5738
f 3560/3328/3195 3563/3329/3197 1551/3330/1455
f 3106/2330/2835 2055/3189/1903 2044/3138/1893
f 6135/3331/5133 3564/2421/3198 4627/2476/4037
f 131/2268/122 6098/2477/5106 3134/3332/2858
f 4669/3298/4071 4668/3146/4070 622/3145/594
f 6765/3254/5569 6004/3256/5043 6094/3333/5103
f 2265/3334/2106 2278/2647/2119 2277/3262/2118
f 720/2677/689 721/2600/690 722/3309/691
f 745/3264/714 694/2700/663 692/2865/661
f 2650/3270/2440 6993/3266/5741 4677/3268/4079
f 1058/3335/1005 3985/3139/3537 4019/3336/3564
f 3595/3337/3223 6078/3281/3223 5011/3280/3223
f 1230/3338/1172 3594/3339/1172 6069/3340/1172
f 806/3341/771 753/2668/722 2564/2710/2367
f 3544/3342/3183 521/3343/499 6141/3344/5135
f 917/3041/880 4010/3345/3557 63/3083/57
f 4990/2359/4318 2189/2641/2036 4991/3015/4319
f 7169/2619/5872 865/2620/829 2651/3346/2441
f 2150/2930/1998 3138/3241/2861 4342/3347/3811
f 6769/3215/5573 1464/3319/1379 5008/3176/4333
f 5008/3176/4333 1464/3319/1379 1822/3348/1690
f 2567/2701/2370 4349/3349/3818 2666/3285/2456
f 367/2878/350 4357/2454/3824 3202/3350/2914
f 2661/3351/2451 2665/3352/2455 4351/3353/3819
f 6071/3354/5088 6110/3355/5112 2667/3356/2457
f 5046/3322/4362 4980/2911/4312 6720/2773/5543
f 3566/3357/3200 3560/3328/3195 1551/3330/1455
f 6988/3290/5738 2659/3327/2449 1372/3358/1302
f 1276/3118/1213 1278/3359/1215 3988/3119/3539
f 2102/3224/1950 2101/3360/1949 3994/2133/3544
f 1538/2418/1442 7013/3361/5754 1798/3362/1667
f 2670/3363/763 798/3364/763 6095/3365/763
f 132/3366/123 131/2268/122 3134/3332/2858
f 3546/3228/3185 611/3248/585 4384/3367/3847
f 1808/3368/1677 6084/3303/5097 3129/3369/2854
f 1105/2929/1050 3583/3370/3214 3539/2963/3178
f 6973/2954/5725 1993/3371/1844 3118/3260/2844
f 2678/3372/2467 2675/3233/2464 3121/3158/2847
f 7187/3373/5882 6048/3261/5073 2655/3163/2445
f 2679/3372/2468 994/3158/950 995/3084/951
f 2189/2641/2036 2194/3374/2041 4991/3015/4319
f 2273/3050/2114 2275/3263/2116 2279/3167/2120
f 1133/3375/1078 4347/3316/3816 6067/3317/5087
f 4340/3246/3229 3603/3376/3229 4332/3094/3229
f 2686/2901/2474 561/2548/538 3992/3377/3542
f 4346/3378/3815 4350/3379/3815 6070/3380/3815
f 1527/3381/1433 6071/3354/5088 2667/3356/2457
f 4662/3093/4066 2668/3181/2458 2664/3382/2454
f 2293/3383/2134 21/3384/19 6063/3385/5084
f 648/2755/619 5430/3386/4640 289/2730/274
f 158/2496/149 3122/3387/2848 3123/2455/2849
f 806/3341/771 2564/2710/2367 6767/3388/5571
f 805/2757/770 5326/3296/4566 6766/3389/5570
f 6995/3390/5743 1235/3157/1177 5331/3391/4571
f 403/3392/386 521/3343/499 404/3393/387
f 1797/3033/1666 4355/3394/3822 4337/3156/3807
f 3129/3369/2854 6084/3303/5097 5329/3302/4569
f 6083/3299/5096 3557/3306/3192 1104/3305/1049
f 751/2790/720 754/2406/723 750/3249/719
f 747/2743/716 751/2790/720 749/3395/718
f 480/3396/459 3602/3397/3228 476/3087/455
f 3598/3398/3225 6772/3399/5575 1775/3400/1653
f 4665/3276/4068 4664/2799/4067 5015/2904/4337
f 4354/3401/1082 1137/3402/1082 6109/3403/1082
f 3609/3404/3233 470/3405/449 3568/3406/3202
f 3135/3407/1 1/3408/1 77/3409/1
f 1799/3361/1668 5933/2418/4989 3117/3257/2843
f 2189/2641/2036 2192/2501/2039 2194/3374/2041
f 2641/3149/2432 4688/3410/4087 1540/3231/1444
f 1105/2929/1050 1114/3411/1059 3583/3370/3214
f 413/3128/396 412/3195/395 434/3412/417
f 412/3195/395 417/3081/400 411/3413/394
f 726/3132/695 722/3309/691 721/2600/690
f 745/3264/714 2681/3414/2470 694/2700/663
f 2307/3415/2146 6782/3416/5583 1256/3417/1195
f 3572/3418/3206 6067/3317/5087 6770/3419/5574
f 4348/3420/3817 2661/3351/2451 4351/3353/3819
f 3578/3383/3211 3581/3421/3213 2211/3422/2058
f 6021/2995/5056 6252/3423/5202 4974/2880/4308
f 6107/3099/5111 5987/2839/5031 5358/3424/4588
f 1361/3223/1292 1373/3425/1303 2102/3224/1950
f 2085/3426/1933 53/2728/47 2062/2729/1910
f 6096/3427/5104 2674/3034/2463 94/3295/86
f 1981/3428/1833 4670/3429/4072 1978/3124/1831
f 4667/3124/4069 4671/3429/4073 6755/3144/5563
f 917/3041/880 3586/3430/3217 4010/3345/3557
f 3998/3431/3548 949/3432/911 66/3433/60
f 2278/2647/2119 2265/3334/2106 5017/2742/4338
f 4369/3334/3835 2277/3262/2118 2275/3263/2116
f 725/3085/694 723/3239/692 745/3264/714
f 2682/3434/2471 7184/2873/5880 4025/3265/3569
f 7103/3435/5821 4004/3436/3552 6989/3275/5739
f 1826/3275/1694 4002/3436/1694 4666/3276/1694
f 4016/3437/3563 4019/3336/3564 3985/3139/3537
f 3570/3438/3204 6772/3399/5575 3575/3439/3208
f 3575/3439/3208 6772/3399/5575 3598/3398/3225
f 599/3212/574 6054/3211/5077 2660/3440/2450
f 4352/3441/3820 3571/3442/3205 6073/3443/5090
f 4664/2799/4067 2294/3444/2135 3579/3134/3212
f 2293/3383/2134 4735/3422/4123 21/3384/19
f 4017/3437/448 469/3139/448 3610/3141/448
f 3994/2133/3544 2101/3360/1949 3109/2708/2837
f 4356/3445/3823 4355/3394/3822 1797/3033/1666
f 1045/3125/995 4641/3127/4050 4689/3446/4088
f 1235/3157/1177 2676/3233/2465 5331/3391/4571
f 3126/3447/2852 1808/3368/1677 3129/3369/2854
f 6002/3448/5041 2153/3449/2001 5021/3450/4342
f 2153/3449/2001 2171/3451/2018 5021/3450/4342
f 6246/3452/5198 385/3171/368 386/3206/369
f 6058/3311/5080 4379/3453/3843 4679/3312/4081
f 1133/3375/1078 6067/3317/5087 3572/3418/3206
f 6075/3443/5091 3576/3454/3209 5991/3455/5034
f 54/3456/48 53/2728/47 2085/3426/1933
f 161/3457/152 159/2916/150 1071/2917/1018
f 105/2802/97 5267/2173/4523 107/3458/99
f 6756/3252/5564 3585/3459/3216 5001/3250/4326
f 4365/3460/3832 6082/3155/5095 4998/2848/4324
f 521/3343/499 403/3392/386 6141/3344/5135
f 4680/3159/4082 414/3461/397 2653/3081/2443
f 6757/3170/5565 7184/2873/5880 2682/3434/2471
f 4674/3462/4076 2650/3270/2440 4677/3268/4079
f 388/3310/371 385/3171/368 6246/3452/5198
f 862/3170/826 2684/3463/826 3597/3464/826
f 2291/2799/2132 2296/3465/2137 4359/3466/3826
f 4348/3420/3817 5018/3467/4339 2661/3351/2451
f 1361/3223/1292 3605/3468/3231 1373/3425/1303
f 1552/3469/1456 1550/3003/1454 368/3294/351
f 6994/2711/5742 5332/3470/4572 1837/2215/1704
f 3545/3122/3184 6093/3471/5102 6007/3123/5045
f 127/2354/119 131/2268/122 132/3366/123
f 4642/3127/4051 3973/3230/3528 4686/3472/4086
f 6980/3164/5731 4008/3473/3555 6975/3016/5727
f 2683/3463/2472 6757/3170/5565 2682/3434/2471
f 3571/3442/3205 3577/3454/3210 6073/3443/5090
f 4374/2691/3839 3997/3227/3547 3131/3474/2856
f 3131/3474/2856 3997/3227/3547 3622/3475/3244
f 4366/3476/3833 3583/3370/3214 1114/3411/1059
f 4364/3477/3831 4362/3478/3829 1104/3305/1049
f 4362/3478/3829 6083/3299/5096 1104/3305/1049
f 4686/3472/4086 3973/3230/3528 6132/3479/5131
f 7215/3480/5904 995/3084/951 6122/3200/5122
f 5017/2742/4338 2256/3481/2097 2255/3308/2096
f 2171/2679/2018 2149/2791/1997 5020/3482/4341
f 192/3210/178 5367/3136/4592 6985/3135/5735
f 2291/2799/2132 2300/3276/2140 2296/3465/2137
f 4353/3401/3821 6102/3483/5110 3573/3484/3207
f 6103/3483/1434 1528/3401/1434 6108/3403/1434
f 3620/3485/3242 2551/2496/2354 159/2916/150
f 5023/3486/4344 161/3457/152 1071/2917/1018
f 7013/3487/5754 4371/3488/3836 1798/3032/1667
f 4669/3298/4071 6083/3299/5096 4362/3478/3829
f 10/3489/10 11/3490/10 5000/3491/10
f 82/3492/75 79/3431/72 6101/3433/5109
f 4014/3493/3561 6100/3236/5108 522/3258/500
f 2679/3372/2468 995/3084/951 7215/3480/5904
f 4370/3334/2095 4368/3494/2095 2254/2742/2095
f 318/2868/302 1451/2867/1366 887/3495/851
f 3613/3496/3236 4379/3453/3843 6058/3311/5080
f 6113/3497/5115 1133/3375/1078 3572/3418/3206
f 2687/3498/2475 2686/2901/2474 3992/3377/3542
f 6774/3499/5577 5353/3500/4586 1834/3211/1701
f 4006/3501/3553 7104/3244/5822 1374/3286/1304
f 3576/3454/3209 3590/3502/3220 5991/3455/5034
f 652/3503/623 5046/3322/4362 6720/2773/5543
f 7108/3504/5825 1374/3286/1304 5959/3292/5009
f 5363/3424/1652 1774/2839/1652 3592/3505/1652
f 94/3295/86 93/2635/85 108/2614/100
f 1244/3506/362 379/3507/362 797/3508/362
f 1979/3252/1832 3587/3509/1832 3582/3459/1832
f 417/3081/400 414/3461/397 411/3413/394
f 82/3492/75 6101/3433/5109 950/3510/912
f 1495/3511/1407 3588/3512/3218 383/3513/366
f 2275/3263/2116 2273/3050/2114 2272/3514/2113
f 2273/3050/2114 2180/3049/2027 2272/3514/2113
f 7169/2619/5872 2651/3346/2441 4676/3515/4078
f 3612/3516/3235 6059/3204/5081 269/2702/254
f 269/2702/254 6059/3204/5081 866/2586/830
f 1331/2793/1264 6775/3517/5578 2699/3062/2487
f 195/3518/181 2047/3519/1896 645/3520/616
f 2307/3415/2146 291/3521/276 6782/3416/5583
f 6774/3417/5577 6779/3416/5582 5353/3522/4586
f 6054/3211/5077 1371/3500/1301 2660/3440/2450
f 6116/3523/5117 4344/3524/3813 6023/3525/5058
f 3113/3188/2840 3130/3526/2855 2055/3189/1903
f 5366/3136/4591 3146/3527/2868 2572/3137/2375
f 6135/3331/5133 4627/2476/4037 5336/3528/4574
f 160/3485/151 3122/3387/2848 158/2496/149
f 1798/3032/1667 4371/3488/3836 342/3226/325
f 98/3529/90 108/2614/100 105/2802/97
f 342/3445/325 4371/3530/3836 336/3394/319
f 6755/3144/5563 4671/3429/4073 1496/3531/1408
f 4363/3532/3830 1111/3250/1056 3584/3459/3215
f 412/3195/395 411/3413/394 434/3412/417
f 6762/3196/5567 7105/3533/5823 1748/3162/1629
f 3062/2287/2799 4419/3534/3873 6121/3166/5121
f 2275/3263/2116 2272/3514/2113 4369/3334/3835
f 6788/3535/5588 7169/2619/5872 4676/3515/4078
f 3966/2744/3522 241/2601/226 243/3536/228
f 4005/3537/1693 4001/3436/1693 1825/3435/1693
f 4664/2799/4067 4358/3466/3825 2294/3444/2135
f 4006/3501/3553 1374/3286/1304 7108/3504/5825
f 2102/3224/1950 1373/3425/1303 2101/3360/1949
f 3620/3485/3242 159/2916/150 161/3457/152
f 4364/3477/3831 1104/3305/1049 6125/3538/5124
f 2643/3129/2434 4681/3539/4083 870/2467/834
f 6980/3164/5731 4009/3540/3556 4008/3473/3555
f 6975/3016/5727 6130/3541/5129 1249/3017/1189
f 2149/2791/1997 2150/2930/1998 391/3542/374
f 4675/3462/4077 794/3268/760 460/3543/441
f 476/3087/455 6157/3544/5145 5316/3054/4560
f 4003/3436/3551 2296/3465/2137 2300/3276/2140
f 391/3542/374 2150/2930/1998 4342/3347/3811
f 392/3274/375 4345/3545/3814 6117/3175/5118
f 2685/3546/2473 3589/3547/3219 3593/3548/3222
f 7110/3549/5827 6065/2554/5085 2780/3550/2555
f 2044/3138/1893 2056/3551/1904 4338/3247/3808
f 4725/3458/4115 106/2173/98 123/2082/115
f 1073/3552/1020 4628/2774/4038 1072/3232/1019
f 1037/3553/988 6765/3254/5569 6094/3333/5103
f 377/3554/360 5330/3555/4570 4378/3556/3842
f 6126/3557/5125 4363/3532/3830 3584/3459/3215
f 4366/3476/3833 6129/3558/5128 3583/3370/3214
f 3118/3260/2844 1993/3371/1844 5368/3559/4593
f 4014/3493/3561 522/3258/500 6142/3560/5136
f 6182/3561/4576 5338/3562/4576 6170/3563/4576
f 2679/3372/2468 7215/3480/5904 6180/3564/5159
f 5337/3565/4575 6184/3566/4575 5340/3567/4575
f 2257/3568/2098 4635/2863/4044 2255/3308/2096
f 2729/3569/2514 5339/3570/4577 5341/3571/4578
f 1166/3566/1110 7216/3572/1110 5343/3567/1110
f 997/3572/953 6124/3573/953 5344/3567/953
f 4372/3574/3837 2259/3494/2100 4369/3334/3835
f 694/2700/663 2681/3414/2470 695/3051/664
f 3602/3397/3228 3600/3575/3226 476/3087/455
f 3156/3576/2875 389/3057/372 388/3310/371
f 5367/3136/4592 192/3210/178 4021/3577/3566
f 2687/3498/2475 3992/3377/3542 4373/3578/3838
f 195/3518/181 645/3520/616 3601/3579/3227
f 553/3216/531 4663/3093/531 557/3580/531
f 2064/3188/1912 2122/3581/1970 2103/3526/1951
f 6105/3483/1378 1463/3403/1378 5361/3582/1378
f 2122/3581/1970 2064/3188/1912 2053/2708/1902
f 162/3583/153 3620/3485/3242 161/3457/152
f 7013/3487/5754 1800/3584/1669 4371/3488/3836
f 6097/3585/5105 4378/3556/3842 5330/3555/4570
f 3133/3332/2857 4374/2691/3839 3131/3474/2856
f 3545/3122/3184 1210/3586/1152 6093/3471/5102
f 4725/3458/4115 123/2082/115 3136/3587/2859
f 3136/3587/2859 123/2082/115 3137/2354/2860
f 375/3588/358 377/3554/360 4378/3556/3842
f 4688/3410/4087 4692/3589/4089 1540/3231/1444
f 1748/3162/1629 7105/3533/5823 4683/3590/4084
f 5369/3591/4594 6125/3538/5124 1104/3305/1049
f 3588/3512/3218 380/3592/363 383/3513/366
f 4369/3334/3835 2272/3514/2113 4372/3574/3837
f 4372/3574/3837 2272/3514/2113 5022/3593/4343
f 2272/3514/2113 2180/3049/2027 5022/3593/4343
f 1829/3439/1689 3599/3398/1689 1821/3594/1689
f 5351/3595/4585 3604/3596/3230 600/3597/575
f 7109/3598/5826 964/2722/922 6065/2554/5085
f 5362/3424/3221 3591/3505/3221 4696/3599/3221
f 345/3530/328 5024/3600/4345 4355/3394/3822
f 4377/3601/3841 6096/3427/5104 4375/3602/3840
f 4673/3603/4075 7188/3604/5883 3588/3512/3218
f 5037/3605/4355 4384/3367/3847 611/3248/585
f 4669/3298/4071 4362/3478/3829 6127/3538/5126
f 1131/3606/1076 2677/3607/2466 6785/3608/5586
f 4337/3156/3807 4355/3394/3822 47/3609/41
f 1807/3610/1676 1808/3368/1677 3126/3447/2852
f 6133/3611/4085 4684/3612/4085 4687/3613/4085
f 4685/3614/890 4691/3615/890 927/3616/890
f 3117/3257/2843 4694/3617/4090 6168/3618/5153
f 2726/3619/2511 5339/3570/4577 2729/3569/2514
f 7106/3620/5824 1749/3237/1630 825/2233/790
f 6183/3561/5160 1226/3563/1168 6123/3621/5123
f 6123/3621/5123 1226/3563/1168 5342/3622/4579
f 750/3249/719 749/3395/718 751/2790/720
f 749/3395/718 728/3238/697 747/2743/716
f 726/3132/695 727/3623/696 722/3309/691
f 6246/3452/5198 386/3206/369 401/3240/384
f 3569/3624/3203 6136/3625/3203 6137/3626/3203
f 5346/3627/4581 5352/3595/4581 6781/3628/4581
f 6227/3629/5185 5046/3322/4362 652/3503/623
f 5347/3627/4582 2115/3630/1963 5351/3595/4585
f 5351/3595/4585 2115/3630/1963 3604/3596/3230
f 3604/3596/3230 2115/3630/1963 1373/3631/1303
f 1373/3425/1303 2115/3632/1963 2101/3360/1949
f 3147/3225/2869 2061/3633/1909 2058/2881/1906
f 94/3295/86 4375/3602/3840 6096/3427/5104
f 6787/3606/949 5335/3634/949 993/3607/949
f 82/3492/75 950/3510/912 3623/3635/3245
f 6785/3608/5586 2677/3607/2466 996/3636/952
f 4642/3127/4051 4686/3472/4086 6134/3637/5132
f 434/3412/417 411/3413/394 4699/3638/4093
f 1993/3371/1844 7217/3639/5905 5368/3559/4593
f 966/3640/923 2727/3641/2512 6171/3642/5154
f 925/3643/888 1250/3644/888 4693/3645/888
f 6163/3646/5150 4686/3472/4086 6132/3479/5131
f 2256/3481/2097 5017/2742/4338 4367/3494/3834
f 6143/3647/5137 6113/3497/5115 3572/3418/3206
f 3153/3648/1999 2151/3545/1999 3155/3274/1999
f 6139/3649/5134 6135/3331/5133 5378/3650/4600
f 2302/3537/2141 6780/3416/2141 2301/3436/2141
f 6140/3651/3201 3607/3652/3201 3567/3653/3201
f 291/3521/276 5043/3654/4360 6782/3416/5583
f 5019/3467/4340 6114/3655/5116 5354/3656/4587
f 5350/3657/4584 1280/3658/1217 4007/3659/3554
f 6102/3483/5110 1134/3660/1079 3573/3484/3207
f 4695/3599/4091 3589/3505/3219 2700/3661/2488
f 4344/3524/3813 6253/3662/5203 6023/3525/5058
f 5355/3656/2452 6104/3663/2452 2662/3351/2452
f 5019/3467/4340 5354/3656/4587 1135/3351/1080
f 5350/3657/4584 4007/3659/3554 1281/3664/1218
f 7114/3665/5830 5349/3666/4583 7109/3598/5826
f 7109/3598/5826 6065/2554/5085 7110/3549/5827
f 2055/3189/1903 2056/3551/1904 2044/3138/1893
f 4338/3247/3808 2056/3551/1904 4013/3667/3560
f 3606/3668/3232 3609/3404/3233 3568/3406/3202
f 162/3583/153 161/3457/152 5023/3486/4344
f 4375/3602/3840 94/3295/86 98/3529/90
f 108/2614/100 98/3529/90 94/3295/86
f 6783/3669/5584 6786/3670/5587 6784/3671/5585
f 3632/3672/3253 1799/3361/1668 3117/3257/2843
f 3632/3672/3253 3117/3257/2843 6168/3618/5153
f 15/3637/13 4690/3446/13 1247/3127/13
f 5030/3673/4351 6141/3344/5135 403/3392/386
f 256/3304/241 6986/3198/5736 7014/3674/5755
f 4015/3675/3562 4014/3493/3561 6142/3560/5136
f 926/3645/889 6165/3644/889 6166/3676/889
f 7106/3620/5824 825/2233/790 3960/3677/3517
f 6163/3646/5150 6132/3479/5131 6131/3678/5130
f 2255/3308/2096 2256/3481/2097 2688/3679/2476
f 2262/3680/2103 2261/3574/2102 2152/3593/2000
f 6776/3681/5579 3966/2744/3522 243/3536/228
f 4022/3682/3567 6138/3683/3567 5379/3684/3567
f 3589/3547/3219 2685/3546/2473 2700/3685/2488
f 6114/3655/5116 2692/3686/2480 5354/3656/4587
f 5356/3687/1696 5357/3688/1696 1828/3689/1696
f 5354/3656/4587 2692/3686/2480 5359/3690/4589
f 4662/3093/4066 2664/3382/2454 550/3691/528
f 5364/3582/2481 2693/3692/2481 6106/3483/2481
f 3574/3418/1597 5360/3693/1597 1712/3694/1597
f 2690/3695/2478 3572/3418/3206 2694/3694/2482
f 6252/3423/5202 5025/3696/4346 4974/2880/4308
f 2695/3697/2483 1136/3424/1081 540/3599/518
f 4018/3437/993 1043/3141/993 3608/3698/993
f 4672/3699/4074 2733/3700/2517 382/3701/365
f 3128/3702/89 97/3601/89 4376/3602/89
f 127/2354/119 132/3366/123 134/3703/125
f 1207/3704/1149 2680/3705/2469 1132/3706/1077
f 6048/3261/5073 7187/3373/5882 4700/3707/4094
f 2194/3374/2041 1677/3708/1566 4991/3015/4319
f 380/3592/363 3588/3512/3218 7006/3709/5751
f 6975/3016/5727 4008/3473/3555 6130/3541/5129
f 6169/3710/4580 5417/3711/4580 5345/3712/4580
f 722/3309/691 724/3713/693 723/3239/692
f 5020/3482/4341 2149/2791/1997 2263/3714/2104
f 4379/3453/3843 3613/3496/3236 4380/3715/3844
f 6157/3544/5145 4020/3716/3565 5316/3054/4560
f 4026/3717/3570 1042/3718/992 1239/3719/1181
f 6782/3416/5583 5043/3654/4360 6175/3720/5156
f 6175/3720/5156 4003/3436/3551 6782/3416/5583
f 3202/3350/2914 366/3721/349 367/2878/350
f 5041/3722/4359 5038/3723/4356 5347/3724/4582
f 2663/3725/2453 1604/3726/1497 2696/3727/2484
f 1604/3726/1497 1711/3728/1596 2696/3727/2484
f 7114/3665/5830 7109/3598/5826 7110/3549/5827
f 4012/3520/3559 4011/3729/3558 194/3579/180
f 6347/3730/5268 2569/2753/2372 697/2800/666
f 5347/3724/4582 5038/3723/4356 2115/3731/1963
f 2115/3732/1963 5040/3733/4358 5048/3734/4364
f 2061/3633/1909 2060/2841/1908 2058/2881/1906
f 1800/3584/1669 337/3735/320 4371/3488/3836
f 98/3529/90 105/2802/97 103/3736/95
f 103/3736/95 105/2802/97 107/3458/99
f 809/3737/774 750/3249/719 6970/2634/5723
f 1132/3706/1077 2680/3705/2469 2724/3738/2509
f 2721/3739/2506 2679/3372/2468 6180/3564/5159
f 870/2467/834 4681/3539/4083 4421/3740/3874
f 6181/3561/1353 1434/3621/1353 4420/3741/1353
f 728/3238/697 749/3395/718 4382/3742/3846
f 3600/3575/3226 6157/3544/5145 476/3087/455
f 4024/3577/1331 6173/3743/1331 1407/3136/1331
f 6143/3647/5137 3572/3418/3206 2690/3695/2478
f 551/3744/529 4373/3580/3838 549/3093/527
f 194/3579/180 4011/3729/3558 6159/3745/5146
f 4343/3347/3812 3139/3241/2862 3141/3746/2863
f 3144/3747/2866 3145/3748/2867 5365/3749/4590
f 5408/3750/4622 2115/3732/1963 5048/3734/4364
f 2115/3632/1963 5408/3751/4622 2101/3360/1949
f 953/3752/915 3122/3387/2848 160/3485/151
f 4375/3602/3840 98/3529/90 99/3753/91
f 3131/3474/2856 3622/3475/3244 3148/3754/2870
f 5334/3755/4573 6786/3670/5587 6783/3669/5584
f 3588/3512/3218 7188/3604/5883 7006/3709/5751
f 3623/3635/3245 951/3756/913 5027/3757/4348
f 4669/3298/4071 6127/3538/5126 6146/3758/5139
f 5028/3759/4349 5027/3757/4348 68/3760/62
f 4680/3159/4082 6789/3761/5589 414/3461/397
f 5027/3757/4348 951/3756/913 68/3760/62
f 950/3510/912 951/3756/913 3623/3635/3245
f 726/3132/695 728/3238/697 727/3623/696
f 2260/3762/2101 4367/3494/3834 2261/3574/2102
f 723/3239/692 724/3713/693 734/3763/703
f 745/3264/714 723/3239/692 734/3763/703
f 3172/3764/2891 6788/3535/5588 4676/3515/4078
f 6775/3517/5578 2697/3765/2485 2699/3062/2487
f 911/3766/875 1042/3718/992 4026/3717/3570
f 1243/3767/1185 5348/3768/1185 6176/3769/1185
f 3225/3744/2931 4662/3093/4066 550/3691/528
f 6159/3770/5146 4011/3771/3558 1406/3772/1330
f 1406/3772/1330 4011/3771/3558 3144/3747/2866
f 1406/3772/1330 3144/3747/2866 5365/3749/4590
f 4695/3599/4091 2700/3661/2488 2705/3773/2493
f 2101/3360/1949 5408/3751/4622 3109/2708/2837
f 6149/3774/5141 4670/3429/4072 1981/3428/1833
f 5031/3775/933 5035/3553/933 976/3333/933
f 6198/3776/5169 6125/3538/5124 5369/3591/4594
f 5422/3777/4633 4699/3638/4093 411/3413/394
f 5368/3559/4593 7217/3639/5905 5371/3778/4596
f 415/3779/398 2257/3568/2098 2255/3308/2096
f 257/3780/242 1675/3259/1564 2200/3199/2047
f 722/3309/691 727/3623/696 724/3713/693
f 4675/3462/4077 460/3543/441 4381/3781/3845
f 3612/3516/3235 269/2702/254 3614/3782/3237
f 6158/3783/3568 5404/3784/3568 4023/3785/3568
f 1406/3772/1330 5365/3749/4590 6172/3786/5155
f 5380/3684/876 6174/3787/876 912/3682/876
f 528/3788/506 5377/3789/4599 5375/3790/4597
f 3614/3782/3237 269/2702/254 6179/3791/5158
f 5378/3650/4600 6135/3331/5133 6998/3792/5744
f 5042/3793/4357 5044/3794/4357 5039/3795/4357
f 4723/3796/4113 6253/3662/5203 4344/3524/3813
f 644/3797/615 2095/3798/1943 1408/3799/1332
f 1408/3800/1332 5054/3801/4370 1409/3802/1333
f 648/2755/619 698/3803/667 5430/3386/4640
f 4375/3804/3840 99/3805/91 6160/3806/5147
f 6795/3807/5592 6793/3808/5592 7189/3701/5592
f 7188/3604/5883 6794/3809/5593 7006/3709/5751
f 881/3810/845 1980/3811/845 6147/3812/845
f 492/3813/471 7220/3639/471 7186/3371/471
f 6153/3814/5127 6128/3815/5127 7218/3816/5127
f 7219/3817/1133 1191/3818/1133 6201/3819/1133
f 380/3592/363 7006/3709/5751 4028/3820/3572
f 6790/3821/5590 6167/3822/5152 6164/3823/5151
f 4029/3824/3573 6790/3821/5590 6164/3823/5151
f 5416/3825/4629 6171/3642/5154 2727/3641/2512
f 4028/3820/3572 4029/3824/3573 65/3826/59
f 65/3826/59 4029/3824/3573 6164/3823/5151
f 380/3592/363 4028/3820/3572 65/3826/59
f 2256/3481/2097 4367/3494/3834 2260/3762/2101
f 727/3623/696 728/3238/697 729/3827/698
f 727/3623/696 729/3827/698 733/3828/702
f 724/3713/693 727/3623/696 733/3828/702
f 733/3828/702 734/3763/703 724/3713/693
f 4061/3829/3596 318/2868/302 887/3495/851
f 7115/2869/5831 6216/3830/5176 562/3052/539
f 74/3463/68 73/3434/67 5394/3831/4610
f 1406/3772/1330 6172/3786/5155 6159/3770/5146
f 1223/3832/1165 528/3788/506 5406/3833/4620
f 5406/3833/4620 528/3788/506 5375/3790/4597
f 2704/3834/2492 74/3463/68 5394/3831/4610
f 73/3835/67 5395/3836/4611 5394/3837/4610
f 4003/3838/3551 6175/3839/5156 6178/3840/5157
f 308/3841/292 5964/2682/5013 2698/3842/2486
f 5047/3843/4363 5046/3322/4362 6227/3629/5185
f 1370/3844/1295 1364/3845/1295 6177/3846/1295
f 2664/3382/2454 2695/3697/2483 550/3691/528
f 2701/3661/2489 2709/3847/2489 2706/3773/2489
f 5408/3751/4622 7127/3581/5841 3109/2708/2837
f 952/3848/914 5029/3752/4350 2712/3849/2497
f 2712/3849/2497 5029/3752/4350 2713/3850/2498
f 96/3804/88 6161/3806/5148 3127/3851/2853
f 125/3587/117 127/2354/119 134/3703/125
f 6792/3852/5591 7003/3853/5749 6211/3854/5174
f 5334/3755/4573 6783/3669/5584 2725/3855/2510
f 6791/3856/1261 3631/3857/1261 1327/3858/1261
f 588/3859/563 7118/3860/5834 1026/3861/979
f 414/3461/397 5422/3777/4633 411/3413/394
f 257/3780/242 2200/3199/2047 4709/3862/4101
f 2721/3739/2506 6180/3564/5159 2716/3863/2501
f 2720/3864/2505 6185/3865/2505 4422/3866/2505
f 433/3131/416 2760/3867/2540 3959/2645/3516
f 4061/3829/3596 887/3495/851 3173/3868/2892
f 5407/3869/4621 73/3835/67 4027/3870/3571
f 2687/3498/2475 4373/3578/3838 551/3871/529
f 6145/3872/2479 2691/3873/2479 6186/3874/2479
f 2692/3686/2480 6114/3655/5116 6187/3875/5161
f 5395/3836/4611 73/3835/67 5407/3869/4621
f 4003/3436/3551 6178/3876/5157 2296/3465/2137
f 2698/3842/2486 5964/2682/5013 2207/2605/2054
f 5376/3877/4598 1222/3878/1164 1092/3879/1039
f 7000/3880/5746 1092/3879/1039 1222/3878/1164
f 291/3521/276 293/3881/278 5043/3654/4360
f 6203/3882/5170 5396/3836/4612 5405/3869/4619
f 6191/3883/5165 7120/3884/5836 2702/3885/2490
f 5396/3886/4612 6203/3887/5170 2710/3847/2496
f 2703/3661/2491 5396/3886/4612 2710/3847/2496
f 2309/3888/2148 7113/3889/5829 7111/3890/5828
f 6204/3891/4601 5381/3892/4601 5385/3893/4601
f 1343/3894/1276 7113/3889/5829 2309/3888/2148
f 5425/3895/4636 2695/3697/2483 540/3599/518
f 367/2878/350 366/3721/349 3999/3293/3549
f 6998/3792/5744 6135/3331/5133 5336/3528/4574
f 3147/3225/2869 2099/3896/1947 2061/3633/1909
f 5387/3897/4604 6797/3898/5595 6814/3899/5607
f 2061/3633/1909 2063/3900/1911 2060/2841/1908
f 2714/3850/2499 953/3752/915 160/3485/151
f 382/3701/365 2733/3700/2517 961/3807/920
f 6792/3852/5591 6796/3901/5594 7003/3853/5749
f 3127/3851/2853 6161/3806/5148 3149/3902/2871
f 1992/2845/1843 1994/3903/1845 7185/3253/5881
f 882/3904/846 7005/3905/5750 518/3906/496
f 7221/3639/3865 4408/3813/3865 6151/3907/3865
f 882/3904/846 6148/3908/5140 7005/3905/5750
f 1807/3610/1676 3126/3447/2852 3150/3909/2872
f 2194/3374/2041 2196/3910/2043 1677/3708/1566
f 1738/3639/1619 6197/3911/1619 5372/3778/1619
f 5370/3912/4595 7007/3913/4595 6199/3914/4595
f 1423/3711/924 2731/3915/924 967/3712/924
f 7115/2869/5831 1450/3916/1365 6216/3830/5176
f 4334/3207/3804 7097/2718/5817 5392/3917/4608
f 388/3310/371 3154/3918/2874 3156/3576/2875
f 5043/3654/4360 293/3881/278 1241/3919/1183
f 6178/3876/5157 4360/3466/3827 2296/3465/2137
f 5399/3920/4615 1163/3921/1107 5397/3922/4613
f 5398/3923/4614 6206/3924/4614 5403/3925/4614
f 695/3051/664 6347/3730/5268 697/2800/666
f 1241/3919/1183 4389/3926/3850 5411/3927/4625
f 1240/3795/1182 5045/3794/4361 1242/3928/1184
f 5388/3897/728 2711/3847/728 759/3887/728
f 1242/3928/1184 5045/3794/4361 5410/3929/4624
f 5409/3930/4623 2123/3931/1971 5408/3932/4622
f 1242/3928/1184 5410/3929/4624 2120/3933/1968
f 4013/3667/3560 2116/3934/1964 644/3797/615
f 83/3935/76 952/3848/914 2712/3849/2497
f 98/3529/90 100/3936/92 99/3753/91
f 99/3753/91 7116/3937/5832 1129/3938/1074
f 4383/3939/934 4385/3940/934 977/3941/934
f 7002/3942/5748 961/3807/920 2734/3943/2518
f 3132/3474/81 129/3944/81 88/3332/81
f 882/3904/846 518/3906/496 6207/3945/5172
f 6207/3945/5172 518/3906/496 6210/3946/5173
f 381/3856/364 1027/3947/980 3633/3857/3254
f 1026/3861/979 7118/3860/5834 1027/3947/980
f 834/3948/799 5374/3949/799 7010/3950/799
f 2728/3641/2513 6213/3951/2513 5418/3825/2513
f 5414/3711/4627 2717/3952/2502 2730/3915/2515
f 750/3249/719 743/3953/712 749/3395/718
f 734/3763/703 733/3828/702 735/3954/704
f 745/3264/714 734/3763/703 744/3414/713
f 4697/3955/4092 4675/3462/4077 4381/3781/3845
f 6115/3956/891 928/3957/891 6195/3958/891
f 924/3959/887 6196/3960/887 1779/3961/887
f 1764/3962/1643 1221/3877/1163 5052/3963/4368
f 1241/3919/1183 4387/3964/3848 4389/3926/3850
f 4343/3347/3812 3141/3746/2863 4721/3965/4111
f 7111/3890/5828 4361/3966/3828 2309/3888/2148
f 5428/3967/4638 538/3847/516 5389/3897/4605
f 559/3968/536 5386/3969/536 4397/3970/536
f 3620/3485/3242 162/3583/153 3621/3971/3243
f 133/3972/124 132/3366/123 3134/3332/2858
f 7004/3973/919 6208/3974/919 960/3975/919
f 1073/3552/1020 1072/3232/1019 6842/3976/5629
f 588/3859/563 6150/3977/5142 7118/3860/5834
f 1027/3947/980 7118/3860/5834 7119/3978/5835
f 3218/3979/2925 5036/3553/4354 5032/3775/4352
f 4409/3813/3866 6200/3911/3866 6154/3907/3866
f 1108/3914/1053 7011/3913/1053 6155/3980/1053
f 4700/3707/4094 4702/3981/4096 6048/3261/5073
f 415/3779/398 2255/3308/2096 2688/3679/2476
f 6212/3982/5175 2722/3983/2507 5415/3984/4628
f 1425/3985/1345 2717/3952/2502 5414/3711/4627
f 730/3742/699 729/3827/698 728/3238/697
f 2262/3680/2103 2152/3593/2000 2263/3986/2104
f 3175/3764/759 793/3515/759 4698/3987/759
f 6219/3988/5179 1163/3921/1107 5399/3920/4615
f 7120/3884/5836 1165/3989/1109 2702/3885/2490
f 539/3773/517 538/3847/516 5428/3967/4638
f 5384/3892/1298 1367/3990/1298 1416/3893/1298
f 1408/3799/1332 2095/3798/1943 5054/3896/4370
f 5408/3932/4622 2121/3991/1969 7127/3992/5841
f 2060/2841/1908 2063/3900/1911 5419/2882/4630
f 2714/3850/2499 160/3485/151 163/3971/154
f 3148/3754/2870 83/3935/76 2712/3849/2497
f 3622/3475/3244 83/3935/76 3148/3754/2870
f 1799/3361/1668 3632/3672/3253 1536/3993/1440
f 961/3807/920 2733/3700/2517 2734/3943/2518
f 133/3972/124 3134/3332/2858 2744/3944/2526
f 6162/3994/5149 7117/3995/5833 6800/3996/5598
f 6162/3994/5149 6800/3996/5598 3152/3997/2873
f 2732/3998/2516 6156/3999/5144 6798/4000/5596
f 3633/3857/3254 1027/3947/980 7119/3978/5835
f 7107/3533/3575 4034/4001/3575 4682/3590/3575
f 1743/4002/1624 2722/3983/2507 6212/3982/5175
f 414/3461/397 6789/3761/5589 5422/3777/4633
f 410/3638/393 4708/4003/4100 4701/4004/4095
f 6202/3911/3864 4407/3813/3864 5373/3778/3864
f 5049/4005/4365 256/3304/241 7014/3674/5755
f 6246/3452/5198 401/3240/384 6245/4006/5197
f 5392/3917/4608 7097/2718/5817 6217/4007/5177
f 1241/3919/1183 293/3881/278 4387/3964/3848
f 6193/4008/5167 537/4009/515 1163/3921/1107
f 6219/3988/5179 5399/3920/4615 5053/4010/4369
f 1763/4011/1642 1764/3962/1643 5052/3963/4368
f 6205/4012/5171 5401/4013/4617 6813/4014/5606
f 6205/4012/5171 6813/4014/5606 5382/4015/4602
f 5425/3895/4636 540/3599/518 2708/3773/2495
f 5428/3967/4638 5389/3897/4605 4394/4016/3854
f 2742/4017/2525 7110/3549/5827 2780/3550/2555
f 2056/4018/1904 2116/4019/1964 4013/4020/3560
f 4398/4021/3856 6814/3899/5607 6797/3898/5595
f 7228/4022/5910 753/2668/722 806/3341/771
f 2745/3944/2527 81/3474/74 84/3754/77
f 7002/3942/5748 2734/3943/2518 3625/4023/3247
f 4410/4024/3867 7185/4025/5881 1994/4026/1845
f 4714/4027/4106 1807/3610/1676 3150/3909/2872
f 1028/4028/981 3160/4029/2879 3630/4030/3252
f 831/4031/796 3158/4032/2877 1028/4028/981
f 1311/4033/1245 4030/4034/1245 4032/4035/1245
f 835/4036/800 4406/4037/3863 7009/4038/5752
f 6152/3980/5143 3158/4032/2877 831/4031/796
f 1028/4028/981 3158/4032/2877 3160/4029/2879
f 3160/4029/2879 6220/4039/5180 3630/4030/3252
f 6776/3681/5579 243/3536/228 6346/4040/5267
f 6188/3961/5162 6192/3960/5166 920/4041/883
f 6193/4008/5167 1163/3921/1107 6219/3988/5179
f 1221/3877/1163 5050/3879/4366 5052/3963/4368
f 2295/4042/2136 7112/4043/2136 6242/4044/2136
f 758/4045/727 5426/4046/727 7121/4047/727
f 6243/4048/1296 1365/4049/1296 2743/4050/1296
f 3130/3526/2855 3157/4051/2876 2055/3189/1903
f 1366/4016/1297 5390/3897/4606 558/3899/535
f 5408/3932/4622 2123/3931/1971 2121/3991/1969
f 5419/2882/4630 2063/3900/1911 5420/4052/4631
f 162/3583/153 5023/3486/4344 62/4053/56
f 1684/3973/848 884/4054/848 6209/3974/848
f 4401/4055/3859 4384/3367/3847 5037/3605/4355
f 6093/3471/5102 1210/3586/1152 5033/4056/4353
f 4033/4057/2508 5333/4058/2508 2723/3983/2508
f 4038/4057/3578 2722/3983/2507 1743/4002/1624
f 3634/4059/3251 3629/4060/3251 6222/4061/3251
f 5422/3777/4633 418/4003/401 4699/3638/4093
f 1029/3980/472 7008/3913/472 493/4032/472
f 908/4062/872 1291/4063/1228 1292/4064/1229
f 2261/3574/2102 2262/3680/2103 2260/3762/2101
f 2263/3714/2104 2149/2791/1997 391/3542/374
f 4697/3955/4092 4381/3781/3845 3615/4065/3238
f 6189/3961/5163 6223/4041/5182 6224/4066/5183
f 2735/4067/2519 920/4041/883 921/4068/884
f 2735/4067/2519 921/4068/884 2737/4069/2521
f 2737/4069/2521 921/4068/884 7015/4070/5756
f 921/4068/884 6999/4071/5745 7015/4070/5756
f 6144/4072/5138 6190/4073/5164 662/4074/632
f 920/4041/883 1164/4075/1108 921/4068/884
f 6144/4072/5138 662/4074/632 6194/4076/5168
f 6192/3960/5166 1164/4075/1108 920/4041/883
f 921/4068/884 1164/4075/1108 1093/4077/1040
f 1093/4077/1040 5051/4078/4367 921/4068/884
f 921/4068/884 5051/4078/4367 6999/4071/5745
f 4358/3466/3825 6241/4079/5195 2294/3444/2135
f 1165/3989/1109 7120/3884/5836 5400/4013/4616
f 6810/4080/5603 4391/4081/3852 5383/4082/4603
f 4392/4081/1338 4396/4083/1338 1415/4082/1338
f 550/3691/528 2695/3697/2483 5425/3895/4636
f 2110/4084/1958 2123/4085/1971 5409/4086/4623
f 4386/3940/1151 1209/3939/1151 4402/4087/1151
f 1210/3586/1152 4403/4088/3860 5033/4056/4353
f 4401/4055/3859 5037/3605/4355 3217/4089/2924
f 3161/4090/2880 3635/4059/3255 6221/4061/5181
f 4406/4037/3863 4405/4091/3862 7009/4038/5752
f 6221/4061/5181 7236/4092/5918 3161/4090/2880
f 5421/4093/4632 418/4003/401 5422/3777/4633
f 3159/4094/2878 488/4092/467 494/4095/473
f 494/4095/473 488/4092/467 832/4061/797
f 2719/4096/2504 908/4062/872 1292/4064/1229
f 749/3395/718 743/3953/712 4382/3742/3846
f 733/3828/702 729/3827/698 731/4097/700
f 734/3763/703 736/4098/705 744/3414/713
f 307/4065/291 461/3781/291 306/4099/291
f 3169/4100/2888 795/4101/761 3176/4102/2894
f 795/4101/761 3617/4103/3240 3176/4102/2894
f 6224/4066/5183 6223/4041/5182 658/4067/628
f 3616/4104/3239 2739/4105/2523 6225/4106/5184
f 922/4107/885 7001/4108/5747 7123/4109/5838
f 662/4074/632 6190/4073/5164 923/4110/886
f 6245/4006/5197 401/3240/384 6830/4111/5619
f 3177/4112/959 6226/4106/959 1004/4105/959
f 6194/4076/5168 662/4074/632 5424/4113/4635
f 5047/3843/4363 6227/3629/5185 2755/4114/2536
f 3179/4112/2896 2738/4105/2522 18/4115/16
f 1201/3884/1143 5429/4116/4639 5402/4013/4618
f 5402/4013/4618 5429/4116/4639 6812/4014/5605
f 2154/3101/2002 828/3103/793 5026/4117/4347
f 7122/4047/5837 663/4046/633 2707/4118/2494
f 5428/3967/4638 4394/4016/3854 7023/4119/5763
f 2098/4120/1946 2096/4121/1944 2056/4018/1904
f 2116/3934/1964 2095/3798/1943 644/3797/615
f 366/3721/349 4039/4122/3579 3999/3293/3549
f 1800/3584/1669 1537/4123/1441 337/3735/320
f 2746/4124/2528 86/3849/79 2715/3850/2500
f 6244/4125/5196 6799/4126/5597 111/4127/103
f 4035/4057/948 6231/4128/948 992/4058/948
f 2732/3998/2516 6798/4000/5596 883/4129/847
f 883/4129/847 6798/4000/5596 3624/4130/3246
f 3624/4130/3246 6798/4000/5596 587/4131/562
f 3161/4090/2880 3163/4132/2882 3635/4059/3255
f 6799/4126/5597 6801/4133/5599 111/4127/103
f 3151/4134/1372 1533/4135/1372 1457/4136/1372
f 2774/4137/2549 1807/3610/1676 4714/4027/4106
f 7236/4092/5918 6237/4138/5192 3161/4090/2880
f 418/4003/401 5421/4093/4632 4053/4139/3589
f 1432/4140/1351 416/4141/399 1431/4142/1350
f 4710/4143/4102 257/3780/242 4709/3862/4101
f 2798/4144/2571 5917/2327/4981 3642/4145/3260
f 3642/4145/3260 5917/2327/4981 3500/2408/3147
f 506/4146/7 3619/4147/7 7/4148/7
f 2687/3498/2475 551/3871/529 3227/4149/2933
f 659/4150/629 922/4107/885 7123/4109/5838
f 6802/4151/5600 659/4150/629 7123/4109/5838
f 293/3881/278 1493/4152/1405 4387/3964/3848
f 5423/4153/4634 2736/4154/2520 6802/4151/5600
f 2736/4154/2520 659/4150/629 6802/4151/5600
f 4393/4155/3853 6802/4151/5600 4399/4156/3857
f 4399/4156/3857 6802/4151/5600 7123/4109/5838
f 18/4115/16 2738/4105/2522 2741/4157/2524
f 1005/4158/960 2740/4159/960 6238/4160/960
f 3143/4161/2865 2154/3101/2002 5026/4117/4347
f 7122/4047/5837 2707/4118/2494 661/4162/631
f 2056/4018/1904 2096/4121/1944 2116/4019/1964
f 5054/3896/4370 2095/3798/1943 2091/4163/1939
f 1800/4164/1669 7013/3361/5754 7012/3993/5753
f 3649/4165/3267 1073/3552/1020 6842/3976/5629
f 2746/4124/2528 84/3754/77 86/3849/79
f 84/3754/77 2746/4124/2528 2745/3944/2527
f 5332/3470/4572 6230/4166/5188 1837/2215/1704
f 1536/3993/1440 3632/3672/3253 6389/4167/5303
f 4715/4168/4107 6799/4169/5597 6244/4170/5196
f 4404/4088/3861 6804/4171/3861 5034/4056/3861
f 4715/4168/4107 4713/4172/4105 6799/4169/5597
f 7016/4173/3576 6232/4174/3576 4036/4175/3576
f 4713/4172/4105 376/4176/359 6799/4169/5597
f 7017/4177/5757 4037/4178/3577 7018/4179/5758
f 4405/4091/3862 6237/4138/5192 7236/4092/5918
f 7009/4038/5752 4405/4091/3862 7236/4092/5918
f 833/4038/798 488/4092/467 3159/4094/2878
f 734/3763/703 735/3954/704 736/4098/705
f 3643/4180/3261 898/2526/862 564/3133/541
f 388/3310/371 6246/3452/5198 7222/4181/5906
f 7223/4182/5907 1497/4183/1409 387/4184/370
f 5423/4153/4634 923/4110/886 2736/4154/2520
f 662/4074/632 923/4110/886 5423/4153/4634
f 4388/4185/3849 6809/4186/3849 6269/4187/3849
f 5423/4153/4634 6802/4151/5600 6811/4188/5604
f 4720/3796/4109 4718/4189/4109 6254/3662/4109
f 2750/4190/2531 3179/4112/2896 18/4115/16
f 5424/4113/4635 662/4074/632 5423/4153/4634
f 5427/4191/4637 5423/4153/4634 6811/4188/5604
f 6810/4080/5603 556/4192/534 4391/4081/3852
f 7124/4193/5839 6849/4194/5633 4400/4195/3858
f 2303/4185/2142 2111/4196/1959 4390/4197/3851
f 2116/3934/1964 2096/4198/1944 2094/4199/1942
f 2116/3934/1964 2094/4199/1942 2095/3798/1943
f 2094/4199/1942 2091/4163/1939 2095/3798/1943
f 1552/3469/1456 368/3294/351 369/4200/352
f 7116/3937/5832 99/3753/91 3166/4201/2885
f 3166/4201/2885 99/3753/91 100/3936/92
f 3165/4132/2884 7126/4202/2884 3636/4059/2884
f 1838/2012/1705 3627/4203/3249 3626/2015/3248
f 2199/2016/2046 3628/4204/3250 2192/2501/2039
f 1438/4205/1356 3637/4206/1356 6390/4207/1356
f 6766/3389/5570 5326/3296/4566 2776/4208/2551
f 4418/3866/2503 4411/4209/2503 2718/3864/2503
f 4415/4209/1344 6214/4210/1344 1424/3864/1344
f 2256/3481/2097 2260/3762/2101 2267/4211/2108
f 2267/4211/2108 2260/3762/2101 2262/3680/2103
f 6271/4187/5216 2111/4196/1959 2303/4185/2142
f 4040/4212/3580 2742/4017/2525 2780/3550/2555
f 2094/4199/1942 2092/4213/1940 2091/4163/1939
f 2304/4197/2143 7226/4196/2143 5413/4214/2143
f 5412/4086/4626 2811/4215/2581 2110/4084/1958
f 5517/4216/4708 2714/3850/2499 163/3971/154
f 7012/3993/5753 1537/4217/1441 1800/4164/1669
f 991/4218/947 1458/4219/1373 3168/4220/2887
f 1837/2215/1704 6230/4166/5188 6312/4221/5243
f 4355/3394/3822 5024/3600/4345 47/3609/41
f 729/3827/698 730/3742/699 731/4097/700
f 2795/4222/2569 5003/3168/4328 897/2394/861
f 6179/3791/5158 1499/4223/1411 3614/3782/3237
f 3616/4224/3239 1687/4225/1575 2739/4226/2523
f 4721/3965/4111 3141/3746/2863 3235/4227/2940
f 764/4228/733 3233/4229/2939 6255/4230/5204
f 2103/3526/1951 2122/3581/1970 4090/4231/3619
f 7020/4232/5760 6998/3792/5744 5336/3528/4574
f 2110/4084/1958 2108/4233/1956 2123/4085/1971
f 7127/3581/5841 2121/4234/1969 2105/4231/1953
f 3621/3971/3243 162/3583/153 62/4053/56
f 3168/4220/2887 1458/4219/1373 3166/4201/2885
f 1458/4219/1373 7116/3937/5832 3166/4201/2885
f 490/4235/469 1996/4236/1847 6236/4237/5191
f 4341/3192/3810 258/4238/243 1992/2845/1843
f 2774/4137/2549 4714/4027/4106 4054/4239/3590
f 6215/4210/3868 4412/4209/3868 4423/4240/3868
f 3154/3918/2874 388/3310/371 6248/4241/5200
f 2749/4242/2530 2747/4243/2529 3178/4244/2895
f 6249/4245/5201 4719/4189/4110 4722/3796/4112
f 6803/4246/5601 7024/4247/5764 1368/4248/1299
f 3239/4229/2864 3142/4249/2864 6251/4230/2864
f 2103/3526/1951 4090/4231/3619 2104/4051/1952
f 5056/4250/4372 5428/3967/4638 7023/4119/5763
f 2158/4249/794 829/4251/794 1429/4230/794
f 4429/4252/2532 2751/4190/2532 4428/4115/2532
f 4430/4253/3878 4427/4254/3877 4043/4255/3583
f 4040/4212/3580 4427/4254/3877 2742/4017/2525
f 2099/3896/1947 4733/4163/4121 2061/3633/1909
f 813/4173/778 6278/4256/5219 6234/4174/5190
f 143/4257/134 2744/3944/2526 130/4124/121
f 1994/4026/1845 490/4258/469 4410/4024/3867
f 750/3249/719 809/3737/774 743/3953/712
f 5422/3777/4633 6789/3761/5589 7190/4259/5884
f 1743/4002/1624 6212/3982/5175 4726/4260/4116
f 4726/4260/4116 6212/3982/5175 4424/4261/3875
f 2263/3714/2104 391/3542/374 6247/4262/5199
f 1332/4263/1265 2687/3498/2475 3227/4149/2933
f 6850/4264/5634 660/4265/630 1553/4266/1457
f 293/3881/278 2752/4267/2533 1493/4152/1405
f 2747/4243/2529 6285/4268/5222 3178/4244/2895
f 6250/4269/736 767/3965/736 3236/4227/736
f 2748/4270/1348 1428/4271/1348 4431/4272/1348
f 6241/4079/5195 7027/4273/5767 2294/3444/2135
f 6831/4274/5620 1279/4275/1216 4395/4276/3855
f 5425/3895/4636 657/4277/627 5055/4278/4371
f 657/4277/627 5428/3967/4638 5056/4250/4372
f 4043/4255/3583 4427/4254/3877 4040/4212/3580
f 7225/4279/5908 1040/4215/990 2124/4086/1972
f 6814/3899/5607 4398/4021/3856 6815/4280/5608
f 7228/4022/5910 806/3341/771 1810/3388/1679
f 6484/4281/5362 133/3972/124 2744/3944/2526
f 132/3366/123 133/3972/124 134/3703/125
f 7019/4282/5759 6278/4256/5219 813/4173/778
f 1992/2845/1843 258/4238/243 1994/3903/1845
f 4708/4003/4100 4055/4139/3591 4701/4004/4095
f 7018/4179/5758 4037/4178/3577 6824/4283/5614
f 4704/4284/3586 4052/4285/3586 4049/4286/3586
f 1470/4034/1385 6825/4287/5615 1472/4035/1386
f 7106/3620/5824 3960/3677/3517 4064/4288/3599
f 4425/4289/3876 6259/4290/3876 6280/4291/3876
f 744/3414/713 736/4098/705 4724/4292/4114
f 2681/3414/2470 741/4292/710 695/3051/664
f 4770/4293/4149 3194/4294/2907 5003/3168/4328
f 7223/4182/5907 387/4184/370 6256/4295/5205
f 3174/4296/2893 3180/4297/2893 6283/4298/2893
f 3618/4224/3241 6263/4299/5209 6239/4225/5193
f 4040/4212/3580 2780/3550/2555 4057/4300/3592
f 7225/4279/5908 6270/4301/5215 7191/4302/5885
f 7225/4279/5908 7191/4302/5885 1040/4215/990
f 4059/4303/3594 103/3736/95 107/3458/99
f 1439/4304/1357 7125/4305/5840 6388/4306/5302
f 990/4307/946 4716/4308/946 4056/4309/946
f 1100/4310/1045 6822/4311/1045 6277/4312/1045
f 2773/4313/2548 1431/4142/1350 416/4141/399
f 6789/3761/5589 983/4314/940 7190/4259/5884
f 4031/4315/3574 7106/3620/5824 4064/4288/3599
f 6260/4316/3871 4426/4240/3871 4416/4209/3871
f 564/3133/541 565/4317/542 6819/4318/5610
f 293/3881/278 2754/4319/2535 2752/4267/2533
f 103/3736/95 100/3936/92 98/3529/90
f 6233/4320/5189 6276/4321/5189 6273/4322/5189
f 982/4323/939 4053/4139/3589 5421/4093/4632
f 4727/4324/4117 4726/4260/4116 4424/4261/3875
f 6279/4325/978 4729/4326/978 1024/4327/978
f 4702/3981/4096 2759/4328/2539 6048/3261/5073
f 4066/4288/789 824/3677/789 2762/4329/789
f 4417/4330/3872 4728/4331/3872 6258/4332/3872
f 732/4333/701 731/4097/700 730/3742/699
f 6819/4318/5610 3643/4180/3261 564/3133/541
f 6830/4111/5619 401/3240/384 3198/4334/2910
f 3618/4224/3241 6261/4335/5207 6263/4299/5209
f 6850/4264/5634 1553/4266/1457 7022/4336/5762
f 6268/4337/5214 6808/4338/5602 3190/4339/2903
f 1427/4340/1347 4046/4341/3585 6284/4342/5221
f 1427/4340/1347 20/4343/18 4046/4341/3585
f 4048/4255/3581 4041/4212/3581 7028/4344/3581
f 1552/3469/1456 369/4200/352 6827/4345/5617
f 1837/2215/1704 6873/4346/5651 1838/2012/1705
f 130/4124/121 87/3850/80 5518/4216/4709
f 6272/4347/5217 968/4348/925 6821/4349/5612
f 2271/4350/2112 2256/3481/2097 2267/4211/2108
f 741/4292/710 6347/3730/5268 695/3051/664
f 878/4351/842 6245/4006/5197 6830/4111/5619
f 3170/4296/2889 6287/4298/2889 3181/4352/2889
f 2055/3189/1903 2098/4353/1946 2056/3551/1904
f 698/3803/667 3247/4354/2948 5430/3386/4640
f 3248/4355/2949 6227/3629/5185 652/3503/623
f 7020/4232/5760 5336/3528/4574 235/4356/220
f 3621/3971/3243 62/4053/56 164/4357/155
f 4058/4358/3593 103/3736/95 4059/4303/3594
f 1254/4286/1193 4717/4359/4108 112/4360/104
f 3205/4361/2917 112/4360/104 3167/4362/2886
f 7125/4305/5840 1949/4363/1804 6388/4306/5302
f 7228/4022/5910 1810/3388/1679 6341/4364/5265
f 1255/4285/1194 4717/4359/4108 1254/4286/1193
f 2196/3910/2043 1678/4365/1567 1677/3708/1566
f 2258/4366/2099 983/4314/940 6789/3761/5589
f 6826/4367/5616 1743/4002/1624 4726/4260/4116
f 4413/4330/3869 909/4368/873 4730/4331/4118
f 4062/4369/3597 4061/3829/3596 3173/3868/2892
f 2795/4222/2569 4770/4293/4149 5003/3168/4328
f 1450/3916/1365 1452/4370/1367 6216/3830/5176
f 388/3310/371 7222/4181/5906 6248/4241/5200
f 6328/4371/5206 7224/4182/5206 6257/4295/5206
f 2799/4372/2572 2697/3765/2485 6775/3517/5578
f 878/4373/842 6830/4374/5619 2771/4375/2547
f 5391/3917/4607 6218/4007/5178 2763/4376/2542
f 6216/3830/5176 3185/4377/2899 6286/4378/5223
f 4719/4189/4110 5063/4379/4377 3231/4380/2937
f 6829/4381/5618 1493/4152/1405 2752/4267/2533
f 3190/4339/2903 6808/4338/5602 2306/4382/2145
f 2306/4382/2145 3193/4383/2906 3190/4339/2903
f 6241/4079/5195 2765/4384/2543 7027/4273/5767
f 5055/4278/4371 657/4277/627 5056/4250/4372
f 4744/4385/3582 7029/4344/3582 4042/4212/3582
f 2096/4198/1944 2092/4213/1940 2094/4199/1942
f 1254/4286/1193 112/4360/104 3205/4361/2917
f 6833/4386/5622 1254/4286/1193 3205/4361/2917
f 1856/4387/1717 6235/4388/1717 6275/4389/1717
f 2192/2501/2039 2195/4390/2042 2194/3374/2041
f 809/3737/774 739/4391/708 743/3953/712
f 2773/4313/2548 416/4141/399 2778/4392/2553
f 4413/4330/3869 6823/4393/5613 909/4368/873
f 1737/4394/874 1502/4332/874 910/4331/874
f 730/3742/699 3639/3953/3257 732/4333/701
f 2267/4211/2108 2805/4395/2576 2271/4350/2112
f 5393/4317/4609 3196/4396/2909 6820/4318/5611
f 6266/4397/5212 1499/4223/1411 6179/3791/5158
f 3186/4398/2890 3171/4296/2890 3182/4352/2890
f 2770/4399/2546 6829/4381/5618 2752/4267/2533
f 3195/4400/2908 5391/3917/4607 2763/4376/2542
f 2766/4401/304 320/4402/304 6281/4403/304
f 4075/4404/3608 2768/4405/2545 6240/4225/5194
f 366/3721/349 3202/3350/2914 3201/4406/2913
f 764/4228/733 3228/4407/2934 3233/4229/2939
f 7191/4408/5885 6297/4409/5230 1040/4410/990
f 6803/4246/5601 6832/4411/5621 7024/4247/5764
f 1233/4337/1175 3191/4339/2904 2112/4408/1960
f 2811/4215/2581 2109/4412/1957 2110/4084/1958
f 1996/4236/1847 4786/4413/4164 6236/4237/5191
f 2194/3374/2041 2195/4390/2042 2196/3910/2043
f 4681/3539/4083 1580/4414/1476 4421/3740/3874
f 4706/4415/4099 6835/4416/5623 2761/4417/2541
f 2758/4329/2537 2756/4418/2537 4069/4288/2537
f 6835/4416/5623 449/4419/431 2761/4417/2541
f 602/4417/577 3222/4419/2928 2757/4420/2538
f 3222/4419/2928 1302/4421/1237 2757/4420/2538
f 731/4097/700 735/3954/704 733/3828/702
f 3222/4419/2928 3223/4422/2929 1302/4421/1237
f 3223/4422/2929 3640/4423/3258 1302/4421/1237
f 3223/4422/2929 3641/4424/3259 3640/4423/3258
f 450/4425/432 916/4426/432 604/4427/432
f 2800/4428/2053 2206/3681/2053 6344/4040/2053
f 4063/4429/3598 503/4296/482 3188/4398/2901
f 6330/4430/5254 878/4373/842 2771/4375/2547
f 3187/4398/2900 3184/4352/2898 2767/4431/2544
f 6249/4245/5201 5063/4379/4377 4719/4189/4110
f 2772/4432/2534 2753/4433/2534 3197/4400/2534
f 472/4400/451 2764/4376/451 2769/4432/451
f 569/4375/484 568/4434/484 505/4435/484
f 2159/4269/2006 3237/4227/2006 5064/4436/2006
f 2308/4437/2147 3192/4438/2905 2305/4439/2144
f 2305/4439/2144 3192/4438/2905 3199/4440/2911
f 3200/4441/2912 54/3456/48 2085/3426/1933
f 2308/4437/2147 6228/4442/5186 3192/4438/2905
f 6288/4443/5224 2765/4384/2543 6282/4444/5220
f 7027/4273/5767 4743/4445/4128 2294/3444/2135
f 550/3691/528 5425/3895/4636 5055/4278/4371
f 6289/4446/1417 1507/4447/1417 4045/4448/1417
f 2096/4198/1944 2098/4353/1946 2092/4213/1940
f 6766/3389/5570 2776/4208/2551 7025/4449/5765
f 3203/4450/2915 3206/4451/2915 6834/4452/2915
f 3209/4453/2919 4401/4055/3859 3217/4089/2924
f 5049/4005/4365 7014/3674/5755 6293/4454/5226
f 2775/4455/2550 2779/4456/2554 4050/4457/3587
f 2779/4456/2554 4703/4458/4097 4050/4457/3587
f 3639/3953/3257 3638/4391/3256 732/4333/701
f 3221/4459/2927 5432/4460/4642 2790/4461/2565
f 3221/4459/2927 2790/4461/2565 3224/4425/2930
f 6302/4462/5235 2263/3986/2104 6247/4463/5199
f 603/4464/578 3643/4180/3261 6819/4318/5610
f 3196/4396/2909 4772/4465/4151 6820/4318/5611
f 3226/4466/2932 3225/3744/2931 550/3691/528
f 3191/4339/2904 6295/4409/5228 2112/4408/1960
f 4742/4385/15 17/4212/15 22/4300/15
f 4733/4163/4121 4731/4467/4119 2061/3633/1909
f 3644/4468/3262 739/4391/708 809/3737/774
f 3218/3979/2925 5032/3775/4352 5057/4469/4373
f 6806/4171/987 5060/4470/987 1036/4056/987
f 4051/4471/3588 812/4472/777 2777/4473/2552
f 6307/4474/5238 6272/4347/5217 6821/4349/5612
f 6307/4474/5238 6821/4349/5612 4414/4475/3870
f 6293/4454/5226 7014/3674/5755 4711/4476/4103
f 983/4314/940 422/4477/405 6840/4478/5627
f 983/4456/940 6840/4479/5627 4705/4458/4098
f 4068/4480/3602 6323/4481/5250 1470/4034/1385
f 1470/4034/1385 6323/4481/5250 6825/4287/5615
f 4065/4288/3600 601/4418/576 3651/4482/3269
f 1750/4483/1631 5431/4484/4641 3221/4459/2927
f 2267/4211/2108 1123/4485/1068 2805/4395/2576
f 7227/4486/5909 603/4464/578 2787/4487/2562
f 2262/3680/2103 2263/3986/2104 6302/4462/5235
f 2792/4488/2567 603/4464/578 6819/4318/5610
f 6264/4489/5210 308/3841/292 2698/3842/2486
f 6334/4490/5258 2768/4405/2545 4075/4404/3608
f 3229/4491/2935 3240/4492/2935 3234/4493/2935
f 4739/4494/4126 7027/4273/5767 2765/4384/2543
f 5056/4250/4372 7023/4119/5763 6298/4495/5231
f 6832/4411/5621 6300/4496/5233 7024/4247/5764
f 3649/4497/3267 6842/4498/5629 3647/4499/3265
f 103/3736/95 4058/4358/3593 100/3936/92
f 5124/4500/4421 3164/4501/2883 3162/4502/2881
f 2258/4366/2099 421/4503/404 983/4314/940
f 983/4314/940 421/4503/404 422/4477/405
f 1580/4414/1476 6324/4504/5251 4421/3740/3874
f 5431/4484/4641 5432/4460/4642 3221/4459/2927
f 601/4418/576 7227/4486/5909 1303/4505/1238
f 731/4097/700 737/4506/706 735/3954/704
f 1123/4485/1068 2267/4211/2108 7030/4507/5768
f 2790/4461/2565 2797/4426/2570 3224/4425/2930
f 2787/4487/2562 603/4464/578 2792/4488/2567
f 6216/3830/5176 1452/4370/1367 3185/4377/2899
f 496/4508/475 6355/4509/475 1301/4510/475
f 2268/4241/2109 390/4181/373 1125/4511/1070
f 3187/4398/2900 2767/4431/2544 6332/4512/5256
f 6437/4513/5336 3226/4466/2932 550/3691/528
f 2765/4384/2543 6288/4443/5224 4739/4494/4126
f 6290/4446/2559 4047/4448/2559 2784/4514/2559
f 4740/4515/4127 4044/4255/3584 2297/4344/2138
f 4057/4300/3592 2780/3550/2555 2781/4516/2556
f 4735/3422/4123 4734/4517/4122 21/3384/19
f 5024/3600/4345 5062/4518/4376 47/3609/41
f 143/4257/134 130/4124/121 5518/4216/4709
f 4051/4471/3588 635/4519/606 1290/4520/1227
f 6274/4521/5218 6303/4522/5236 6314/4523/5245
f 3220/4524/2926 1038/4525/989 4082/4526/3613
f 6305/4474/1176 6304/4527/1176 1234/4347/1176
f 6307/4474/5238 4414/4475/3870 6322/4528/5249
f 3651/4482/3269 601/4418/576 1303/4505/1238
f 1303/4505/1238 7227/4486/5909 2787/4487/2562
f 7030/4507/5768 2267/4211/2108 2262/3680/2103
f 2771/4375/2547 6356/4529/5275 4768/4530/4147
f 3241/4492/2942 3230/4491/2936 6838/4531/5625
f 6291/4532/5225 7192/4533/5886 6335/4534/5259
f 3348/4535/3023 5065/4436/4378 3238/4227/2941
f 507/4490/485 4078/4404/485 6292/4536/485
f 1500/4537/1412 4079/4538/1412 1577/4539/1412
f 3200/4441/2912 2085/3426/1933 2827/4540/2595
f 1868/4541/1727 1898/4542/1755 2055/3189/1903
f 164/4357/155 62/4053/56 3648/4543/3266
f 812/4472/777 4051/4471/3588 1290/4520/1227
f 6303/4544/5236 4432/4545/3879 6314/4546/5245
f 5058/4547/4374 4432/4545/3879 6303/4544/5236
f 4082/4526/3613 1038/4525/989 1860/4548/1721
f 4082/4526/3613 1860/4548/1721 6306/4549/5237
f 4737/4550/4125 4082/4526/3613 6306/4549/5237
f 7232/4551/5914 4736/4552/4124 6308/4553/5239
f 624/4551/596 1414/4553/596 6325/4554/596
f 4705/4458/4098 6840/4479/5627 4067/4555/3601
f 6837/4556/3271 4707/4557/3271 3653/4558/3271
f 6836/4559/5624 3652/4560/3270 6841/4561/5628
f 1305/4558/402 419/4557/402 1471/4562/402
f 1025/3740/977 6326/4504/977 1023/4563/977
f 2689/3679/2477 2256/3481/2097 2271/4350/2112
f 1750/4483/1631 423/4564/406 5431/4484/4641
f 5063/4379/4377 5066/4565/4379 3231/4380/2937
f 6309/4566/5240 2771/4375/2547 3183/4435/2897
f 4063/4429/3598 3188/4398/2901 6310/4567/5241
f 3345/4568/3020 5065/4436/4378 3348/4535/3023
f 6838/4531/5625 7192/4533/5886 3241/4492/2942
f 3241/4492/2942 7192/4533/5886 6291/4532/5225
f 6265/4299/5211 4075/4404/3608 6240/4225/5194
f 2786/4569/2561 3241/4492/2942 2783/4570/2558
f 2783/4570/2558 3241/4492/2942 6291/4532/5225
f 471/4438/450 6229/4442/5187 6296/4571/5229
f 3581/3421/3213 2210/4517/2057 2211/3422/2058
f 3664/4572/3281 4044/4255/3584 4740/4515/4127
f 2092/4213/1940 4732/4467/4120 2091/4163/1939
f 5445/4573/4652 7020/4232/5760 235/4356/220
f 201/4574/187 1366/4016/1297 6816/4280/5609
f 6816/4280/5609 1366/4016/1297 558/3899/535
f 6849/4194/5633 876/4575/840 4400/4195/3858
f 5514/4576/4705 5517/4216/4708 163/3971/154
f 491/4501/470 5123/4500/4420 351/4577/334
f 3647/4499/3265 6842/4498/5629 339/4578/322
f 6315/4387/1212 1275/4579/1212 1842/4388/1212
f 258/4238/243 2830/4580/2598 1994/3903/1845
f 6807/4171/3290 3673/4581/3290 5059/4470/3290
f 4081/4582/3612 623/4552/595 3323/4583/3003
f 3324/4583/3004 4736/4552/4124 7232/4551/5914
f 4071/4480/3604 6317/4584/3604 6321/4481/3604
f 6293/4454/5226 4711/4476/4103 1284/4585/1221
f 6841/4561/5628 3652/4560/3270 6843/4586/5630
f 2271/4350/2112 2805/4395/2576 1126/4587/1071
f 2787/4487/2562 4435/4588/3882 1303/4505/1238
f 4435/4588/3882 2787/4487/2562 3243/4589/2944
f 448/4460/430 3244/4590/2945 2789/4461/2564
f 3243/4589/2944 2787/4487/2562 2788/4591/2563
f 1321/4592/1255 1304/4593/1239 2791/4594/2566
f 2794/4595/2568 1321/4592/1255 2791/4594/2566
f 736/4098/705 735/3954/704 5087/4596/4393
f 5087/4596/4393 4724/4292/4114 736/4098/705
f 4768/4530/4147 6330/4430/5254 2771/4375/2547
f 6356/4529/5275 2771/4375/2547 6309/4566/5240
f 6336/4597/5260 6333/4534/5257 1446/4533/1363
f 4451/4598/3894 1448/4599/1364 2785/4600/2560
f 4743/4445/4128 4072/4601/3605 2294/3444/2135
f 3581/3421/3213 2298/4602/2139 2210/4517/2057
f 4738/4539/3610 4077/4538/3610 4741/4603/3610
f 2055/3189/1903 3157/4051/2876 1868/4541/1727
f 2055/3189/1903 1898/4542/1755 2098/4353/1946
f 25/4572/17 1447/4600/17 19/4255/17
f 6831/4274/5620 4395/4276/3855 6351/4604/5271
f 6361/4605/5279 6827/4345/5617 369/4200/352
f 2061/3633/1909 2829/4606/2597 2063/3900/1911
f 4725/3458/4115 3136/3587/2859 4060/4303/3595
f 3676/4607/3292 6313/4221/5244 6314/4546/5245
f 6852/4608/5635 7026/4472/5766 3208/4520/2918
f 1994/3903/1845 2831/4609/2599 490/4235/469
f 2258/4366/2099 3273/4610/2967 421/4503/404
f 7232/4551/5914 407/4554/390 6316/4611/5246
f 6845/4612/3603 6318/4613/3603 4070/4555/3603
f 6840/4479/5627 984/4612/941 4067/4555/3601
f 6860/4614/5642 5434/4615/4644 4712/4616/4104
f 6860/4614/5642 2203/4617/2050 5434/4615/4644
f 5435/4615/4645 6859/4617/5641 5433/4618/4643
f 447/4484/429 941/4619/904 448/4460/430
f 1285/4620/1222 2802/4621/2574 2817/4622/2585
f 263/4623/248 1767/4624/1646 3290/4625/2979
f 2792/4488/2567 6819/4318/5610 6354/4626/5274
f 390/4181/373 6327/4627/5252 1125/4511/1070
f 1452/4370/1367 321/4628/305 3185/4377/2899
f 6311/4629/5242 3189/4630/2902 4076/4631/3609
f 6332/4512/5256 6338/4632/5262 3187/4398/2900
f 504/4633/483 1449/4634/483 2299/4635/483
f 945/4636/908 4076/4631/3609 6262/4637/5208
f 4074/4638/3607 4072/4601/3605 4743/4445/4128
f 4734/4517/4122 2782/4639/2557 21/3384/19
f 6848/4194/4651 5443/4640/4651 6818/4575/4651
f 2108/4233/1956 2121/4234/1969 2123/4085/1971
f 164/4357/155 5515/4576/4706 3621/3971/3243
f 3204/4450/2916 101/4641/93 3288/4642/2977
f 3645/4643/3263 7228/4022/5910 6341/4364/5265
f 5062/4518/4376 2832/4644/2600 47/3609/41
f 4432/4545/3879 3679/4645/3295 6314/4546/5245
f 6294/4646/5227 2830/4580/2598 258/4238/243
f 3672/4647/3289 3669/4648/3286 5061/4547/4375
f 5061/4547/4375 3669/4648/3286 4433/4545/3880
f 2196/3910/2043 4440/4649/3885 1678/4365/1567
f 4083/4650/3614 4081/4582/3612 3323/4583/3003
f 3324/4583/3004 7232/4551/5914 1754/4651/1635
f 5446/4652/4653 5431/4484/4641 423/4564/406
f 3274/4653/2968 2689/3679/2477 2271/4350/2112
f 6859/4617/5641 261/4654/246 5433/4618/4643
f 4088/4655/3617 5436/4656/4646 3262/4657/2960
f 3244/4590/2945 448/4460/430 941/4619/904
f 6859/4617/5641 1285/4620/1222 261/4654/246
f 1285/4620/1222 2817/4622/2585 261/4654/246
f 3264/4658/2961 944/4659/907 3275/4660/2969
f 1020/4661/974 2799/4372/2572 2801/4662/2573
f 937/4663/900 2793/4664/900 6342/4665/900
f 4747/4663/879 2796/4666/879 915/4664/879
f 3663/4667/3280 6329/4668/5253 3660/4669/3277
f 6301/4670/5234 1498/4668/1410 1122/4667/1067
f 1766/4671/1645 6345/4672/1645 2803/4673/1645
f 3275/4660/2969 944/4659/907 6262/4637/5208
f 765/4436/734 3347/4568/3022 766/4674/735
f 5068/4565/2938 3279/4675/2938 3232/4380/2938
f 4101/4676/3628 1332/4263/1265 3227/4149/2933
f 1446/4533/1363 768/4531/737 6336/4597/5260
f 6311/4629/5242 4076/4631/3609 945/4636/908
f 4781/4677/4159 366/3721/349 3201/4406/2913
f 3687/4678/277 292/4442/277 3250/4679/277
f 698/3803/667 3251/4680/2951 3247/4354/2948
f 3664/4572/3281 4740/4515/4127 4057/4300/3592
f 4057/4300/3592 4740/4515/4127 1578/4385/1474
f 6851/4681/4647 5438/4682/4647 5441/4683/4647
f 1537/4123/1441 338/4684/321 337/3735/320
f 3255/4685/2954 3204/4450/2916 3288/4642/2977
f 1288/4450/1225 3256/4685/1225 3207/4451/1225
f 1913/4686/1769 143/4257/134 5518/4216/4709
f 2192/2501/2039 3628/4204/3250 2195/4390/2042
f 134/3703/125 133/3972/124 1916/4687/1772
f 6852/4608/5635 3208/4520/2918 3257/4688/2955
f 2831/4609/2599 1996/4236/1847 490/4235/469
f 1752/4648/1633 1853/4645/1633 1855/4545/1633
f 4085/4689/598 3219/4089/598 626/4690/598
f 422/4477/405 451/4691/433 6840/4478/5627
f 5446/4652/4653 5448/4692/4655 5431/4484/4641
f 6844/4586/3268 3650/4560/3268 3654/4693/3268
f 4089/4694/3618 1124/4695/1069 3259/4696/2957
f 3651/4482/3269 1303/4505/1238 3655/4697/3272
f 6363/4698/5281 5452/4619/4658 5431/4484/4641
f 1283/4699/1220 2816/4700/2584 4754/4701/4135
f 1119/4696/1064 3260/4702/2958 1118/4703/1063
f 3259/4696/2957 1124/4695/1069 3261/4702/2959
f 5437/4656/966 6349/4704/966 1012/4657/966
f 4750/4705/1244 1310/4706/1244 5453/4707/1244
f 4434/4708/3881 3245/4709/2946 838/4710/803
f 1118/4703/1063 3260/4702/2958 3662/4711/3279
f 3246/4706/2947 4751/4705/2947 5454/4712/2947
f 4088/4655/3617 3262/4657/2960 4086/4713/3615
f 6847/4714/5632 2808/4715/2579 2801/4662/2573
f 347/4704/330 3265/4716/330 3263/4657/330
f 4749/4705/4132 943/4717/906 1013/4718/967
f 3662/4711/3279 3260/4702/2958 3661/4669/3278
f 1120/4702/1065 3663/4667/3280 3660/4669/3277
f 4749/4705/4132 4745/4663/4129 943/4717/906
f 2792/4488/2567 6354/4626/5274 1322/4719/1256
f 4746/4720/4130 4755/4721/4136 2795/4222/2569
f 1767/4624/1646 1332/4263/1265 4101/4676/3628
f 4761/4722/4141 6330/4430/5254 4768/4530/4147
f 2795/4222/2569 4755/4721/4136 4770/4293/4149
f 945/4636/908 6262/4637/5208 944/4659/907
f 1015/4723/969 6267/4724/5213 6366/4725/5284
f 1443/4380/1360 2284/4675/2125 6839/4726/5626
f 6839/4726/5626 2284/4675/2125 4453/4727/3896
f 4080/4635/3611 6337/4634/5261 6367/4728/5285
f 4080/4635/3611 6367/4728/5285 4073/4729/3606
f 6854/4730/5636 3242/4731/2943 1448/4599/1364
f 4451/4598/3894 6854/4730/5636 1448/4599/1364
f 4451/4598/3894 2785/4600/2560 32/4732/28
f 32/4732/28 2785/4600/2560 3665/4572/3282
f 6296/4571/5229 3688/4733/3302 5462/4734/4664
f 3157/4051/2876 3703/4735/3315 1868/4541/1727
f 6353/4736/5273 6831/4274/5620 6351/4604/5271
f 3287/4737/2976 3166/4201/2885 100/3936/92
f 5062/4518/4376 5458/4738/4662 2832/4644/2600
f 4084/4689/584 3211/4453/584 610/4089/584
f 1754/4651/1635 7232/4551/5914 6316/4611/5246
f 421/4503/404 3273/4610/2967 7036/4739/5773
f 3271/4740/2965 4089/4694/3618 3259/4696/2957
f 4100/4741/3627 1119/4696/1064 1118/4703/1063
f 2271/4350/2112 1126/4587/1071 3274/4653/2968
f 5431/4484/4641 4447/4742/3890 6363/4698/5281
f 4116/4743/3642 1303/4505/1238 4437/4588/3883
f 1127/4744/1072 1124/4695/1069 4089/4694/3618
f 3295/4745/2982 4434/4708/3881 838/4710/803
f 6348/4746/5269 1011/4747/965 1016/4748/970
f 1124/4695/1069 2804/4749/2575 3261/4702/2959
f 2806/4750/2577 6847/4714/5632 6858/4751/5640
f 2804/4749/2575 2264/4752/2105 3261/4702/2959
f 3261/4702/2959 2264/4752/2105 1122/4667/1067
f 6862/4753/5644 1118/4703/1063 1116/4711/1061
f 6348/4746/5269 1016/4748/970 4087/4754/3616
f 939/4705/902 3270/4718/902 948/4712/902
f 7030/4507/5768 2262/3680/2103 6302/4462/5235
f 1116/4711/1061 1115/4669/1060 1795/4755/1664
f 1013/4718/967 943/4717/906 3264/4658/2961
f 2264/4752/2105 6301/4670/5234 1122/4667/1067
f 943/4717/906 944/4659/907 3264/4658/2961
f 4086/4713/3615 3262/4657/2960 1015/4723/969
f 4086/4713/3615 1015/4723/969 6368/4756/5286
f 4745/4663/4129 6343/4665/5266 943/4717/906
f 943/4717/906 6343/4665/5266 944/4659/907
f 1115/4669/1060 6331/4668/5255 4764/4757/4144
f 946/4758/909 6311/4629/5242 6343/4665/5266
f 6343/4665/5266 945/4636/908 944/4659/907
f 5067/4759/4380 5469/4760/4670 3276/4761/2970
f 6343/4665/5266 6311/4629/5242 945/4636/908
f 1019/4762/973 2697/3765/2485 2799/4372/2572
f 6839/4726/5626 4453/4727/3896 6339/4763/5263
f 6857/4730/5639 823/4764/788 1444/4731/1361
f 1444/4731/1361 823/4764/788 1445/4765/1362
f 6357/4766/5276 4451/4598/3894 32/4732/28
f 6229/4442/5187 3686/4678/3301 6296/4571/5229
f 3667/4767/3284 4057/4300/3592 2781/4516/2556
f 1494/4768/1406 5460/4769/1406 2810/4770/1406
f 2104/4051/1952 4090/4231/3619 1888/4735/1745
f 3341/4771/3016 5444/4772/3016 6828/4773/3016
f 2826/4774/2594 5420/4052/4631 2063/3900/1911
f 6484/4281/5362 2744/3944/2526 143/4257/134
f 4060/4303/3595 3136/3587/2859 3343/4775/3018
f 1536/3993/1440 6389/4167/5303 4783/4776/4161
f 3683/4777/3298 7026/4472/5766 6852/4608/5635
f 1996/4236/1847 2831/4609/2599 3696/4778/3308
f 3680/4645/3288 3671/4648/3288 4438/4779/3288
f 2830/4580/2598 2831/4609/2599 1994/3903/1845
f 421/4503/404 7036/4739/5773 451/4691/433
f 421/4503/404 451/4691/433 422/4477/405
f 1678/4365/1567 4440/4649/3885 1286/4780/1223
f 3272/4740/2966 1119/4696/1064 4100/4741/3627
f 1286/4780/1223 2201/4781/2048 6858/4751/5640
f 3655/4697/3272 1303/4505/1238 4116/4743/3642
f 4753/4782/4134 1283/4699/1220 4754/4701/4135
f 1794/4783/1663 5452/4707/4658 6363/4784/5281
f 5452/4707/4658 1794/4783/1663 4752/4705/4133
f 1124/4695/1069 1127/4744/1072 2804/4749/2575
f 838/4710/803 3245/4709/2946 5455/4785/4659
f 6847/4714/5632 2806/4750/2577 2808/4715/2579
f 6878/4786/5654 4752/4705/4133 6364/4787/5282
f 6878/4786/5654 4748/4663/4131 4752/4705/4133
f 1020/4661/974 2801/4662/2573 2808/4715/2579
f 7128/4788/5842 3267/4789/2962 6348/4746/5269
f 6368/4756/5286 1015/4723/969 6366/4725/5284
f 1020/4661/974 1019/4762/973 2799/4372/2572
f 4771/4790/4150 4757/4791/4138 3309/4792/2994
f 3276/4761/2970 3278/4793/2972 5067/4759/4380
f 4454/4794/3897 5467/4795/4668 6337/4796/5261
f 4460/4797/3902 273/4725/258 2205/4798/2052
f 947/4489/910 2205/3842/2052 273/4799/258
f 6347/3730/5268 741/4292/710 3254/4800/2953
f 2316/4801/2154 4057/4300/3592 3667/4767/3284
f 5461/4769/2580 2812/4802/2580 2809/4770/2580
f 5440/4682/4649 6362/4803/5280 5442/4683/4650
f 3336/4804/3013 6827/4345/5617 6361/4605/5279
f 2110/4084/1958 2109/4412/1957 2108/4233/1956
f 3281/4805/2956 3258/4688/2956 3285/4806/2956
f 3284/4805/1226 6853/4608/1226 1289/4688/1226
f 6312/4221/5243 6873/4346/5651 1837/2215/1704
f 1916/4687/1772 133/3972/124 6484/4281/5362
f 6484/4281/5362 143/4257/134 1913/4686/1769
f 6340/4364/5264 6766/3388/5570 7025/4807/5765
f 125/3587/117 134/3703/125 1917/4775/1773
f 2196/3910/2043 2195/4390/2042 4440/4649/3885
f 3674/4808/3291 3321/4809/3002 3670/4810/3287
f 3670/4810/3287 7193/4811/5887 6320/4812/5248
f 3321/4809/3002 7193/4811/5887 3670/4810/3287
f 4083/4650/3614 3323/4583/3003 4441/4813/3886
f 5447/4814/4654 7037/4815/5774 1690/4816/1578
f 1690/4816/1578 1600/4817/1493 5447/4814/4654
f 1600/4817/1493 5450/4818/4656 5447/4814/4654
f 1121/4740/1066 1691/4741/1579 7034/4819/5771
f 4099/4820/3626 1600/4821/1493 1690/4822/1578
f 5448/4692/4655 4447/4742/3890 5431/4484/4641
f 6865/4823/3889 4445/4824/3889 4446/4825/3889
f 1600/4821/1493 4099/4820/3626 4448/4826/3891
f 4099/4820/3626 942/4827/905 4448/4826/3891
f 1117/4828/1062 942/4827/905 4099/4820/3626
f 4100/4741/3627 1118/4703/1063 6862/4753/5644
f 731/4097/700 732/4333/701 3720/4829/3329
f 1117/4828/1062 6365/4830/5283 942/4827/905
f 4436/4588/3643 7031/4831/3643 4117/4743/3643
f 1117/4828/1062 940/4832/903 6365/4830/5283
f 838/4710/803 5455/4785/4659 6901/4833/5670
f 1794/4783/1663 6364/4787/5282 4752/4705/4133
f 6861/4834/5643 940/4832/903 1117/4828/1062
f 2816/4700/2584 263/4623/248 3289/4835/2978
f 6902/4836/4661 5457/4837/4661 6447/4838/4661
f 1116/4711/1061 1795/4755/1664 6862/4753/5644
f 7128/4788/5842 6348/4746/5269 4087/4754/3616
f 7128/4788/5842 4087/4754/3616 4457/4839/3900
f 5467/4795/4668 7128/4788/5842 4457/4839/3900
f 6861/4834/5643 6880/4840/5655 940/4832/903
f 6861/4841/5643 4763/4842/4143 6880/4843/5655
f 940/4832/903 6880/4840/5655 6876/4844/5653
f 4456/4845/3899 4458/4846/3899 6370/4847/3899
f 1795/4755/1664 1115/4669/1060 4764/4757/4144
f 7128/4788/5842 5467/4795/4668 3305/4848/2990
f 4457/4839/3900 6371/4849/5288 6367/4850/5285
f 6880/4843/5655 4756/4851/4137 6427/4852/5327
f 6880/4843/5655 4763/4842/4143 4756/4851/4137
f 4765/4853/2589 2821/4854/2589 4758/4791/2589
f 4757/4791/4138 3306/4855/2991 3309/4792/2994
f 5467/4795/4668 4457/4839/3900 6367/4850/5285
f 6871/4856/5650 273/4725/258 4460/4797/3902
f 6337/4796/5261 5467/4795/4668 6367/4850/5285
f 2283/4857/2124 6855/4858/5637 3280/4859/2973
f 4455/4860/3898 5464/4861/4665 5466/4862/4667
f 3280/4859/2973 4450/4863/3893 4452/4864/3895
f 3280/4859/2973 6855/4858/5637 4450/4863/3893
f 6352/4865/5272 6299/4866/5232 1059/4867/1006
f 6296/4571/5229 3686/4678/3301 3688/4733/3302
f 5439/4868/4648 7021/4869/5761 3333/4870/3010
f 1559/4869/1190 1509/4868/1190 1251/4871/1190
f 7020/4232/5760 5445/4573/4652 236/4872/221
f 5463/4873/2583 6451/4874/2583 2814/4875/2583
f 3664/4572/3281 4057/4300/3592 2316/4801/2154
f 5440/4682/4649 1253/4876/1192 6362/4803/5280
f 3340/4877/1418 6817/4280/1418 1510/4878/1418
f 2121/4234/1969 4091/4879/3620 2105/4231/1953
f 6430/4880/5329 1700/4608/1588 3282/4805/2974
f 3679/4645/3295 3676/4607/3292 6314/4546/5245
f 3683/4881/3298 6852/4882/5635 639/4883/610
f 1997/4884/1848 4787/4885/4165 489/4886/468
f 6389/4167/5303 6372/4887/5289 4783/4776/4161
f 1955/4888/1810 6293/4454/5226 1284/4585/1221
f 4097/4889/3624 4095/4890/3624 4098/4891/3624
f 7034/4819/5771 1691/4741/1579 1689/4892/1577
f 5450/4818/4656 1600/4817/1493 6864/4893/5646
f 4753/4782/4134 1284/4585/1221 1283/4699/1220
f 6858/4751/5640 2201/4781/2048 2806/4750/2577
f 2202/4894/2049 6870/4895/5649 2204/4896/2051
f 6870/4895/5649 1018/4897/972 2204/4896/2051
f 1018/4897/972 4461/4898/3903 2204/4896/2051
f 6912/4899/5677 6446/4838/5342 5456/4837/4660
f 6912/4899/5677 5456/4837/4660 3268/4900/2963
f 3289/4835/2978 263/4623/248 3290/4625/2979
f 6870/4895/5649 6369/4756/5287 1018/4897/972
f 6369/4756/5287 6871/4856/5650 1018/4897/972
f 7042/4901/5373 6497/4902/5373 6877/4903/5373
f 1401/4895/1325 4086/4713/3615 6368/4756/5286
f 1399/4904/1324 1014/4905/968 4459/4906/3901
f 3290/4625/2979 1767/4624/1646 4101/4676/3628
f 6878/4786/5654 1296/4852/1233 4748/4663/4131
f 1017/4907/971 1400/4908/971 6872/4909/971
f 1018/4897/972 4460/4797/3902 4461/4898/3903
f 5469/4760/4670 5094/4910/4398 3276/4761/2970
f 1296/4852/1233 938/4851/901 4748/4663/4131
f 6871/4856/5650 4460/4797/3902 1018/4897/972
f 5087/4596/4393 3253/4800/2952 4724/4292/4114
f 5491/4911/4687 2282/4912/2123 766/4674/735
f 2820/4854/2588 4108/4913/3634 4759/4791/4139
f 4759/4791/4139 4108/4913/3634 1483/4855/1395
f 5491/4911/4687 766/4674/735 3347/4568/3022
f 4760/4914/4140 4769/4915/4148 4766/4916/4145
f 4766/4916/4145 4769/4915/4148 1484/4917/1396
f 4102/4918/530 552/4466/530 1947/4513/530
f 6437/4513/5336 550/3691/528 5055/4278/4371
f 366/3721/349 4780/4677/4158 4039/4122/3579
f 1252/4919/1191 7020/4232/5760 236/4872/221
f 364/4920/347 6453/4921/347 1039/4922/347
f 2092/4213/1940 4773/4923/4152 4732/4467/4120
f 2811/4215/2581 2813/4924/2582 2109/4412/1957
f 3291/4925/2975 3283/4805/2975 3286/4806/2975
f 6873/4346/5651 3627/4203/3249 1838/2012/1705
f 3282/4805/2974 3352/4926/3026 6430/4880/5329
f 1536/3993/1440 4783/4776/4161 5488/4927/4685
f 1211/4055/1153 3212/4453/1153 6805/4928/1153
f 134/3703/125 1916/4687/1772 1917/4775/1773
f 7025/4929/5765 1698/4930/1586 6340/4931/5264
f 6375/4932/5292 5124/4500/4421 3162/4502/2881
f 4787/4885/4165 6378/4933/5295 489/4886/468
f 4094/4890/3623 3682/4934/3297 6401/4935/5313
f 5451/4936/4657 4094/4890/3623 6401/4935/5313
f 3682/4934/3297 4094/4890/3623 4096/4889/3625
f 3682/4934/3297 4096/4889/3625 7035/4937/5772
f 7194/4938/5888 1688/4939/1576 7038/4940/5775
f 6866/4941/5647 4094/4890/3623 5451/4936/4657
f 5451/4936/4657 6401/4935/5313 6882/4942/5657
f 1736/4937/1618 4094/4890/3623 365/4943/348
f 1955/4888/1810 1284/4585/1221 4753/4782/4134
f 365/4943/348 4094/4890/3623 6866/4941/5647
f 365/4943/348 6866/4941/5647 6379/4944/5296
f 6381/4945/5297 6868/4946/5297 6895/4947/5297
f 5471/4948/4671 365/4943/348 6379/4944/5296
f 6441/4949/5340 7229/4950/5911 6434/4951/5333
f 6435/4951/5334 7131/4952/5334 6442/4949/5334
f 5471/4948/4671 6379/4944/5296 5475/4953/4675
f 5471/4948/4671 5475/4953/4675 6384/4954/5299
f 5471/4948/4671 6384/4954/5299 5070/4955/4382
f 7032/4956/5769 840/4957/804 3297/4958/2984
f 1522/4959/1429 5069/4955/4381 5072/4960/4383
f 5472/4961/4672 5471/4948/4671 5070/4955/4382
f 5472/4961/4672 5070/4955/4382 4105/4959/3631
f 1522/4959/1429 5072/4960/4383 5074/4962/4385
f 5472/4961/4672 4105/4959/3631 4103/4963/3629
f 4104/4964/3630 4107/4965/3633 6892/4966/5666
f 6892/4966/5666 1282/4967/1219 4104/4964/3630
f 2818/4968/2586 5472/4961/4672 4103/4963/3629
f 2818/4968/2586 4103/4963/3629 6875/4969/5652
f 2818/4968/2586 6875/4969/5652 1796/4970/1665
f 6879/4971/1428 1521/4972/1428 7043/4973/1428
f 3304/4974/2989 5117/4975/2989 7129/4976/2989
f 6869/4977/5648 4459/4906/3901 1014/4905/968
f 2819/4978/2587 2818/4968/2586 1796/4970/1665
f 6498/4979/1584 6426/4852/1584 1696/4786/1584
f 2819/4978/2587 1796/4970/1665 6424/4980/5325
f 1022/4981/976 5468/4982/4669 2331/4983/2167
f 2819/4978/2587 6424/4980/5325 4109/4984/3635
f 5095/4985/4399 783/4986/751 3277/4987/2971
f 6367/4728/5285 1833/4988/1700 4073/4729/3606
f 2098/4353/1946 1898/4542/1755 4773/4923/4152
f 1888/4735/1745 4090/4231/3619 4093/4879/3622
f 3287/4737/2976 100/3936/92 4058/4358/3593
f 350/4306/333 5122/4363/4419 6373/4989/5290
f 6456/4990/5349 3668/4810/3285 625/4812/597
f 2832/4644/2600 5458/4738/4662 2861/4991/2626
f 3675/4992/2922 3214/4993/2922 3322/4994/2922
f 3682/4934/3297 3684/4881/3299 6431/4883/5330
f 3682/4934/3297 6431/4883/5330 6401/4935/5313
f 1535/4995/1439 4784/4996/4162 1802/4997/1671
f 360/4998/343 1688/4939/1576 7194/4938/5888
f 6391/4999/5304 6393/5000/5306 6881/5001/5656
f 4449/5002/3892 6403/5003/3892 6867/5004/3892
f 1515/4946/1423 6405/5005/1423 6899/4947/1423
f 5484/5006/4677 5477/5007/4677 6382/5008/4677
f 5483/5009/4681 5473/5010/4673 5474/5011/4674
f 6887/5012/5662 6440/4949/5339 784/4952/752
f 2201/4781/2048 2329/5013/2165 2806/4750/2577
f 1535/4995/1439 6407/5014/5316 4784/4996/4162
f 6409/5014/5318 5106/5015/4409 1803/4996/1672
f 4129/5016/3653 4788/5017/4166 6900/5018/5669
f 360/4998/343 1692/5019/1580 361/5020/344
f 3289/4835/2978 4754/4701/4135 2816/4700/2584
f 361/5020/344 1692/5019/1580 1694/5021/1582
f 5073/4960/4384 2822/5022/2590 5075/4962/4386
f 731/4097/700 3720/4829/3329 737/4506/706
f 3293/5023/2980 3295/4745/2982 838/4710/803
f 5075/4962/4386 2822/5022/2590 2824/5024/2592
f 6900/5018/5669 4788/5017/4166 5083/5025/4390
f 6869/4977/5648 2807/5026/2578 2840/5027/2607
f 4106/5028/3632 5076/5029/3632 4776/5030/3632
f 4122/5031/3647 5505/5032/4697 590/5033/565
f 2838/5034/357 374/5035/357 5085/5036/357
f 7039/5037/5776 4104/4964/3630 1282/4967/1219
f 6448/5038/5343 4126/5039/3650 7040/5040/5777
f 6418/5041/2122 2281/4910/2122 5470/4760/2122
f 590/5033/565 5505/5032/4697 4791/5042/4169
f 6397/4983/2153 2315/4982/2153 2314/5043/2153
f 4073/4729/3606 1833/4988/1700 2841/5044/2608
f 4774/5045/4153 4762/4914/4142 4767/4916/4146
f 3277/4987/2971 783/4986/751 6856/5046/5638
f 4111/5047/3637 4774/5045/4153 4767/4916/4146
f 4775/5048/4154 362/5049/345 3249/5050/2950
f 3685/5049/3300 502/5048/481 4110/5051/3636
f 3685/5049/3300 4110/5051/3636 3689/5052/3303
f 1155/4860/1099 1154/5053/1099 6358/5054/1099
f 2098/4353/1946 4773/4923/4152 2092/4213/1940
f 6361/4605/5279 369/4200/352 4464/5055/3906
f 2108/4233/1956 2109/4412/1957 5110/5056/4411
f 3677/4607/3293 6884/5057/5659 6312/4221/5243
f 636/4805/607 3292/4925/607 3353/4926/607
f 1995/5058/1846 6863/5059/5645 1956/5060/1811
f 6374/4989/5291 6398/5061/5310 1950/5062/1805
f 787/5063/583 609/4993/583 1755/4992/583
f 7229/4950/5911 4442/5064/3887 6434/4951/5333
f 4443/5065/3888 2289/5066/2130 7133/5067/5845
f 6400/5068/5312 6391/4999/5304 6881/5001/5656
f 1751/4990/1632 6319/4812/5247 6472/5069/5358
f 452/5070/434 1130/5071/1075 6395/5072/5308
f 6319/4812/5247 6846/4586/5631 6472/5069/5358
f 6402/5073/1494 1601/4742/1494 5449/4692/1494
f 7133/5067/5845 2289/5066/2130 821/5074/786
f 7194/4938/5888 1692/5019/1580 360/4998/343
f 6472/5069/5358 6846/4586/5631 3658/4693/3275
f 6476/5075/4680 6896/5076/4680 5482/5077/4680
f 5500/5078/4694 3655/4697/3272 4116/4743/3642
f 6374/4989/5291 1950/5062/1805 6408/5079/5317
f 6886/5080/5661 7130/5081/5843 6885/5082/5660
f 6440/5083/5339 6887/5084/5662 3331/5085/3008
f 7033/4831/5770 4113/5086/3639 4115/4743/3641
f 6479/5087/5360 4113/5086/3639 7033/4831/5770
f 3297/4958/2984 7044/5088/5778 7032/4956/5769
f 3332/5089/3009 3331/5085/3008 6887/5084/5662
f 6386/5090/2983 7045/5091/2983 3296/5092/2983
f 6410/5093/5300 6414/5094/5300 6385/5095/5300
f 5070/4955/4382 6384/4954/5299 3299/5096/2985
f 6416/5097/2986 5071/5098/2986 3300/5099/2986
f 6413/5100/5321 1701/5101/1589 1693/5102/1581
f 6409/5014/5318 4122/5031/3647 5106/5015/4409
f 6409/5014/5318 6889/5103/5664 4122/5031/3647
f 7132/5104/5844 4122/5031/3647 6889/5103/5664
f 4118/5105/3644 4788/5017/4166 5107/5106/4410
f 3326/5107/3005 3328/5108/3005 5079/5109/3005
f 6887/5084/5662 5091/5110/4397 3332/5089/3009
f 7132/5104/5844 3327/5107/3006 3709/5111/3320
f 7132/5104/5844 3709/5111/3320 4122/5031/3647
f 2823/5112/2591 7137/5113/5849 2825/5114/2593
f 4788/5017/4166 4118/5105/3644 5083/5025/4390
f 5078/5109/4387 5081/5115/4389 3327/5107/3006
f 3327/5107/3006 5081/5115/4389 3709/5111/3320
f 473/5105/452 5109/5116/452 4119/5117/452
f 5080/5109/4388 7197/5118/4388 5082/5115/4388
f 3709/5111/3320 5505/5032/4697 4122/5031/3647
f 4120/5117/3645 5083/5025/4390 4118/5105/3644
f 2806/4750/2577 6450/5119/5345 1402/5120/1326
f 7200/5121/5892 3332/5089/3009 5091/5110/4397
f 4107/4965/3633 4778/5122/4156 6892/4966/5666
f 4125/5123/3649 1879/5124/1738 4127/5125/3651
f 4459/4906/3901 6869/4977/5648 2840/5027/2607
f 361/5020/344 1695/5126/1583 2858/5127/2623
f 6420/5041/5323 7200/5121/5892 5091/5110/4397
f 735/3954/704 5086/5128/4392 5087/4596/4393
f 7040/5040/5777 4126/5039/3650 4128/5129/3652
f 6421/5041/4394 5092/5110/4394 5088/5130/4394
f 3301/5131/2987 5116/5132/2987 3303/5133/2987
f 6423/5041/4395 5089/5130/4395 5093/4910/4395
f 6499/5134/5374 4463/5135/3905 6425/5136/5326
f 6422/5137/5324 2282/4912/2123 5491/4911/4687
f 4109/4984/3635 6424/4980/5325 4462/5138/3904
f 1833/4988/1700 4459/4906/3901 2841/5044/2608
f 50/5139/44 370/4677/353 52/4406/46
f 3307/5140/2992 3312/5141/2992 3310/5142/2992
f 2858/5127/2623 495/5143/474 4775/5048/4154
f 3314/5144/2997 4766/4916/4145 3311/5145/2995
f 3311/5145/2995 4766/4916/4145 1484/4917/1396
f 4112/5047/3638 497/4916/476 3315/5144/2998
f 3315/5144/2998 3691/5146/3305 4112/5047/3638
f 3695/5147/3307 3690/4920/3304 363/5148/346
f 3695/5147/3307 6452/4921/5346 3690/4920/3304
f 3698/5149/3310 2782/4639/2557 4734/4517/4122
f 4780/4677/4158 4465/5150/3907 4039/4122/3579
f 201/4574/187 6816/4280/5609 3337/4877/3014
f 6469/5151/5357 6361/4605/5279 4464/5055/3906
f 2813/4924/2582 5110/5056/4411 2109/4412/1957
f 2108/4233/1956 5110/5056/4411 2121/4234/1969
f 2061/3633/1909 4731/4467/4119 6501/5152/5376
f 6501/5152/5376 2829/4606/2597 2061/3633/1909
f 2063/3900/1911 2829/4606/2597 2826/4774/2594
f 7012/3993/5753 5489/4927/4686 1537/4217/1441
f 6884/5057/5659 6873/4346/5651 6312/4221/5243
f 3678/4607/3294 3681/4645/3296 1753/5153/1634
f 6874/4346/2068 6429/5154/2068 2225/4203/2068
f 3681/4645/3296 4439/4779/3884 1753/5153/1634
f 3628/4204/3250 2327/5155/2163 2195/4390/2042
f 1954/5156/1809 1937/5157/1793 1957/5158/1812
f 1956/5060/1811 6863/5059/5645 1954/5156/1809
f 6432/5159/5331 6392/5160/5305 665/5161/635
f 1956/5060/1811 1954/5156/1809 1957/5158/1812
f 3638/4391/3256 3646/4468/3264 4475/5162/3917
f 3215/4453/599 627/4689/599 4444/5065/599
f 2861/4991/2626 2833/5163/2601 2832/4644/2600
f 2195/4390/2042 6906/5164/5673 2197/4649/2044
f 3320/4994/3001 3317/5165/3000 6433/5166/5332
f 786/5167/600 965/5168/600 628/5169/600
f 360/4998/343 1698/4930/1586 1688/4939/1576
f 6863/5059/5645 259/5170/244 1954/5156/1809
f 4783/5171/4161 4785/5172/4163 5487/5173/4684
f 6380/5174/3273 6897/5175/3273 3656/5176/3273
f 6383/5177/5298 3659/5178/3276 5503/5179/4696
f 5478/5180/1346 5480/5181/1346 1426/5177/1346
f 6383/5177/5298 5503/5179/4696 5479/5180/4678
f 6433/5166/5332 780/5182/748 7130/5081/5843
f 4129/5016/3653 6900/5018/5669 2834/5183/2602
f 7130/5081/5843 780/5182/748 6885/5082/5660
f 5476/5184/4676 5097/5185/4401 6387/5095/5301
f 259/5170/244 260/5186/245 1938/5187/1794
f 6885/5082/5660 780/5182/748 5090/5188/4396
f 2288/5084/2129 782/5189/750 2280/5130/2121
f 260/5186/245 262/5190/247 1938/5187/1794
f 6415/5191/8 7046/5192/8 8/5193/8
f 5100/5194/4404 6891/5195/5665 349/5196/332
f 2285/5110/2126 2288/5084/2129 2280/5130/2121
f 761/5197/730 1933/5198/1789 3330/5199/3007
f 761/5197/730 69/5200/63 1933/5198/1789
f 760/5201/729 69/5200/63 6888/5202/5663
f 5090/5188/4396 780/5182/748 2842/5203/2609
f 6413/5100/5321 7056/5204/5786 1701/5101/1589
f 3293/5023/2980 838/4710/803 6901/4833/5670
f 3329/5205/64 7196/5206/64 70/5207/64
f 262/5190/247 1939/5208/1795 1938/5187/1794
f 1153/5209/1098 5077/5029/1098 1704/5210/1098
f 892/5211/856 1942/5212/1798 71/5213/65
f 4121/5214/3646 2835/5215/2603 2837/5216/2605
f 4124/5217/453 1007/5218/453 474/5219/453
f 7198/5220/5890 4123/5221/3648 7055/5222/5785
f 7055/5222/5785 4123/5221/3648 4790/5223/4168
f 1939/5208/1795 262/5190/247 1940/5224/1796
f 2839/5225/2606 2836/5226/2604 7051/5227/5781
f 2319/5228/2157 6911/5229/2157 3266/5230/2157
f 3269/5231/2964 346/4976/329 5115/4975/4415
f 264/5232/249 1940/5224/1796 262/5190/247
f 4459/4906/3901 2840/5027/2607 2841/5044/2608
f 4471/5233/3913 7050/5234/5780 5513/5235/4704
f 5090/5188/4396 2842/5203/2609 783/4986/751
f 6496/4902/5371 7041/4901/5371 6494/5236/5371
f 1402/5120/1326 6450/5119/5345 1403/5237/1327
f 2286/5238/2127 6419/5239/5322 5493/5240/4688
f 264/5232/249 265/5241/250 1940/5224/1796
f 5090/5188/4396 783/4986/751 5095/4985/4399
f 2331/4983/2167 3302/5242/2988 1022/4981/976
f 7055/5222/5785 4790/5223/4168 2865/5243/2628
f 197/5244/183 2863/5245/2627 467/5246/446
f 1697/5247/1585 495/5143/474 2858/5127/2623
f 1403/5237/1327 35/5149/31 2298/4602/2139
f 3346/5248/3021 3712/5249/3323 2160/5250/2007
f 2298/4602/2139 35/5149/31 2210/4517/2057
f 265/5241/250 6436/5251/5335 1940/5224/1796
f 1941/5252/1797 6436/5251/5335 554/5253/532
f 6352/4865/5272 3711/5254/3322 6299/4866/5232
f 2316/4801/2154 32/4732/28 3664/4572/3281
f 1537/5255/1441 5459/5256/4663 338/5257/321
f 5123/4500/4420 5120/5258/4418 351/4577/334
f 2326/5057/1715 1852/4607/1715 6904/5153/1715
f 1996/4236/1847 3696/4778/3308 4786/4413/4164
f 5122/4363/4419 6399/5061/5311 6373/4989/5290
f 3647/4499/3265 339/4578/322 6439/5259/5338
f 3342/5260/3017 5486/5261/4683 1914/5262/1770
f 2195/4390/2042 2327/5155/2163 6906/5164/5673
f 1957/5158/1812 1937/5157/1793 1960/5263/1814
f 6340/4931/5264 1698/4930/1586 360/4998/343
f 3213/4993/2921 3318/5165/2921 3325/4994/2921
f 5488/5264/4685 4783/5171/4161 5487/5173/4684
f 6439/5259/5338 339/4578/322 341/5265/324
f 6433/5166/5332 3317/5165/3000 780/5182/748
f 6404/5266/5314 452/5070/434 6395/5072/5308
f 4440/4649/3885 2201/4781/2048 1286/4780/1223
f 2201/4781/2048 4440/4649/3885 2329/5013/2165
f 259/5170/244 1935/5267/1791 1954/5156/1809
f 821/5074/786 2289/5066/2130 2287/5268/2128
f 6477/5269/3274 6471/5270/3274 3657/5271/3274
f 1582/5272/1243 1394/5273/1243 1309/5274/1243
f 6475/5275/5359 5485/5276/4682 1421/5277/1342
f 259/5170/244 1938/5187/1794 1935/5267/1791
f 5096/5278/4400 1326/5279/1260 1325/5280/1259
f 5096/5278/4400 1325/5280/1259 5099/5281/4403
f 1299/5086/1236 2323/5282/1236 1300/4743/1236
f 2329/5013/2165 6450/5119/5345 2806/4750/2577
f 821/5074/786 2287/5268/2128 605/5283/579
f 6411/5093/5319 6387/5095/5301 5097/5185/4401
f 6408/5079/5317 1950/5062/1805 5103/5284/4407
f 6463/5285/2612 2845/5286/2612 6890/5287/2612
f 1267/5288/1205 1959/5289/1205 1436/5290/1205
f 5487/5173/4684 4785/5172/4163 6907/5291/5674
f 1938/5187/1794 762/5292/731 1935/5267/1791
f 4785/5172/4163 5105/5293/4408 6907/5291/5674
f 1232/4831/1174 7047/5294/1174 6480/5087/1174
f 821/5074/786 605/5283/579 5493/5240/4688
f 1760/5295/1640 6417/5097/1640 6481/5296/1640
f 6482/5296/1322 1397/5097/1322 3298/5099/1322
f 5100/5194/4404 349/5196/332 5102/5297/4406
f 1212/5298/1154 7056/5204/5786 6413/5100/5321
f 1933/5198/1789 69/5200/63 760/5201/729
f 1701/5101/1589 3356/5299/3029 1703/5300/1591
f 1099/5301/1044 1531/5302/1436 4789/5303/4167
f 5493/5240/4688 605/5283/579 607/5304/581
f 1899/5305/1756 7137/5113/5849 2823/5112/2591
f 175/5306/164 42/5307/36 5084/5308/4391
f 5104/5309/454 475/5310/454 5108/5311/454
f 2286/5238/2127 5493/5240/4688 607/5304/581
f 1938/5187/1794 7195/5312/5889 762/5292/731
f 7135/5209/5847 4777/5030/4155 1702/5029/1590
f 71/5213/65 1942/5212/1798 3707/5313/3318
f 3707/5313/3318 1942/5212/1798 6909/5314/5676
f 6909/5314/5676 3704/5315/3316 3707/5313/3318
f 1938/5187/1794 1939/5208/1795 7195/5312/5889
f 361/5020/344 1694/5021/1582 1695/5126/1583
f 3725/5316/3334 1282/4967/1219 6892/4966/5666
f 6910/5317/5341 6443/5318/5341 6445/5319/5341
f 6449/5320/5344 3722/5321/3331 584/5322/559
f 4463/5135/3905 6499/5134/5374 2852/5323/2617
f 5490/4911/582 5492/5324/582 608/5137/582
f 6450/5119/5345 35/5149/31 1403/5237/1327
f 50/5139/44 7134/5325/5846 370/4677/353
f 2863/5245/2627 4792/5326/4170 467/5246/446
f 1697/5247/1585 2858/5127/2623 1695/5126/1583
f 6436/5251/5335 1941/5252/1797 1940/5224/1796
f 5141/5327/4432 3200/4441/2912 2827/4540/2595
f 7048/5328/5779 1052/4736/1000 6350/4604/5270
f 6856/5046/5638 783/4986/751 2849/5329/2615
f 3349/5330/30 34/5046/30 2851/5329/30
f 2858/5127/2623 4775/5048/4154 3249/5050/2950
f 3333/4870/3010 3335/5331/3012 5439/4868/4648
f 3666/4767/3283 23/4516/20 3697/5332/3309
f 1832/5333/1699 3693/5334/1699 2815/4924/1699
f 5110/5056/4411 4091/4879/3620 2121/4234/1969
f 5515/4576/4706 164/4357/155 6914/5335/5679
f 5486/5261/4683 142/5336/133 1915/5337/1771
f 1960/5263/1814 6377/5338/5294 1961/5339/1815
f 1937/5157/1793 1953/5340/1808 1960/5263/1814
f 3210/5341/2920 5496/5342/2920 3319/5343/2920
f 3216/4453/2923 4443/5065/3888 819/5344/784
f 4443/5065/3888 7133/5067/5845 819/5344/784
f 6454/5345/5347 1948/5346/1803 6376/5338/5293
f 1953/5340/1808 1937/5157/1793 1936/5347/1792
f 3344/5348/3019 3342/5260/3017 1914/5262/1770
f 6458/5349/5350 6457/4990/5350 6473/5069/5350
f 1945/5350/1801 6455/5345/5348 1076/5338/1023
f 1935/5267/1791 1937/5157/1793 1954/5156/1809
f 2833/5163/2601 2861/4991/2626 343/5351/326
f 5494/5344/4689 606/5067/580 7233/5074/5915
f 732/4333/701 3638/4391/3256 4475/5162/3917
f 780/5182/748 3317/5165/3000 2848/5352/2614
f 1934/5353/1790 1937/5157/1793 1935/5267/1791
f 1914/5262/1770 1905/5354/1762 1897/5355/1754
f 1936/5347/1792 1937/5157/1793 1934/5353/1790
f 1897/5355/1754 3344/5348/3019 1914/5262/1770
f 4116/4743/3642 5498/5282/4692 5500/5078/4694
f 1934/5353/1790 2843/5356/2610 1936/5347/1792
f 1935/5267/1791 762/5292/731 1934/5353/1790
f 175/5306/164 341/5265/324 42/5307/36
f 3700/5357/3312 3344/5348/3019 1897/5355/1754
f 1946/5345/1802 2846/5358/1802 6461/5288/1802
f 6455/5345/5348 1945/5350/1801 2847/5358/2613
f 2208/5119/2055 7234/5013/5916 2209/5359/2056
f 343/5351/326 2859/5360/2624 344/5361/327
f 780/5182/748 2848/5352/2614 781/5203/749
f 762/5292/731 6464/5362/5353 1934/5353/1790
f 1934/5353/1790 6464/5362/5353 2843/5356/2610
f 6478/5296/802 839/5099/802 837/5363/802
f 1099/5301/1044 4789/5303/4167 316/5364/300
f 5107/5106/4410 1532/5116/1437 4118/5105/3644
f 3700/5357/3312 1897/5355/1754 1869/5365/1728
f 3720/4829/3329 353/5366/336 737/4506/706
f 1869/5365/1728 1897/5355/1754 1863/5367/1722
f 7199/5368/5891 2835/5215/2603 4121/5214/3646
f 3699/5369/3311 3700/5357/3312 1869/5365/1728
f 7195/5312/5889 1939/5208/1795 7230/5370/5912
f 5504/5371/3321 3710/5372/3321 5506/5373/3321
f 6444/5374/1336 1412/5375/1336 5114/5376/1336
f 3708/5377/3319 200/5378/186 468/5379/447
f 3708/5377/3319 7048/5380/5779 200/5378/186
f 5113/5381/4414 3269/5231/2964 5115/4975/4415
f 2836/5226/2604 7134/5325/5846 7051/5227/5781
f 4470/5382/3912 5084/5308/4391 7050/5234/5780
f 1939/5208/1795 1941/5252/1797 7230/5370/5912
f 7051/5227/5781 7134/5325/5846 50/5139/44
f 3699/5369/3311 1869/5365/1728 1866/5383/1725
f 202/5384/188 3711/5254/3322 6352/4865/5272
f 4127/5125/3651 1879/5124/1738 6465/5385/5354
f 2208/5119/2055 2209/5359/2056 3697/5149/3309
f 781/5203/749 2848/5352/2614 783/4986/751
f 6495/5236/5372 1713/4901/1598 585/5386/560
f 6495/5236/5372 585/5386/560 1231/5387/1173
f 200/5378/186 7048/5380/5779 6350/5388/5270
f 2160/5250/2007 3712/5249/3323 2161/5389/2008
f 783/4986/751 2848/5352/2614 2849/5329/2615
f 1939/5208/1795 1940/5224/1796 1941/5252/1797
f 1699/4984/1587 1705/5138/1592 3308/5390/2993
f 3699/5369/3311 1866/5383/1725 3701/5391/3313
f 1874/5392/1733 1871/5369/1730 3702/5391/3314
f 1941/5252/1797 554/5253/532 1944/5393/1800
f 3701/5391/3313 1866/5383/1725 5111/5394/4412
f 822/5248/787 3350/5395/3024 820/5249/785
f 1944/5393/1800 554/5253/532 555/5396/533
f 2093/5397/1941 5118/5398/4416 1892/5399/1749
f 3334/5400/3011 6467/5401/3011 3339/5402/3011
f 6357/4766/5276 32/4732/28 2316/4801/2154
f 1252/4919/1191 236/4872/221 1586/5403/1480
f 1537/5255/1441 5489/5404/4686 5459/5256/4663
f 6883/5405/5658 6905/5406/5672 2325/5407/2162
f 6883/5405/5658 2325/5407/2162 1844/5408/1708
f 1844/5408/1708 2325/5407/2162 6428/5409/5328
f 3354/5410/3027 638/5411/609 4804/5412/4181
f 4472/5413/3914 4060/5414/3595 3343/5260/3018
f 6905/5406/5672 6460/5415/5351 2325/5407/2162
f 1910/5416/1767 5519/5417/4710 1911/5418/1768
f 1854/5419/1716 3668/4810/3285 6903/5420/5671
f 6903/5420/5671 3668/4810/3285 6456/4990/5349
f 6903/5420/5671 6456/4990/5349 1831/5349/1698
f 1960/5263/1814 1953/5340/1808 6377/5338/5294
f 1914/5262/1770 5486/5261/4683 1915/5337/1771
f 1953/5340/1808 7235/5350/5917 6377/5338/5294
f 2325/5407/2162 2198/5421/2045 6428/5409/5328
f 5495/5342/4690 816/5422/781 785/5343/753
f 4472/5413/3914 3343/5260/3018 1918/5348/1774
f 1914/5262/1770 1915/5337/1771 1905/5354/1762
f 1948/5346/1803 6454/5345/5347 6462/5288/5352
f 6460/5415/5351 2320/5423/2158 2325/5407/2162
f 5494/5342/4689 7233/5424/5915 816/5422/781
f 2325/5407/2162 2320/5423/2158 2198/5421/2045
f 343/5351/326 2861/4991/2626 2859/5360/2624
f 816/5422/781 817/5425/782 785/5343/753
f 6906/5164/5673 7234/5013/5916 2197/4649/2044
f 6470/5426/4695 5501/5427/4695 6459/5428/4695
f 6460/5415/5351 5499/5429/4693 2320/5423/2158
f 6906/5421/5673 2322/5430/2160 7234/5431/5916
f 1344/5432/1277 6474/5275/1277 5502/5433/1277
f 2324/5433/2161 6475/5275/5359 1421/5277/1342
f 2320/5423/2158 4469/5430/3911 2198/5421/2045
f 5499/5429/4693 5497/5434/4691 2320/5423/2158
f 732/4333/701 4475/5162/3917 3720/4829/3329
f 4114/5435/3640 3294/5436/2981 5497/5434/4691
f 5497/5434/4691 3294/5436/2981 2320/5423/2158
f 2320/5423/2158 2318/5437/2156 4469/5430/3911
f 2322/5430/2160 2209/5438/2056 7234/5431/5916
f 1936/5347/1792 2843/5356/2610 2844/5358/2611
f 1330/5439/1263 3294/5436/2981 4114/5435/3640
f 5140/5440/4431 1897/5355/1754 1905/5354/1762
f 3294/5436/2981 2318/5437/2156 2320/5423/2158
f 763/5441/732 760/5201/729 6888/5202/5663
f 1701/5101/1589 7056/5204/5786 3356/5299/3029
f 5140/5440/4431 1905/5354/1762 5509/5442/4700
f 4466/5443/3908 4467/5444/3909 1872/5357/1731
f 7233/5424/5915 2161/5389/2008 816/5422/781
f 1897/5355/1754 5140/5440/4431 1863/5367/1722
f 1094/5445/1041 2318/5437/2156 3294/5436/2981
f 1863/5367/1722 5140/5440/4431 3713/5446/3324
f 7135/5209/5847 4135/5447/3658 4777/5030/4155
f 1094/5445/1041 5112/5448/4413 2318/5437/2156
f 2318/5437/2156 4468/5449/3910 4469/5430/3911
f 2328/5450/2164 1369/5451/1300 1094/5445/1041
f 1094/5445/1041 1369/5451/1300 5112/5448/4413
f 816/5422/781 2850/5452/2616 817/5425/782
f 3724/5453/3333 6893/5454/3333 4133/5455/3333
f 2318/5437/2156 2330/5456/2166 4468/5449/3910
f 3706/5457/999 7049/5384/999 1051/5458/999
f 3705/5457/3317 3711/5254/3322 202/5384/188
f 735/3954/704 737/4506/706 5086/5128/4392
f 6449/5320/5344 3723/5459/3332 3722/5321/3331
f 1866/5383/1725 1869/5365/1728 1863/5367/1722
f 5112/5448/4413 2330/5456/2166 2318/5437/2156
f 7230/5370/5912 1943/5460/1799 893/5461/857
f 2322/5430/2160 2317/5449/2155 2209/5438/2056
f 5112/5448/4413 2321/5462/2159 2330/5456/2166
f 1863/5367/1722 3713/5446/3324 1865/5463/1724
f 1866/5383/1725 1863/5367/1722 1865/5463/1724
f 5507/5464/4698 197/5244/183 467/5246/446
f 1865/5463/1724 3713/5446/3324 1867/5465/1726
f 7230/5370/5912 1941/5252/1797 1943/5460/1799
f 2161/5389/2008 3712/5249/3323 816/5422/781
f 816/5422/781 3712/5249/3323 2850/5452/2616
f 1021/5466/975 6396/5467/5309 2321/5462/2159
f 2321/5462/2159 6396/5467/5309 2330/5456/2166
f 1943/5460/1799 1941/5252/1797 1944/5393/1800
f 1705/5138/1592 2855/5468/2620 3308/5390/2993
f 1874/5392/1733 4466/5443/3908 1871/5369/1730
f 4790/5223/4168 4793/5469/4171 2865/5243/2628
f 2330/5470/2166 6396/5471/5309 5465/5472/4666
f 1866/5383/1725 1865/5463/1724 5111/5394/4412
f 2330/5456/2166 5465/4861/4666 24/5473/21
f 1874/5392/1733 3702/5391/3314 2106/5474/1954
f 499/5144/478 3313/5145/2996 2867/5475/2630
f 5118/5398/4416 1865/5463/1724 1867/5465/1726
f 820/5249/785 3350/5395/3024 818/5452/783
f 2317/5449/2155 3697/5476/3309 2209/5438/2056
f 5118/5398/4416 1867/5465/1726 1878/5477/1737
f 1053/5478/1001 1944/5393/1800 555/5396/533
f 1053/5478/1001 555/5396/533 1958/5479/1813
f 4455/4860/3898 6359/5054/5277 5464/4861/4665
f 24/5473/21 4468/5449/3910 2330/5456/2166
f 5111/5394/4412 1865/5463/1724 5118/5398/4416
f 3252/5480/340 357/5481/340 653/5050/340
f 2317/5449/2155 3666/5473/3283 3697/5476/3309
f 5465/4861/4666 6360/5482/5278 24/5473/21
f 2093/5397/1941 1892/5399/1749 1896/5483/1753
f 33/5054/29 6360/5482/5278 5465/4861/4666
f 164/4357/155 3648/4543/3266 6914/5335/5679
f 4804/5412/4181 638/5411/609 637/5484/608
f 102/5485/94 104/5414/96 4473/5413/3915
f 1951/5486/1806 6376/5338/5293 5119/5487/4417
f 1910/5416/1767 6483/5488/5361 191/5417/177
f 6376/5338/5293 1948/5346/1803 5119/5487/4417
f 742/5489/711 811/4931/776 356/5490/339
f 142/5336/133 6483/5488/5361 1909/5491/1766
f 358/5492/341 742/5489/711 356/5490/339
f 3351/5493/3025 1272/5494/1209 6432/5159/5331
f 1915/5337/1771 142/5336/133 1909/5491/1766
f 6432/5159/5331 1272/5494/1209 6392/5160/5305
f 6340/4931/5264 360/4998/343 4130/5490/3654
f 1953/5340/1808 1936/5347/1792 7235/5350/5917
f 1928/5495/1784 6486/5496/5364 6394/5497/5307
f 1948/5346/1803 6462/5288/5352 1952/5498/1807
f 1906/5499/1763 1915/5337/1771 1909/5491/1766
f 6406/5500/5315 1929/5501/1785 6898/5502/5668
f 1923/5503/1779 5481/5504/4679 6894/5505/5667
f 5473/5010/4673 1924/5506/1780 1603/5507/1496
f 5483/5009/4681 1924/5506/1780 5473/5010/4673
f 1905/5354/1762 1915/5337/1771 1906/5499/1763
f 3358/5508/3031 4130/5490/3654 360/4998/343
f 6462/5288/5352 5101/5290/4405 1952/5498/1807
f 1926/5509/1782 1602/5510/1495 1603/5511/1496
f 1936/5347/1792 2844/5358/2611 7235/5350/5917
f 5509/5442/4700 1905/5354/1762 1906/5499/1763
f 3358/5508/3031 360/4998/343 4779/5020/4157
f 5509/5442/4700 1906/5499/1763 7201/5512/5893
f 4797/5513/4175 5508/5514/4699 1907/5515/1764
f 175/5306/164 5084/5308/4391 5510/5516/4701
f 5138/5517/1723 5135/5518/1723 1864/5519/1723
f 3714/5519/3325 5137/5518/3325 3716/5520/3325
f 1523/5521/9 1880/5522/9 9/5523/9
f 1870/5524/1729 3715/5525/3326 1886/5526/1743
f 3713/5446/3324 3715/5525/3326 1870/5524/1729
f 1050/5527/998 893/5461/857 1943/5460/1799
f 4470/5382/3912 7050/5234/5780 4471/5233/3913
f 1944/5393/1800 1053/5478/1001 1943/5460/1799
f 1943/5460/1799 1053/5478/1001 1050/5527/998
f 352/5528/335 4779/5020/4157 359/5127/342
f 1417/5529/1339 6466/5530/5355 5126/5531/4423
f 1867/5465/1726 3713/5446/3324 1870/5524/1729
f 1867/5465/1726 1870/5524/1729 1878/5477/1737
f 1878/5477/1737 1870/5524/1729 1886/5526/1743
f 4463/5135/3905 2852/5323/2617 2854/5532/2619
f 200/5378/186 6350/5388/5270 196/5533/182
f 1878/5477/1737 1886/5526/1743 1892/5399/1749
f 3308/5140/2993 2855/5534/2620 498/5141/477
f 498/5535/477 2855/5536/2620 1893/5537/1750
f 5118/5398/4416 1878/5477/1737 1892/5399/1749
f 2856/5481/2621 2858/5127/2623 3249/5050/2950
f 3316/5144/2999 3717/5538/2999 3692/5146/2999
f 1896/5483/1753 4794/5539/4172 2093/5397/1941
f 2093/4923/1941 4794/5540/4172 2090/4467/1938
f 4731/4467/4119 2097/5540/1945 6501/5152/5376
f 1041/4924/991 1891/5541/1748 2107/5056/1955
f 637/5484/608 102/5485/94 4804/5412/4181
f 4474/5542/3916 102/5485/94 4473/5413/3915
f 1805/5404/1674 315/5543/299 340/5256/323
f 1273/5410/1210 1927/5412/1783 1272/5544/1209
f 5121/4363/331 5131/5062/331 348/5061/331
f 340/5256/323 315/5543/299 317/5545/301
f 1909/5491/1766 6483/5488/5361 1908/5546/1765
f 6483/5488/5361 1910/5416/1767 1908/5546/1765
f 1804/5547/1673 315/5543/299 1805/5404/1674
f 1928/5495/1784 1274/5548/1211 6486/5496/5364
f 1918/5348/1774 4467/5444/3909 4472/5413/3914
f 1909/5491/1766 1908/5546/1765 1906/5499/1763
f 1804/5547/1673 314/5549/298 315/5543/299
f 1782/5550/634 664/5497/634 6491/5551/634
f 6394/5497/5307 6486/5496/5364 6490/5551/5368
f 6487/5496/5365 5125/5552/4422 6485/5553/5363
f 6898/5502/5668 1929/5501/1785 6488/5554/5366
f 317/5545/301 315/5543/299 2860/5555/2625
f 6894/5505/5667 1501/5556/1413 1923/5503/1779
f 1422/5557/1343 6485/5553/5363 1924/5558/1780
f 314/5549/298 2860/5555/2625 315/5543/299
f 1925/5559/1781 1924/5558/1780 5125/5552/4422
f 1952/5498/1807 1437/5560/1355 5130/5561/4426
f 4467/5444/3909 1918/5348/1774 1872/5357/1731
f 1906/5499/1763 1908/5546/1765 190/5562/176
f 1603/5511/1496 1925/5559/1781 1926/5509/1782
f 314/5549/298 6908/5563/5675 2860/5555/2625
f 1926/5509/1782 1925/5559/1781 5132/5564/4427
f 7201/5512/5893 1906/5499/1763 190/5562/176
f 7053/5565/5783 186/5566/173 7057/5567/5787
f 6492/5568/5369 6412/5569/5320 5098/5510/4402
f 1932/5568/1788 1602/5510/1495 1926/5509/1782
f 1932/5568/1788 1926/5509/1782 1931/5564/1787
f 1952/5498/1807 5101/5290/4405 1437/5560/1355
f 1804/5547/1673 6908/5563/5675 314/5549/298
f 1907/5515/1764 7052/5570/5782 4795/5571/4173
f 4797/5513/4175 1907/5515/1764 4795/5571/4173
f 7052/5570/5782 7054/5572/5784 4795/5571/4173
f 168/5573/158 1912/5574/158 179/5575/158
f 7056/5204/5786 4802/5576/4179 3356/5299/3029
f 3356/5577/3029 4802/5578/4179 3355/5579/3028
f 188/5580/174 4799/5581/174 5139/5582/174
f 1885/5579/1742 4801/5578/4178 4800/5583/4177
f 3357/5577/3030 1885/5579/1742 4800/5583/4177
f 3358/5508/3031 4779/5020/4157 352/5528/335
f 352/5528/335 3719/5584/3328 354/5508/337
f 7136/5585/5848 3357/5577/3030 4800/5583/4177
f 5510/5516/4701 5084/5308/4391 4470/5382/3912
f 5136/5518/4430 172/5586/161 1894/5520/1751
f 1894/5520/1751 172/5586/161 4131/5587/3655
f 737/4506/706 353/5366/336 5086/5128/4392
f 4466/5443/3908 1872/5357/1731 1871/5369/1730
f 1900/5588/1757 3715/5525/3326 185/5589/172
f 1006/5590/961 199/5591/185 589/5592/564
f 200/5378/186 6493/5593/5370 468/5379/447
f 589/5592/564 198/5594/184 1006/5590/961
f 1886/5526/1743 3715/5525/3326 1900/5588/1757
f 1877/5595/1736 3721/5596/3330 5128/5597/4425
f 6466/5530/5355 3721/5596/3330 1877/5595/1736
f 5128/5597/4425 1875/5531/1734 1877/5595/1736
f 196/5533/182 6493/5593/5370 200/5378/186
f 1886/5526/1743 1900/5588/1757 1896/5483/1753
f 2853/5598/2618 1417/5529/1339 5126/5531/4423
f 6466/5530/5355 1877/5595/1736 5126/5531/4423
f 936/5599/899 1417/5529/1339 2853/5598/2618
f 1901/5600/1758 1896/5483/1753 1900/5588/1757
f 1297/5598/1234 5512/5601/4703 1298/5536/1235
f 1298/5536/1235 5512/5601/4703 1889/5602/1746
f 1892/5399/1749 1886/5526/1743 1896/5483/1753
f 589/5592/564 1759/5603/1639 198/5594/184
f 5141/5327/4432 5513/5235/4704 3200/4441/2912
f 2857/5481/2622 352/5528/335 359/5127/342
f 2862/5604/566 2864/5605/566 591/5606/566
f 6468/5607/5356 4782/5608/4160 198/5594/184
f 6350/5388/5270 3338/5609/3015 196/5533/182
f 1759/5603/1639 6468/5607/5356 198/5594/184
f 2868/5537/2631 1298/5536/1235 1889/5602/1746
f 3718/5538/3327 499/5144/478 2867/5475/2630
f 3718/5610/3327 2867/5537/2630 2866/5611/2629
f 1890/5611/1747 2868/5537/2631 1889/5602/1746
f 4794/5539/4172 1901/5600/1758 6500/5612/5375
f 6468/5607/5356 371/5613/354 4782/5608/4160
f 3694/5614/3306 500/5610/479 2873/5615/2634
f 2107/5616/1955 1884/5617/1741 4092/5474/3621
f 181/5618/40 165/5619/40 46/5620/40
f 5519/5621/4710 5516/5622/4707 1911/5623/1768
f 4804/5412/4181 102/5485/94 4474/5542/3916
f 1930/5624/1786 1927/5412/1783 1920/5542/1776
f 1272/5544/1209 1927/5412/1783 1930/5624/1786
f 6392/5160/5305 1272/5494/1209 6489/5625/5367
f 6489/5626/5367 1272/5627/1209 1930/5628/1786
f 6489/5548/5367 1930/5624/1786 1922/5629/1778
f 1948/5346/1803 5130/5561/4426 5119/5487/4417
f 1922/5629/1778 1930/5624/1786 1920/5542/1776
f 1922/5629/1778 1920/5542/1776 5125/5552/4422
f 5125/5552/4422 1920/5542/1776 1895/5444/1752
f 1895/5444/1752 1920/5542/1776 1919/5413/1775
f 6487/5496/5365 6489/5548/5367 1922/5629/1778
f 1948/5346/1803 1952/5498/1807 5130/5561/4426
f 6487/5496/5365 1922/5629/1778 5125/5552/4422
f 1908/5546/1765 1910/5416/1767 186/5566/173
f 1924/5558/1780 6485/5553/5363 5125/5552/4422
f 358/5492/341 356/5490/339 355/5630/338
f 1603/5511/1496 1924/5558/1780 1925/5559/1781
f 1925/5559/1781 1921/5552/1777 5132/5564/4427
f 190/5562/176 1908/5546/1765 186/5566/173
f 5133/5564/4428 5125/5552/4422 1895/5444/1752
f 355/5630/338 356/5490/339 354/5508/337
f 7053/5565/5783 190/5562/176 186/5566/173
f 6412/5569/5320 6492/5568/5369 1398/5631/1323
f 6492/5632/5369 5133/5633/4428 4803/5634/4180
f 4803/5578/4180 5133/5564/4428 1895/5444/1752
f 4803/5578/4180 1895/5444/1752 5127/5597/4424
f 5127/5597/4424 1895/5444/1752 1873/5443/1732
f 1881/5583/1739 1882/5578/1739 5129/5597/1739
f 3719/5584/3328 355/5630/338 354/5508/337
f 4796/5571/4174 171/5635/160 5134/5636/4429
f 4796/5571/4174 5134/5636/4429 4798/5513/4176
f 187/5637/159 170/5513/159 169/5636/159
f 5134/5636/4429 171/5635/160 3359/5638/3032
f 3359/5638/3032 171/5635/160 3360/5639/3033
f 4134/5640/3657 7136/5585/5848 1876/5597/1735
f 7136/5585/5848 4800/5583/4177 1876/5597/1735
f 172/5638/161 174/5639/163 4131/5641/3655
f 738/5642/707 3719/5584/3328 352/5528/335
f 4132/5640/3656 3721/5596/3330 1887/5643/1744
f 5127/5597/4424 1873/5443/1732 5126/5531/4423
f 185/5589/172 1904/5644/1761 1901/5600/1758
f 1901/5600/1758 1900/5588/1757 185/5589/172
f 740/5645/709 738/5642/707 352/5528/335
f 1874/5392/1733 5126/5531/4423 1873/5443/1732
f 2853/5598/2618 5126/5531/4423 5511/5601/4702
f 196/5533/182 1758/5646/1638 6493/5593/5370
f 5511/5601/4702 5126/5531/4423 1874/5392/1733
f 740/5645/709 352/5528/335 2857/5481/2622
f 5511/5601/4702 1874/5392/1733 2871/5617/2633
f 196/5533/182 3338/5609/3015 1758/5646/1638
f 654/5480/624 740/5645/709 2857/5481/2622
f 3338/5609/3015 1759/5603/1639 1758/5646/1638
f 2872/5602/1740 1883/5601/1740 2869/5617/1740
f 1896/5483/1753 1901/5600/1758 4794/5539/4172
f 1759/5603/1639 3338/5609/3015 6468/5607/5356
f 2106/5474/1954 2871/5617/2633 1874/5392/1733
f 2873/5615/2634 500/5610/479 1890/5611/1747
f 2870/5617/2632 1890/5611/1747 1889/5602/1746
f 2873/5615/2634 1890/5611/1747 2870/5617/2632
f 501/5334/480 1891/5541/1748 1041/4924/991
f 2107/5616/1955 1891/5615/1748 1884/5617/1741
f 1902/5647/1759 184/5648/171 2087/5649/1935
f 184/5648/171 2828/5650/2596 2087/5649/1935
f 189/5622/175 6915/5619/5680 1911/5623/1768
f 1910/5416/1767 1911/5418/1768 180/5651/168
f 4476/5652/3918 341/5265/324 4477/5653/3919
f 341/5265/324 175/5306/164 4477/5653/3919
f 1398/5654/1323 6492/5632/5369 4803/5634/4180
f 4796/5655/4174 7057/5656/5787 173/5657/162
f 185/5641/172 3360/5639/3033 1904/5658/1761
f 4132/5640/3656 5128/5597/4425 3721/5596/3330
f 1901/5600/1758 1904/5644/1761 1903/5659/1760
f 4471/5233/3913 5513/5235/4704 5141/5327/4432
f 1901/5600/1758 1903/5659/1760 6500/5612/5375
f 6439/5259/5338 341/5265/324 4476/5652/3918
f 186/5566/173 1910/5416/1767 180/5651/168
f 186/5660/173 180/5661/168 178/5662/167
f 173/5663/162 178/5662/167 176/5664/165
f 173/5663/162 6913/5665/5678 45/5666/39
f 171/5635/160 4796/5571/4174 173/5663/162
f 171/5635/160 173/5663/162 3360/5639/3033
f 48/5667/42 3360/5639/3033 45/5666/39
f 3360/5639/3033 48/5667/42 182/5668/169
f 3360/5639/3033 182/5668/169 1904/5658/1761
f 1903/5669/1760 1904/5658/1761 182/5668/169
f 1903/5669/1760 182/5668/169 183/5670/170
f 1903/5669/1760 183/5670/170 7202/5648/5894
f 1911/5623/1768 6915/5619/5680 6438/5618/5337
f 177/5671/166 1911/5623/1768 6438/5618/5337
f 180/5661/168 1911/5623/1768 177/5671/166
f 177/5671/166 6438/5618/5337 43/5672/37
f 178/5662/167 180/5661/168 177/5671/166
f 178/5662/167 177/5671/166 176/5664/165
f 176/5664/165 177/5671/166 43/5672/37
f 7057/5673/5787 186/5660/173 178/5662/167
f 176/5664/165 43/5672/37 44/5674/38
f 173/5663/162 176/5664/165 44/5674/38
f 173/5663/162 7057/5673/5787 178/5662/167
f 173/5663/162 44/5674/38 6913/5665/5678
f 173/5663/162 45/5666/39 3360/5639/3033
f 182/5668/169 48/5667/42 49/5675/43
f 183/5670/170 182/5668/169 49/5675/43
f 183/5670/170 49/5675/43 51/5676/45
f 7202/5648/5894 183/5670/170 51/5676/45
f 6500/5647/5375 1903/5669/1760 7202/5648/5894
f 7202/5648/5894 51/5676/45 2086/5650/1934
